ISO-10303-21;
HEADER;
FILE_DESCRIPTION (( 'STEP AP203' ),
    '1' );
FILE_NAME ('Right Front Suspension Upright (Updated).STEP',
    '2024-03-01T04:08:00',
    ( '' ),
    ( '' ),
    'SwSTEP 2.0',
    'SolidWorks 2023',
    '' );
FILE_SCHEMA (( 'CONFIG_CONTROL_DESIGN' ));
ENDSEC;

DATA;
#1 = FACE_OUTER_BOUND ( 'NONE', #1428, .T. ) ;
#2 = CARTESIAN_POINT ( 'NONE',  ( 413.9999999999999432, 536.0886861333490288, 36.95392536011551954 ) ) ;
#3 = LINE ( 'NONE', #8703, #2195 ) ;
#4 = VERTEX_POINT ( 'NONE', #8394 ) ;
#5 = CARTESIAN_POINT ( 'NONE',  ( 481.0009999999999195, 421.6000000000000227, 14.23922846596874692 ) ) ;
#6 = CARTESIAN_POINT ( 'NONE',  ( 444.1935338925737256, 536.9125656416484844, 27.36303586695692047 ) ) ;
#7 = CARTESIAN_POINT ( 'NONE',  ( 441.3535533905932198, 421.5999999999999659, -2.760771534031256191 ) ) ;
#8 = AXIS2_PLACEMENT_3D ( 'NONE', #2704, #1357, #9983 ) ;
#9 = CARTESIAN_POINT ( 'NONE',  ( 417.6012970314596373, 529.6494425288356069, -23.70970367150359692 ) ) ;
#10 = ORIENTED_EDGE ( 'NONE', *, *, #1181, .T. ) ;
#11 = EDGE_CURVE ( 'NONE', #9998, #5669, #249, .T. ) ;
#12 = CARTESIAN_POINT ( 'NONE',  ( 471.0732000679998919, 303.3501970910192540, 24.98630178701351312 ) ) ;
#13 = ADVANCED_FACE ( 'NONE', ( #1006 ), #4173, .F. ) ;
#14 = VECTOR ( 'NONE', #9867, 1000.000000000000000 ) ;
#15 = VERTEX_POINT ( 'NONE', #3111 ) ;
#16 = CARTESIAN_POINT ( 'NONE',  ( 420.5869913601209760, 521.3656202355122105, 41.83759141263945480 ) ) ;
#17 = ORIENTED_EDGE ( 'NONE', *, *, #124, .F. ) ;
#18 = CARTESIAN_POINT ( 'NONE',  ( 438.0730317999999102, 504.1837287883886916, 56.58485080497849395 ) ) ;
#19 = DIRECTION ( 'NONE',  ( -0.000000000000000000, -0.000000000000000000, 1.000000000000000000 ) ) ;
#20 = VERTEX_POINT ( 'NONE', #5381 ) ;
#21 = CARTESIAN_POINT ( 'NONE',  ( 447.4999999999999432, 364.1507396592360806, 13.49089150335155907 ) ) ;
#22 = EDGE_CURVE ( 'NONE', #7508, #7552, #1913, .T. ) ;
#23 = CARTESIAN_POINT ( 'NONE',  ( 418.8526740142684730, 528.3604643982597509, -11.23507891194398134 ) ) ;
#24 = ORIENTED_EDGE ( 'NONE', *, *, #2331, .F. ) ;
#25 = AXIS2_PLACEMENT_3D ( 'NONE', #7093, #5657, #6479 ) ;
#26 = ADVANCED_FACE ( 'NONE', ( #6261 ), #3834, .T. ) ;
#27 = CARTESIAN_POINT ( 'NONE',  ( 443.4744798350860151, 521.9798812518249633, 55.23262153553496745 ) ) ;
#28 = EDGE_CURVE ( 'NONE', #6673, #9186, #6974, .T. ) ;
#29 = DIRECTION ( 'NONE',  ( 0.000000000000000000, 1.000000000000000000, 0.000000000000000000 ) ) ;
#30 = VERTEX_POINT ( 'NONE', #2328 ) ;
#31 = CARTESIAN_POINT ( 'NONE',  ( 444.2036872303954738, 489.6372423471116804, -30.98345923755075404 ) ) ;
#32 = ORIENTED_EDGE ( 'NONE', *, *, #451, .T. ) ;
#33 = CARTESIAN_POINT ( 'NONE',  ( 445.7686257377960715, 297.0294288212240872, 26.55969993208605473 ) ) ;
#34 = CARTESIAN_POINT ( 'NONE',  ( 440.9999999999998295, 436.1000000000002501, -6.760771534031310814 ) ) ;
#35 = ORIENTED_EDGE ( 'NONE', *, *, #3793, .F. ) ;
#36 = AXIS2_PLACEMENT_3D ( 'NONE', #4998, #3403, #6551 ) ;
#37 = AXIS2_PLACEMENT_3D ( 'NONE', #9761, #3471, #5906 ) ;
#38 = CARTESIAN_POINT ( 'NONE',  ( 447.4881096576920072, 429.6000000000001364, 12.72555306632124683 ) ) ;
#39 = CARTESIAN_POINT ( 'NONE',  ( 442.6000000000000227, 296.1992877222083393, -23.06067971584050724 ) ) ;
#40 = ORIENTED_EDGE ( 'NONE', *, *, #7104, .F. ) ;
#41 = CIRCLE ( 'NONE', #7320, 4.000000000000003553 ) ;
#42 = CARTESIAN_POINT ( 'NONE',  ( 451.3999999999995225, 291.0865345236168764, -12.91959428831031964 ) ) ;
#43 = ADVANCED_FACE ( 'NONE', ( #2912 ), #3936, .F. ) ;
#44 = CYLINDRICAL_SURFACE ( 'NONE', #3493, 4.000000000000027534 ) ;
#45 = CARTESIAN_POINT ( 'NONE',  ( 440.9999999999996589, 296.3703994785332156, 18.80144691864311923 ) ) ;
#46 = ORIENTED_EDGE ( 'NONE', *, *, #3832, .T. ) ;
#47 = CARTESIAN_POINT ( 'NONE',  ( 448.7312027884034364, 420.4975704331799875, 17.87410139187237590 ) ) ;
#48 = FACE_OUTER_BOUND ( 'NONE', #5232, .T. ) ;
#49 = CARTESIAN_POINT ( 'NONE',  ( 445.3999999999709871, 295.9002012323454665, 25.97548556758775717 ) ) ;
#50 = AXIS2_PLACEMENT_3D ( 'NONE', #961, #5463, #1405 ) ;
#51 = EDGE_CURVE ( 'NONE', #10228, #3553, #7522, .T. ) ;
#52 = CARTESIAN_POINT ( 'NONE',  ( 441.0000000000000000, 297.3471304468749850, 17.30401987014100484 ) ) ;
#53 = VECTOR ( 'NONE', #2213, 1000.000000000000000 ) ;
#54 = LINE ( 'NONE', #782, #3101 ) ;
#55 = CARTESIAN_POINT ( 'NONE',  ( 440.9999999999999432, 411.6000000000000227, 14.23922846596874514 ) ) ;
#56 = ORIENTED_EDGE ( 'NONE', *, *, #9791, .T. ) ;
#57 = CARTESIAN_POINT ( 'NONE',  ( 442.5999999999999091, 295.3753141677002532, -20.46651956626698166 ) ) ;
#58 = AXIS2_PLACEMENT_3D ( 'NONE', #5713, #6644, #5877 ) ;
#59 = DIRECTION ( 'NONE',  ( -0.000000000000000000, -1.000000000000000000, 0.000000000000000000 ) ) ;
#60 = CARTESIAN_POINT ( 'NONE',  ( 413.9999999999999432, 526.7104643982597736, 56.58485080497850817 ) ) ;
#61 = CARTESIAN_POINT ( 'NONE',  ( 480.9999999999999432, 362.4938854097436547, 29.72877838309286602 ) ) ;
#62 = DIRECTION ( 'NONE',  ( 0.000000000000000000, 0.000000000000000000, -1.000000000000000000 ) ) ;
#63 = CARTESIAN_POINT ( 'NONE',  ( 444.0140279240281416, 538.3604643982594098, -7.763271607418591458 ) ) ;
#64 = EDGE_CURVE ( 'NONE', #3054, #2948, #10239, .T. ) ;
#65 = DIRECTION ( 'NONE',  ( 1.000000000000000000, 0.000000000000000000, 0.000000000000000000 ) ) ;
#66 = CONICAL_SURFACE ( 'NONE', #4231, 6.500000000000061284, 0.7853981633973372567 ) ;
#67 = AXIS2_PLACEMENT_3D ( 'NONE', #210, #5757, #9723 ) ;
#68 = DIRECTION ( 'NONE',  ( 1.000000000000000000, -2.996186134945139640E-16, -0.000000000000000000 ) ) ;
#69 = ORIENTED_EDGE ( 'NONE', *, *, #722, .T. ) ;
#70 = CARTESIAN_POINT ( 'NONE',  ( 414.0772278974450842, 533.7648985628046603, -20.15700652282895078 ) ) ;
#71 = EDGE_LOOP ( 'NONE', ( #2258, #6550, #6509, #7390, #320, #9552, #9425, #9327, #2125, #703, #4870, #9608 ) ) ;
#72 = FACE_OUTER_BOUND ( 'NONE', #7100, .T. ) ;
#73 = EDGE_LOOP ( 'NONE', ( #8184, #3768, #5002, #492 ) ) ;
#74 = CARTESIAN_POINT ( 'NONE',  ( 475.4999999999999432, 285.7438236647383292, 18.59122402630373472 ) ) ;
#75 = CARTESIAN_POINT ( 'NONE',  ( 441.3535533905932198, 415.1000000000000227, -9.260771534031263741 ) ) ;
#76 = EDGE_LOOP ( 'NONE', ( #1325, #8817, #8066, #526 ) ) ;
#77 = DIRECTION ( 'NONE',  ( 0.000000000000000000, 0.4230769230769394484, -0.9060937684145882187 ) ) ;
#78 = CARTESIAN_POINT ( 'NONE',  ( 451.4000000000002046, 288.0319606819750788, 21.78436391433555386 ) ) ;
#79 = ORIENTED_EDGE ( 'NONE', *, *, #7815, .T. ) ;
#80 = CARTESIAN_POINT ( 'NONE',  ( 435.5615163289720044, 463.7702349865914471, -46.41514919502149183 ) ) ;
#81 = CARTESIAN_POINT ( 'NONE',  ( 442.5999999999997954, 295.6905494934885041, 25.80326340690687204 ) ) ;
#82 = EDGE_CURVE ( 'NONE', #5725, #5487, #2400, .T. ) ;
#83 = ORIENTED_EDGE ( 'NONE', *, *, #3805, .F. ) ;
#84 = DIRECTION ( 'NONE',  ( -1.000000000000000000, 0.000000000000000000, -0.000000000000000000 ) ) ;
#85 = VERTEX_POINT ( 'NONE', #7027 ) ;
#86 = CARTESIAN_POINT ( 'NONE',  ( 440.9999999999999432, 446.6000000000000227, 53.58485080497843711 ) ) ;
#87 = CARTESIAN_POINT ( 'NONE',  ( 443.2460323588865663, 521.1119397318763049, 56.22930071646926820 ) ) ;
#88 = ORIENTED_EDGE ( 'NONE', *, *, #9316, .T. ) ;
#89 = EDGE_CURVE ( 'NONE', #8538, #3464, #3226, .T. ) ;
#90 = CARTESIAN_POINT ( 'NONE',  ( 449.0261868888245544, 429.6000000000001364, 15.69016325589472238 ) ) ;
#91 = ADVANCED_FACE ( 'NONE', ( #1458 ), #4064, .F. ) ;
#92 = LINE ( 'NONE', #2539, #3855 ) ;
#93 = EDGE_LOOP ( 'NONE', ( #9738, #7843, #670, #4040, #1547 ) ) ;
#94 = CIRCLE ( 'NONE', #5898, 15.00000000000004796 ) ;
#95 = TOROIDAL_SURFACE ( 'NONE', #1434, 3.500000000000003109, 4.000000000000000000 ) ;
#96 = LINE ( 'NONE', #3263, #2452 ) ;
#97 = CARTESIAN_POINT ( 'NONE',  ( 336.0902124738105385, 5.567196476600537736, 32.07076488355568955 ) ) ;
#98 = ADVANCED_FACE ( 'NONE', ( #7662 ), #8506, .F. ) ;
#99 = CARTESIAN_POINT ( 'NONE',  ( 475.4999999999999432, 286.8333081229242225, -15.60649365081390094 ) ) ;
#100 = ADVANCED_FACE ( 'NONE', ( #3742 ), #7183, .F. ) ;
#101 = EDGE_LOOP ( 'NONE', ( #2221, #9486, #4777, #7608 ) ) ;
#102 = DIRECTION ( 'NONE',  ( 0.000000000000000000, -0.4230769230769665934, 0.9060937684145756732 ) ) ;
#103 = DIRECTION ( 'NONE',  ( 0.000000000000000000, -1.000000000000000000, 0.000000000000000000 ) ) ;
#104 = CARTESIAN_POINT ( 'NONE',  ( 451.4000000000141881, 294.6154312033272618, 24.40480092074522034 ) ) ;
#105 = DIRECTION ( 'NONE',  ( 0.000000000000000000, -1.000000000000000000, 0.000000000000000000 ) ) ;
#106 = CARTESIAN_POINT ( 'NONE',  ( 413.9999999999999432, 453.0999999999999659, 38.58485080497850106 ) ) ;
#107 = VERTEX_POINT ( 'NONE', #1553 ) ;
#108 = EDGE_CURVE ( 'NONE', #9991, #8676, #5371, .T. ) ;
#109 = DIRECTION ( 'NONE',  ( 0.000000000000000000, 1.000000000000000000, 0.000000000000000000 ) ) ;
#110 = ORIENTED_EDGE ( 'NONE', *, *, #2205, .T. ) ;
#111 = CARTESIAN_POINT ( 'NONE',  ( 480.9999999999999432, 458.1912265117932179, 0.1778581151391607218 ) ) ;
#112 = AXIS2_PLACEMENT_3D ( 'NONE', #7897, #5366, #2360 ) ;
#113 = CARTESIAN_POINT ( 'NONE',  ( 449.5000000000000568, 453.0999999999999659, 18.23922846596880731 ) ) ;
#114 = DIRECTION ( 'NONE',  ( -0.5000000000000019984, 0.8660254037844374864, 0.000000000000000000 ) ) ;
#115 = CARTESIAN_POINT ( 'NONE',  ( 480.9039704651792135, 461.3500000000000227, 38.58485080497850106 ) ) ;
#116 = CARTESIAN_POINT ( 'NONE',  ( 336.0902124738105385, 368.6336969887955775, 37.50950450849854434 ) ) ;
#117 = CARTESIAN_POINT ( 'NONE',  ( 444.4496953227330778, 535.9164715318494245, -6.940347716774122766 ) ) ;
#118 = DIRECTION ( 'NONE',  ( 0.000000000000000000, -1.000000000000000000, 0.000000000000000000 ) ) ;
#119 = AXIS2_PLACEMENT_3D ( 'NONE', #6900, #2253, #10196 ) ;
#120 = DIRECTION ( 'NONE',  ( 1.000000000000000000, -0.000000000000000000, -0.000000000000000000 ) ) ;
#121 = VERTEX_POINT ( 'NONE', #9201 ) ;
#122 = DIRECTION ( 'NONE',  ( -1.000000000000000000, 0.000000000000000000, -0.000000000000000000 ) ) ;
#123 = ADVANCED_FACE ( 'NONE', ( #6211 ), #66, .F. ) ;
#124 = EDGE_CURVE ( 'NONE', #107, #9920, #1243, .T. ) ;
#125 = ORIENTED_EDGE ( 'NONE', *, *, #7638, .F. ) ;
#126 = DIRECTION ( 'NONE',  ( 1.000000000000000000, 0.000000000000000000, 0.000000000000000000 ) ) ;
#127 = VERTEX_POINT ( 'NONE', #8438 ) ;
#128 = CARTESIAN_POINT ( 'NONE',  ( 447.5000000000000000, 362.4938854097437115, -23.15758699032833334 ) ) ;
#129 = CIRCLE ( 'NONE', #1619, 20.99999999999998224 ) ;
#130 = CARTESIAN_POINT ( 'NONE',  ( 414.9227883515069379, 528.1047243183220417, -24.21387294936806711 ) ) ;
#131 = VERTEX_POINT ( 'NONE', #4566 ) ;
#132 = CARTESIAN_POINT ( 'NONE',  ( 444.1220001124278269, 537.2792428638525735, -16.20568033891158777 ) ) ;
#133 = DIRECTION ( 'NONE',  ( 1.000000000000000000, 2.478716320810480276E-16, 0.000000000000000000 ) ) ;
#134 = VERTEX_POINT ( 'NONE', #1601 ) ;
#135 = DIRECTION ( 'NONE',  ( 0.1685852093758443415, -0.9856870838048465977, 1.748152959745244300E-16 ) ) ;
#136 = CARTESIAN_POINT ( 'NONE',  ( 442.5999999999999659, 297.3233250367959499, 26.62996359750182407 ) ) ;
#137 = EDGE_LOOP ( 'NONE', ( #5045, #2298, #10148 ) ) ;
#138 = DIRECTION ( 'NONE',  ( -1.000000000000000000, -2.478716320810480276E-16, -0.000000000000000000 ) ) ;
#139 = VERTEX_POINT ( 'NONE', #8839 ) ;
#140 = DIRECTION ( 'NONE',  ( -1.000000000000000000, -2.478716320810480276E-16, -0.000000000000000000 ) ) ;
#141 = VECTOR ( 'NONE', #5596, 1000.000000000000000 ) ;
#142 = CARTESIAN_POINT ( 'NONE',  ( 447.5862394013893208, 519.8451329594830668, 56.32110252596033462 ) ) ;
#143 = ORIENTED_EDGE ( 'NONE', *, *, #8588, .F. ) ;
#144 = DIRECTION ( 'NONE',  ( 0.000000000000000000, 0.000000000000000000, 1.000000000000000000 ) ) ;
#145 = CARTESIAN_POINT ( 'NONE',  ( 442.5999999999998522, 295.3501307404129648, -19.98027775427914676 ) ) ;
#146 = ORIENTED_EDGE ( 'NONE', *, *, #7304, .T. ) ;
#147 = AXIS2_PLACEMENT_3D ( 'NONE', #6375, #2395, #8088 ) ;
#148 = ADVANCED_FACE ( 'NONE', ( #8730 ), #8783, .F. ) ;
#149 = LINE ( 'NONE', #3313, #10198 ) ;
#150 = DIRECTION ( 'NONE',  ( 1.000000000000000000, 0.000000000000000000, 0.000000000000000000 ) ) ;
#151 = EDGE_CURVE ( 'NONE', #8451, #4302, #8890, .T. ) ;
#152 = CARTESIAN_POINT ( 'NONE',  ( 480.9999999999999432, 411.7398115790518887, 47.81516158220465940 ) ) ;
#153 = VERTEX_POINT ( 'NONE', #9661 ) ;
#154 = CARTESIAN_POINT ( 'NONE',  ( 336.0902124738105385, 351.9938854097436547, 25.30586396188315490 ) ) ;
#155 = CARTESIAN_POINT ( 'NONE',  ( 417.0263064457442397, 521.8524936877659002, 55.22313459181190609 ) ) ;
#156 = CARTESIAN_POINT ( 'NONE',  ( 480.9999999999999432, 449.6000000000000796, -32.91514919502149894 ) ) ;
#157 = CARTESIAN_POINT ( 'NONE',  ( 413.9989999999999668, 525.9549197069491129, 44.75525322684931240 ) ) ;
#158 = DIRECTION ( 'NONE',  ( 1.000000000000000000, 0.000000000000000000, 0.000000000000000000 ) ) ;
#159 = ORIENTED_EDGE ( 'NONE', *, *, #2707, .T. ) ;
#160 = ADVANCED_FACE ( 'NONE', ( #9449 ), #3720, .F. ) ;
#161 = EDGE_CURVE ( 'NONE', #3466, #10117, #2537, .T. ) ;
#162 = CARTESIAN_POINT ( 'NONE',  ( 480.9999999999999432, 538.3604643982594098, -3.763271607418768205 ) ) ;
#163 =( BOUNDED_SURFACE ( )  B_SPLINE_SURFACE ( 3, 2, ( 
 ( #2729, #1231, #6167 ),
 ( #9307, #3797, #5834 ),
 ( #5389, #8979, #8543 ),
 ( #4617, #1906, #3454 ),
 ( #4339, #5052, #4291 ),
 ( #8216, #3561, #337 ),
 ( #1129, #7426, #5890 ),
 ( #6704, #5939, #3504 ),
 ( #6657, #5101, #9075 ),
 ( #2006, #5149, #3220 ),
 ( #10137, #4057, #9356 ),
 ( #7979, #7194, #675 ),
 ( #8638, #729, #4662 ),
 ( #1662, #6321, #3896 ),
 ( #3120, #4710, #7034 ),
 ( #2290, #104, #3066 ),
 ( #4760, #3945, #779 ),
 ( #6374, #3998, #6218 ),
 ( #3844, #3271, #7923 ),
 ( #6421, #9512, #9563 ),
 ( #8793, #832, #4810 ),
 ( #10235, #5541, #2494 ),
 ( #10185, #5435, #5646 ),
 ( #8587, #4867, #1610 ),
 ( #2444, #7138, #6985 ),
 ( #49, #1511, #1722 ),
 ( #7824, #5591, #7084 ),
 ( #1565, #8741, #886 ),
 ( #6270, #9407, #2337 ),
 ( #3167, #5482, #7871 ),
 ( #8693, #9460, #2394 ),
 ( #5812, #1830, #4216 ),
 ( #6581, #1778, #3320 ),
 ( #2551, #7246, #1933 ),
 ( #6472, #5865, #9778 ),
 ( #267, #1160, #4111 ),
 ( #9615, #7356, #5080 ),
 ( #5707, #4919, #8243 ),
 ( #1107, #4268, #7407 ),
 ( #9725, #3433, #2658 ),
 ( #8140, #8849, #3380 ),
 ( #8955, #1882, #317 ),
 ( #3484, #8087, #4976 ),
 ( #6636, #1047, #5027 ),
 ( #8033, #2709, #4162 ),
 ( #8193, #9007, #942 ) ),
 .UNSPECIFIED., .F., .F., .T. ) 
 B_SPLINE_SURFACE_WITH_KNOTS ( ( 4, 2, 2, 2, 2, 2, 2, 2, 2, 2, 2, 2, 2, 2, 2, 2, 2, 2, 2, 2, 2, 2, 4 ),
 ( 3, 3 ),
 ( 0.000000000000000000, 0.003056912774464235101, 0.004585369161696353085, 0.006113825548928470202, 0.009170738323392706171, 0.01069919471062482329, 0.01222765109785694040, 0.01528456387232117637, 0.01604879206593723406, 0.01681302025955329349, 0.01834147664678541234, 0.01910570484040147177, 0.01986993303401753119, 0.02139838942124964657, 0.02292684580848176196, 0.02369107400209782138, 0.02407318809890585110, 0.02426424514730986595, 0.02428812727836036911, 0.02430006834388561895, 0.02431200940941086880, 0.02435977367151187511, 0.02445530219571388081 ),
 ( 0.000000000000000000, 1.000000000000000000 ),
 .UNSPECIFIED. ) 
 GEOMETRIC_REPRESENTATION_ITEM ( )  RATIONAL_B_SPLINE_SURFACE ( (
 ( 1.000000000000000000, 0.7071067811865443531, 1.000000000000000000),
 ( 1.000000000000000000, 0.7071067811865443531, 1.000000000000000000),
 ( 1.000000000000000000, 0.7071067811865475727, 1.000000000000000000),
 ( 1.000000000000000000, 0.7071067811865475727, 1.000000000000000000),
 ( 1.000000000000000000, 0.7071067811865442421, 1.000000000000000000),
 ( 1.000000000000000000, 0.7071067811865442421, 1.000000000000000000),
 ( 1.000000000000000000, 0.7071067811865475727, 1.000000000000000000),
 ( 1.000000000000000000, 0.7071067811865475727, 1.000000000000000000),
 ( 1.000000000000000000, 0.7071067811865442421, 1.000000000000000000),
 ( 1.000000000000000000, 0.7071067811865442421, 1.000000000000000000),
 ( 1.000000000000000000, 0.7071067811865442421, 1.000000000000000000),
 ( 1.000000000000000000, 0.7071067811865442421, 1.000000000000000000),
 ( 1.000000000000000000, 0.7071067811865442421, 1.000000000000000000),
 ( 1.000000000000000000, 0.7071067811865442421, 1.000000000000000000),
 ( 1.000000000000000000, 0.7071067811865507924, 1.000000000000000000),
 ( 1.000000000000000000, 0.7071067811865507924, 1.000000000000000000),
 ( 1.000000000000000000, 0.7071067811865442421, 1.000000000000000000),
 ( 1.000000000000000000, 0.7071067811865442421, 1.000000000000000000),
 ( 1.000000000000000000, 0.7071067811865540120, 1.000000000000000000),
 ( 1.000000000000000000, 0.7071067811865540120, 1.000000000000000000),
 ( 1.000000000000000000, 0.7071067811865507924, 1.000000000000000000),
 ( 1.000000000000000000, 0.7071067811865507924, 1.000000000000000000),
 ( 1.000000000000000000, 0.7071067811865443531, 1.000000000000000000),
 ( 1.000000000000000000, 0.7071067811865443531, 1.000000000000000000),
 ( 1.000000000000000000, 0.7071067811865507924, 1.000000000000000000),
 ( 1.000000000000000000, 0.7071067811865507924, 1.000000000000000000),
 ( 1.000000000000000000, 0.7071067811865442421, 1.000000000000000000),
 ( 1.000000000000000000, 0.7071067811865442421, 1.000000000000000000),
 ( 1.000000000000000000, 0.7071067811865507924, 1.000000000000000000),
 ( 1.000000000000000000, 0.7071067811865507924, 1.000000000000000000),
 ( 1.000000000000000000, 0.7071067811865442421, 1.000000000000000000),
 ( 1.000000000000000000, 0.7071067811865442421, 1.000000000000000000),
 ( 1.000000000000000000, 0.7071067811865442421, 1.000000000000000000),
 ( 1.000000000000000000, 0.7071067811865442421, 1.000000000000000000),
 ( 1.000000000000000000, 0.7071067811865442421, 1.000000000000000000),
 ( 1.000000000000000000, 0.7071067811865442421, 1.000000000000000000),
 ( 1.000000000000000000, 0.7071067811865507924, 1.000000000000000000),
 ( 1.000000000000000000, 0.7071067811865507924, 1.000000000000000000),
 ( 1.000000000000000000, 0.7071067811865442421, 1.000000000000000000),
 ( 1.000000000000000000, 0.7071067811865442421, 1.000000000000000000),
 ( 1.000000000000000000, 0.7071067811865442421, 1.000000000000000000),
 ( 1.000000000000000000, 0.7071067811865442421, 1.000000000000000000),
 ( 1.000000000000000000, 0.7071067811865442421, 1.000000000000000000),
 ( 1.000000000000000000, 0.7071067811865442421, 1.000000000000000000),
 ( 1.000000000000000000, 0.7071067811865442421, 1.000000000000000000),
 ( 1.000000000000000000, 0.7071067811865442421, 1.000000000000000000) ) ) 
 REPRESENTATION_ITEM ( '' )  SURFACE ( )  );
#164 = FACE_OUTER_BOUND ( 'NONE', #4543, .T. ) ;
#165 = DIRECTION ( 'NONE',  ( -1.000000000000000000, -0.000000000000000000, 0.000000000000000000 ) ) ;
#166 = EDGE_CURVE ( 'NONE', #9115, #9037, #3987, .T. ) ;
#167 = CARTESIAN_POINT ( 'NONE',  ( 443.9999999999999432, 541.6738595504142495, 25.86420064718342360 ) ) ;
#168 = VERTEX_POINT ( 'NONE', #8127 ) ;
#169 = DIRECTION ( 'NONE',  ( 0.000000000000000000, 0.9725907656757107889, 0.2325235526185131241 ) ) ;
#170 = CIRCLE ( 'NONE', #1008, 15.00000000000001421 ) ;
#171 = DIRECTION ( 'NONE',  ( 0.000000000000000000, 0.000000000000000000, 1.000000000000000000 ) ) ;
#172 = DIRECTION ( 'NONE',  ( -1.000000000000000000, -2.478716320810480276E-16, -0.000000000000000000 ) ) ;
#173 = VERTEX_POINT ( 'NONE', #8073 ) ;
#174 = CARTESIAN_POINT ( 'NONE',  ( 440.0000000000001137, 539.0699235175544572, 22.57432040038403187 ) ) ;
#175 = CARTESIAN_POINT ( 'NONE',  ( 453.6999999999999318, 474.8203841816037993, 10.50172846596876042 ) ) ;
#176 = CARTESIAN_POINT ( 'NONE',  ( 440.9999999999999432, 297.0491439700057299, -20.89126858100549811 ) ) ;
#177 = EDGE_CURVE ( 'NONE', #2985, #6343, #9553, .T. ) ;
#178 = EDGE_LOOP ( 'NONE', ( #6784, #3250, #4896, #3985 ) ) ;
#179 = CARTESIAN_POINT ( 'NONE',  ( 413.9989999999999668, 524.3604643982598645, -11.23507891194397246 ) ) ;
#180 = ORIENTED_EDGE ( 'NONE', *, *, #9200, .T. ) ;
#181 = DIRECTION ( 'NONE',  ( 0.000000000000000000, 1.000000000000000000, -1.374084517793742623E-16 ) ) ;
#182 = VECTOR ( 'NONE', #8353, 1000.000000000000000 ) ;
#183 = CARTESIAN_POINT ( 'NONE',  ( 442.3730669589464242, 491.5668708588110007, -26.14600096997784817 ) ) ;
#184 = ORIENTED_EDGE ( 'NONE', *, *, #9631, .T. ) ;
#185 = DIRECTION ( 'NONE',  ( -0.000000000000000000, 0.4562166212878220883, 0.8898687512553321577 ) ) ;
#186 = EDGE_CURVE ( 'NONE', #4681, #9707, #4382, .T. ) ;
#187 = EDGE_CURVE ( 'NONE', #8291, #2862, #4751, .T. ) ;
#188 = DIRECTION ( 'NONE',  ( 1.000000000000000000, 2.478716320810480276E-16, 0.000000000000000000 ) ) ;
#189 = ORIENTED_EDGE ( 'NONE', *, *, #2188, .T. ) ;
#190 = CIRCLE ( 'NONE', #6954, 37.99999999999997868 ) ;
#191 = CARTESIAN_POINT ( 'NONE',  ( 440.9999999999998863, 296.2037612306571646, 23.97267541927837797 ) ) ;
#192 = AXIS2_PLACEMENT_3D ( 'NONE', #6510, #2531, #7279 ) ;
#193 = LINE ( 'NONE', #2476, #9973 ) ;
#194 = VERTEX_POINT ( 'NONE', #1650 ) ;
#195 = CARTESIAN_POINT ( 'NONE',  ( 447.5000000000000000, 362.4938854097436547, 29.72877838309286602 ) ) ;
#196 = ORIENTED_EDGE ( 'NONE', *, *, #3775, .F. ) ;
#197 = CARTESIAN_POINT ( 'NONE',  ( 447.5000000000000000, 366.4938854097437115, -10.90910849664849813 ) ) ;
#198 = CARTESIAN_POINT ( 'NONE',  ( 452.2868568974893719, 517.8843367256420152, 56.55605651314193949 ) ) ;
#199 = VERTEX_POINT ( 'NONE', #5580 ) ;
#200 = CARTESIAN_POINT ( 'NONE',  ( 441.3535533905932198, 411.6000000000000227, -2.760771534031255303 ) ) ;
#201 = VECTOR ( 'NONE', #2308, 1000.000000000000000 ) ;
#202 = CYLINDRICAL_SURFACE ( 'NONE', #2538, 51.99999999999999289 ) ;
#203 = ORIENTED_EDGE ( 'NONE', *, *, #1492, .T. ) ;
#204 = CARTESIAN_POINT ( 'NONE',  ( 451.3999999999996930, 290.4306648658295558, -14.37994108163857732 ) ) ;
#205 = LINE ( 'NONE', #3264, #9805 ) ;
#206 = CARTESIAN_POINT ( 'NONE',  ( 441.0000000000000000, 295.6880496944109495, 21.04093910458289685 ) ) ;
#207 = ORIENTED_EDGE ( 'NONE', *, *, #4232, .T. ) ;
#208 = FACE_OUTER_BOUND ( 'NONE', #407, .T. ) ;
#209 = VECTOR ( 'NONE', #6716, 1000.000000000000000 ) ;
#210 = CARTESIAN_POINT ( 'NONE',  ( 441.3535533905932198, 411.6000000000000227, -9.260771534031263741 ) ) ;
#211 = EDGE_LOOP ( 'NONE', ( #838, #2744, #8562, #620, #6763, #3605 ) ) ;
#212 = CARTESIAN_POINT ( 'NONE',  ( 413.9999999999999432, 536.0886861333490288, -17.09448375015855603 ) ) ;
#213 = CARTESIAN_POINT ( 'NONE',  ( 461.9999999999998863, 429.6000000000000227, -32.91514919502149894 ) ) ;
#214 = DIRECTION ( 'NONE',  ( 1.000000000000000000, 0.000000000000000000, 0.000000000000000000 ) ) ;
#215 = VERTEX_POINT ( 'NONE', #4855 ) ;
#216 = VECTOR ( 'NONE', #5170, 1000.000000000000227 ) ;
#217 = FACE_OUTER_BOUND ( 'NONE', #427, .T. ) ;
#218 = CARTESIAN_POINT ( 'NONE',  ( 443.5000000000000000, 339.9394627972502008, 12.17533480644861577 ) ) ;
#219 = CARTESIAN_POINT ( 'NONE',  ( 445.7499999999929514, 453.1000000000071282, 1.164662208045642133 ) ) ;
#220 = EDGE_CURVE ( 'NONE', #3432, #3146, #235, .T. ) ;
#221 = AXIS2_PLACEMENT_3D ( 'NONE', #9770, #8948, #1040 ) ;
#222 = CARTESIAN_POINT ( 'NONE',  ( 480.9999999999999432, 286.8333081229242225, -15.60649365081390094 ) ) ;
#223 = AXIS2_PLACEMENT_3D ( 'NONE', #4275, #4170, #1892 ) ;
#224 = AXIS2_PLACEMENT_3D ( 'NONE', #8708, #8658, #5608 ) ;
#225 = CARTESIAN_POINT ( 'NONE',  ( 449.3451501957253527, 453.0999999999998522, 16.76681786735982982 ) ) ;
#226 = CARTESIAN_POINT ( 'NONE',  ( 444.0526910519122339, 537.8315305888216926, -7.737061166859331429 ) ) ;
#227 = ADVANCED_FACE ( 'NONE', ( #4044 ), #3708, .F. ) ;
#228 = CARTESIAN_POINT ( 'NONE',  ( 451.4000000000000341, 289.3700396661924970, -20.74663207323393621 ) ) ;
#229 = EDGE_CURVE ( 'NONE', #9478, #4302, #2736, .T. ) ;
#230 = DIRECTION ( 'NONE',  ( 0.000000000000000000, 0.000000000000000000, 1.000000000000000000 ) ) ;
#231 = EDGE_LOOP ( 'NONE', ( #6768, #9582, #3487, #4721 ) ) ;
#232 = CIRCLE ( 'NONE', #5685, 4.000000000000003553 ) ;
#233 =( BOUNDED_CURVE ( )  B_SPLINE_CURVE ( 3, ( #884, #7352, #264, #4109 ),
 .UNSPECIFIED., .F., .T. ) 
 B_SPLINE_CURVE_WITH_KNOTS ( ( 4, 4 ),
 ( 1.771352714021775521, 2.094395102393197483 ),
 .UNSPECIFIED. ) 
 CURVE ( )  GEOMETRIC_REPRESENTATION_ITEM ( )  RATIONAL_B_SPLINE_CURVE ( ( 1.000000000000000000, 0.9913225248680649360, 0.9913225248680649360, 1.000000000000000000 ) ) 
 REPRESENTATION_ITEM ( '' )  );
#234 = CONICAL_SURFACE ( 'NONE', #6027, 6.500000000000005329, 0.7853981633974482790 ) ;
#235 = CIRCLE ( 'NONE', #8649, 15.00000000000000355 ) ;
#236 = LINE ( 'NONE', #1012, #3649 ) ;
#237 = CARTESIAN_POINT ( 'NONE',  ( 447.4999999999999432, 366.4938854097437115, -6.209108496648497955 ) ) ;
#238 = CARTESIAN_POINT ( 'NONE',  ( 441.0000000000000568, 297.2942358007488224, -21.70391271340796635 ) ) ;
#239 = CARTESIAN_POINT ( 'NONE',  ( 449.5000000000000568, 446.6000000000000227, 18.23922846596880731 ) ) ;
#240 = ORIENTED_EDGE ( 'NONE', *, *, #8854, .T. ) ;
#241 = FACE_OUTER_BOUND ( 'NONE', #1409, .T. ) ;
#242 = FACE_OUTER_BOUND ( 'NONE', #2280, .T. ) ;
#243 = ORIENTED_EDGE ( 'NONE', *, *, #2961, .T. ) ;
#244 = DIRECTION ( 'NONE',  ( -1.000000000000000000, 0.000000000000000000, 0.000000000000000000 ) ) ;
#245 = CARTESIAN_POINT ( 'NONE',  ( 451.5414418880702669, 523.3427261707690832, -25.76810669303931789 ) ) ;
#246 = ORIENTED_EDGE ( 'NONE', *, *, #3683, .F. ) ;
#247 = EDGE_CURVE ( 'NONE', #1743, #6147, #5030, .T. ) ;
#248 = CARTESIAN_POINT ( 'NONE',  ( 441.0000000000002274, 295.6443517892958539, 21.60732375478117007 ) ) ;
#249 = B_SPLINE_CURVE_WITH_KNOTS ( 'NONE', 3,
 ( #4470, #8914, #2036, #225, #9989, #7613, #5659, #3391, #1842, #8860, #1734, #5184, #8099, #4877 ),
 .UNSPECIFIED., .F., .F.,
 ( 4, 2, 2, 2, 2, 2, 4 ),
 ( 0.01565351558179558025, 0.01677255777816628185, 0.01789159997453698345, 0.02012968436727836929, 0.02124872656364910212, 0.02236776876001983147, 0.02460585315276129018 ),
 .UNSPECIFIED. ) ;
#250 = CARTESIAN_POINT ( 'NONE',  ( 442.6000000000000227, 294.2519922180952108, 23.42832353583374427 ) ) ;
#251 = ORIENTED_EDGE ( 'NONE', *, *, #2439, .T. ) ;
#252 = DIRECTION ( 'NONE',  ( 1.186781181215596704E-15, 0.9852652672482582474, -0.1710331931357722546 ) ) ;
#253 = EDGE_LOOP ( 'NONE', ( #391, #4784, #2908, #8247 ) ) ;
#254 = DIRECTION ( 'NONE',  ( -1.000000000000000000, -0.000000000000000000, -0.000000000000000000 ) ) ;
#255 = CARTESIAN_POINT ( 'NONE',  ( 452.3744594821136502, 518.0970921098228246, 56.43801051371822552 ) ) ;
#256 = ORIENTED_EDGE ( 'NONE', *, *, #1688, .T. ) ;
#257 = DIRECTION ( 'NONE',  ( 1.000000000000000000, 0.000000000000000000, 0.000000000000000000 ) ) ;
#258 = CARTESIAN_POINT ( 'NONE',  ( 449.4999999999999432, 436.1000000000000227, -28.41514919502149183 ) ) ;
#259 = ORIENTED_EDGE ( 'NONE', *, *, #5881, .F. ) ;
#260 = B_SPLINE_SURFACE_WITH_KNOTS ( 'NONE', 5, 3, ( 
 ( #4748, #9496, #7911, #2430, #3787, #5379, #8727, #4564, #3002, #6156, #2232, #4608, #3056, #3831 ),
 ( #6209, #2279, #8577, #714, #6407, #9711, #926, #6513, #5010, #8888, #2480, #5743, #3257, #7282 ),
 ( #4042, #6568, #9603, #1867, #1814, #5630, #873, #2534, #8125, #8781, #6617, #7180, #5691, #1705 ),
 ( #8179, #4853, #8020, #6459, #4958, #1033, #4200, #2643, #7341, #9758, #8837, #198, #9551, #4095 ),
 ( #1763, #2693, #3469, #5791, #1090, #7232, #8938, #4255, #2591, #87, #142, #255, #3308, #3417 ),
 ( #4905, #8070, #7392, #980, #4147, #3361, #305, #9659, #5847, #1648, #4796, #7963, #2022, #4404 ),
 ( #4504, #9919, #8229, #506, #1920, #2120, #2842, #1247, #1345, #4454, #5269, #3625, #6865, #9137 ),
 ( #5165, #2743, #2794, #9870, #7489, #8993, #2074, #8424, #5218, #2942, #7440, #5065, #6002, #8328 ) ),
 .UNSPECIFIED., .F., .F., .F.,
 ( 6, 2, 6 ),
 ( 4, 1, 1, 1, 1, 1, 1, 1, 1, 1, 1, 4 ),
 ( 0.000000000000000000, 0.5000000000000000000, 1.000000000000000000 ),
 ( 0.07615298829820019155, 0.07884301960275920396, 0.08153305090731821636, 0.08422308221187724264, 0.08780979061795594898, 0.09229317612555427985, 0.09677656163315266624, 0.1003632700392313448, 0.1039499784453100234, 0.1084333639529083820, 0.1138134265620264207, 0.1191934891711444594 ),
 .UNSPECIFIED. ) ;
#261 = CARTESIAN_POINT ( 'NONE',  ( 451.4999999999999432, 421.6000000000000227, -13.46077153403123994 ) ) ;
#262 = DIRECTION ( 'NONE',  ( 0.000000000000000000, -0.1710331931357803315, -0.9852652672482568041 ) ) ;
#263 = EDGE_LOOP ( 'NONE', ( #5618, #5954, #203, #6060 ) ) ;
#264 = CARTESIAN_POINT ( 'NONE',  ( 476.8452645259883411, 479.3207974512084206, -40.13610200874304468 ) ) ;
#265 = FACE_OUTER_BOUND ( 'NONE', #7624, .T. ) ;
#266 = ORIENTED_EDGE ( 'NONE', *, *, #9771, .F. ) ;
#267 = CARTESIAN_POINT ( 'NONE',  ( 445.4000000000003752, 297.3084503846891948, 26.62637910147557463 ) ) ;
#268 = CARTESIAN_POINT ( 'NONE',  ( 441.1743353738212932, 421.3727707262366380, 16.53363486668332527 ) ) ;
#269 = LINE ( 'NONE', #4164, #3416 ) ;
#270 = EDGE_LOOP ( 'NONE', ( #5283, #2163, #7497, #4794, #1774, #5205 ) ) ;
#271 = AXIS2_PLACEMENT_3D ( 'NONE', #1118, #4988, #8303 ) ;
#272 = B_SPLINE_CURVE_WITH_KNOTS ( 'NONE', 3,
 ( #3749, #6936, #10086, #2043, #9062, #4379, #1992, #5191, #5138, #1271, #7572, #480, #7769, #2443, #7137, #8542, #1563, #4808, #1466, #831, #5434, #9305, #8692, #5387, #7033, #2392, #6984, #885, #4616, #10183 ),
 .UNSPECIFIED., .F., .F.,
 ( 4, 2, 2, 2, 2, 2, 2, 2, 2, 2, 2, 2, 2, 2, 4 ),
 ( 0.09452966296635653687, 0.1012779031047097711, 0.1046520231738862911, 0.1080261432430628110, 0.1114002633122393449, 0.1147743833814158648, 0.1181485034505923848, 0.1215226235197689048, 0.1232096835543571717, 0.1248967435889454247, 0.1282708636581219586, 0.1316449837272984646, 0.1350191037964749985, 0.1417673439348278441, 0.1485155840731807175 ),
 .UNSPECIFIED. ) ;
#273 = VECTOR ( 'NONE', #7394, 1000.000000000000000 ) ;
#274 = LINE ( 'NONE', #1836, #6786 ) ;
#275 = DIRECTION ( 'NONE',  ( -2.482414054536381163E-31, -8.285246452426542583E-16, 1.000000000000000000 ) ) ;
#276 = CARTESIAN_POINT ( 'NONE',  ( 428.9999999999999432, 458.1912265117932179, 46.58485080497850106 ) ) ;
#277 = DIRECTION ( 'NONE',  ( -1.000000000000000000, 0.000000000000000000, 0.000000000000000000 ) ) ;
#278 = CARTESIAN_POINT ( 'NONE',  ( 440.9999999999999432, 421.9535533905932425, -2.760771534031256191 ) ) ;
#279 = DIRECTION ( 'NONE',  ( 1.000000000000000000, -2.996186134945139640E-16, -0.000000000000000000 ) ) ;
#280 = CARTESIAN_POINT ( 'NONE',  ( 443.9999999999999432, 538.3604643982594098, -3.763271607418768205 ) ) ;
#281 = ORIENTED_EDGE ( 'NONE', *, *, #5736, .T. ) ;
#282 = CIRCLE ( 'NONE', #3262, 14.99999999999984723 ) ;
#283 = DIRECTION ( 'NONE',  ( 0.000000000000000000, 0.000000000000000000, 1.000000000000000000 ) ) ;
#284 = EDGE_CURVE ( 'NONE', #6331, #7159, #5634, .T. ) ;
#285 = PLANE ( 'NONE',  #5187 ) ;
#286 = EDGE_CURVE ( 'NONE', #1924, #3296, #3211, .T. ) ;
#287 = CARTESIAN_POINT ( 'NONE',  ( 443.9999999999824922, 546.4400537266633364, 2.137421963809695846 ) ) ;
#288 = ORIENTED_EDGE ( 'NONE', *, *, #8907, .T. ) ;
#289 = CARTESIAN_POINT ( 'NONE',  ( 461.9999999999998863, 433.1000000000000227, -32.91514919502149894 ) ) ;
#290 = CARTESIAN_POINT ( 'NONE',  ( 465.9999999999998863, 433.1000000000000227, -32.91514919502149894 ) ) ;
#291 = AXIS2_PLACEMENT_3D ( 'NONE', #10049, #7048, #5444 ) ;
#292 = DIRECTION ( 'NONE',  ( -0.000000000000000000, -1.387778780781445922E-16, -1.000000000000000000 ) ) ;
#293 = APPROVAL ( #5861, 'UNSPECIFIED' ) ;
#294 = CARTESIAN_POINT ( 'NONE',  ( 447.5000000000000000, 276.9938854097435978, 0.1778581151391607218 ) ) ;
#295 = ORIENTED_EDGE ( 'NONE', *, *, #595, .F. ) ;
#296 = EDGE_CURVE ( 'NONE', #10131, #7765, #6461, .T. ) ;
#297 = CARTESIAN_POINT ( 'NONE',  ( 440.9999999999997726, 295.8677609391153283, 20.12226997264427553 ) ) ;
#298 = CIRCLE ( 'NONE', #9884, 15.00000000000000355 ) ;
#299 = CARTESIAN_POINT ( 'NONE',  ( 465.9999999999998863, 457.1000000000000796, -32.91514919502149894 ) ) ;
#300 = ORIENTED_EDGE ( 'NONE', *, *, #6859, .T. ) ;
#301 = CARTESIAN_POINT ( 'NONE',  ( 443.9999999999999432, 545.5111933349534183, 19.60942170129256823 ) ) ;
#302 = ORIENTED_EDGE ( 'NONE', *, *, #9714, .F. ) ;
#303 = DIRECTION ( 'NONE',  ( 0.000000000000000000, 1.000000000000000000, 0.000000000000000000 ) ) ;
#304 = EDGE_CURVE ( 'NONE', #9276, #8335, #4019, .T. ) ;
#305 = CARTESIAN_POINT ( 'NONE',  ( 431.3063089310343798, 523.8431313723209541, 55.16822962468781100 ) ) ;
#306 = ORIENTED_EDGE ( 'NONE', *, *, #7037, .T. ) ;
#307 = CARTESIAN_POINT ( 'NONE',  ( 449.5000000000000000, 453.0999999999999659, -6.760771534031158048 ) ) ;
#308 = ORIENTED_EDGE ( 'NONE', *, *, #10014, .T. ) ;
#309 = CARTESIAN_POINT ( 'NONE',  ( 480.4473581494143559, 465.7755939575111483, -36.37452790536391234 ) ) ;
#310 = ORIENTED_EDGE ( 'NONE', *, *, #7443, .F. ) ;
#311 = CARTESIAN_POINT ( 'NONE',  ( 449.2529519679021632, 429.6000000000000796, -4.920663063110291446 ) ) ;
#312 = DIRECTION ( 'NONE',  ( 0.000000000000000000, 0.000000000000000000, 1.000000000000000000 ) ) ;
#313 = APPLICATION_PROTOCOL_DEFINITION ( 'international standard', 'config_control_design', 1994, #3353 ) ;
#314 = CARTESIAN_POINT ( 'NONE',  ( 443.5000000000000000, 368.9938854097437115, 6.790891503351495828 ) ) ;
#315 = CARTESIAN_POINT ( 'NONE',  ( 417.7818150050857184, 520.2637439909019577, 56.13807352575266663 ) ) ;
#316 = EDGE_LOOP ( 'NONE', ( #6494, #8782, #6017, #2838 ) ) ;
#317 = CARTESIAN_POINT ( 'NONE',  ( 451.3999999999999204, 295.9465007444885032, 32.46988736058130343 ) ) ;
#318 = DIRECTION ( 'NONE',  ( 0.4067989691281798659, -0.7045964829966473442, 0.5814278930916587651 ) ) ;
#319 = CARTESIAN_POINT ( 'NONE',  ( 443.5000000000000000, 245.2215044903739454, -5.471248194452694946 ) ) ;
#320 = ORIENTED_EDGE ( 'NONE', *, *, #5881, .T. ) ;
#321 = VECTOR ( 'NONE', #5071, 1000.000000000000000 ) ;
#322 = EDGE_CURVE ( 'NONE', #2980, #131, #3854, .T. ) ;
#323 = CARTESIAN_POINT ( 'NONE',  ( 447.4999999999999432, 413.6000000000000227, -30.64042097131219933 ) ) ;
#324 = FACE_OUTER_BOUND ( 'NONE', #6942, .T. ) ;
#325 = LINE ( 'NONE', #4171, #4048 ) ;
#326 = LINE ( 'NONE', #4468, #5158 ) ;
#327 = CARTESIAN_POINT ( 'NONE',  ( 424.0354967105164974, 525.9549197069491129, 44.75525322684931240 ) ) ;
#328 = FACE_OUTER_BOUND ( 'NONE', #253, .T. ) ;
#329 = DIRECTION ( 'NONE',  ( 0.000000000000000000, -0.2325235526185131241, 0.9725907656757108999 ) ) ;
#330 = ORIENTED_EDGE ( 'NONE', *, *, #3973, .F. ) ;
#331 = CARTESIAN_POINT ( 'NONE',  ( 440.0000000000000568, 542.8256244595493172, 16.00514696718303043 ) ) ;
#332 = CARTESIAN_POINT ( 'NONE',  ( 451.3999999999999204, 276.9938854097435978, 0.1778581151391607218 ) ) ;
#333 = CARTESIAN_POINT ( 'NONE',  ( 480.9999999999999432, 351.9938854097436547, 33.30586396188319043 ) ) ;
#334 = VECTOR ( 'NONE', #7213, 1000.000000000000114 ) ;
#335 = CARTESIAN_POINT ( 'NONE',  ( 440.0000000000000000, 545.5050413119957966, 0.2569179398364728195 ) ) ;
#336 = ORIENTED_EDGE ( 'NONE', *, *, #5597, .F. ) ;
#337 = CARTESIAN_POINT ( 'NONE',  ( 451.3999999999999204, 288.9535455298836268, 16.80719435038022169 ) ) ;
#338 = LINE ( 'NONE', #9076, #9876 ) ;
#339 = CARTESIAN_POINT ( 'NONE',  ( 429.6526740142684275, 554.7104643982598873, 19.92972080497848353 ) ) ;
#340 = CYLINDRICAL_SURFACE ( 'NONE', #2877, 4.000000000000003553 ) ;
#341 = ORIENTED_EDGE ( 'NONE', *, *, #5323, .T. ) ;
#342 = CIRCLE ( 'NONE', #1666, 7.500000000000003553 ) ;
#343 = EDGE_CURVE ( 'NONE', #3246, #1788, #8331, .T. ) ;
#344 = VECTOR ( 'NONE', #5534, 1000.000000000000000 ) ;
#345 = CARTESIAN_POINT ( 'NONE',  ( 440.9999999999999432, 295.7978408226444458, 23.01518171945338409 ) ) ;
#346 = CARTESIAN_POINT ( 'NONE',  ( 447.4999999999999432, 369.1256198646574376, -31.03970912831439932 ) ) ;
#347 = CIRCLE ( 'NONE', #1363, 4.000000000000003553 ) ;
#348 = ORIENTED_EDGE ( 'NONE', *, *, #1695, .T. ) ;
#349 = CARTESIAN_POINT ( 'NONE',  ( 443.9999999999999432, 541.6738595504136811, 25.86420064718407730 ) ) ;
#350 = ORIENTED_EDGE ( 'NONE', *, *, #5928, .T. ) ;
#351 = DIRECTION ( 'NONE',  ( 0.000000000000000000, 1.000000000000000000, 0.000000000000000000 ) ) ;
#352 = FACE_BOUND ( 'NONE', #6948, .T. ) ;
#353 = ORIENTED_EDGE ( 'NONE', *, *, #4871, .T. ) ;
#354 = EDGE_CURVE ( 'NONE', #7906, #9759, #9044, .T. ) ;
#355 = CARTESIAN_POINT ( 'NONE',  ( 440.9999999999999432, 346.4394627972502008, 12.17533480644866906 ) ) ;
#356 = DIRECTION ( 'NONE',  ( 1.000000000000000000, 0.000000000000000000, 0.000000000000000000 ) ) ;
#357 = EDGE_CURVE ( 'NONE', #9819, #4832, #9789, .T. ) ;
#358 = ORIENTED_EDGE ( 'NONE', *, *, #1834, .F. ) ;
#359 = AXIS2_PLACEMENT_3D ( 'NONE', #6404, #9547, #2478 ) ;
#360 = CARTESIAN_POINT ( 'NONE',  ( 480.9999999999999432, 458.1912265117932179, 56.58485080497850106 ) ) ;
#361 = EDGE_CURVE ( 'NONE', #1171, #6833, #3029, .T. ) ;
#362 = ORIENTED_EDGE ( 'NONE', *, *, #7168, .T. ) ;
#363 = CARTESIAN_POINT ( 'NONE',  ( 481.0009999999999764, 327.5394627972502235, 12.17533480644861577 ) ) ;
#364 = DIRECTION ( 'NONE',  ( 1.000000000000000000, -2.996186134945139640E-16, -0.000000000000000000 ) ) ;
#365 = DIRECTION ( 'NONE',  ( 0.000000000000000000, 0.000000000000000000, 1.000000000000000000 ) ) ;
#366 = CARTESIAN_POINT ( 'NONE',  ( 413.9999999999999432, 276.9938854097435978, 0.1778581151391607218 ) ) ;
#367 = VECTOR ( 'NONE', #7308, 1000.000000000000000 ) ;
#368 = ORIENTED_EDGE ( 'NONE', *, *, #10212, .T. ) ;
#369 = CARTESIAN_POINT ( 'NONE',  ( 480.9999999999999432, 433.1000000000000227, -32.91514919502149894 ) ) ;
#370 = CARTESIAN_POINT ( 'NONE',  ( 413.9989999999999668, 520.8631485070452527, 38.58485080497849395 ) ) ;
#371 = ORIENTED_EDGE ( 'NONE', *, *, #10155, .F. ) ;
#372 = ADVANCED_FACE ( 'NONE', ( #1250 ), #8231, .F. ) ;
#373 = CIRCLE ( 'NONE', #4820, 8.000000000000035527 ) ;
#374 = DIRECTION ( 'NONE',  ( -1.000000000000000000, 0.000000000000000000, 1.734723475976805517E-15 ) ) ;
#375 = CARTESIAN_POINT ( 'NONE',  ( 429.6526740142684275, 542.0104643982598418, 9.929720804978487081 ) ) ;
#376 = FACE_OUTER_BOUND ( 'NONE', #8271, .T. ) ;
#377 = EDGE_CURVE ( 'NONE', #6713, #3246, #4257, .T. ) ;
#378 = CC_DESIGN_APPROVAL ( #293, ( #8971 ) ) ;
#379 = CARTESIAN_POINT ( 'NONE',  ( 436.3108891324553156, 488.0668708588108871, 56.58485080497850817 ) ) ;
#380 = AXIS2_PLACEMENT_3D ( 'NONE', #4187, #7948, #8111 ) ;
#381 = CARTESIAN_POINT ( 'NONE',  ( 445.4000000000000341, 295.7158666816036998, -17.41954871289997442 ) ) ;
#382 = CIRCLE ( 'NONE', #6163, 8.000000000000007105 ) ;
#383 = CARTESIAN_POINT ( 'NONE',  ( 413.9999999999998295, 546.0248239687381329, -2.397725750246768595 ) ) ;
#384 = ORIENTED_EDGE ( 'NONE', *, *, #7432, .T. ) ;
#385 = DIRECTION ( 'NONE',  ( 0.000000000000000000, 1.000000000000000000, 3.885780586188044105E-14 ) ) ;
#386 = DIRECTION ( 'NONE',  ( -2.478716320810480276E-16, 1.000000000000000000, 0.000000000000000000 ) ) ;
#387 = VECTOR ( 'NONE', #392, 1000.000000000000000 ) ;
#388 = DIRECTION ( 'NONE',  ( 0.000000000000000000, 1.000000000000000000, 0.000000000000000000 ) ) ;
#389 = AXIS2_PLACEMENT_3D ( 'NONE', #3564, #7383, #5105 ) ;
#390 = CARTESIAN_POINT ( 'NONE',  ( 440.0000000000000568, 543.9248683508668591, 6.771491928482665124 ) ) ;
#391 = ORIENTED_EDGE ( 'NONE', *, *, #7187, .T. ) ;
#392 = DIRECTION ( 'NONE',  ( 2.478716320810480276E-16, -1.000000000000000000, 2.668805347656623720E-16 ) ) ;
#393 = DIRECTION ( 'NONE',  ( 0.000000000000000000, 0.000000000000000000, -1.000000000000000000 ) ) ;
#394 = CARTESIAN_POINT ( 'NONE',  ( 414.0772278974450842, 533.7648985628046603, -20.15700652282895078 ) ) ;
#395 = CIRCLE ( 'NONE', #6986, 7.500000000000000000 ) ;
#396 = PLANE ( 'NONE',  #389 ) ;
#397 = AXIS2_PLACEMENT_3D ( 'NONE', #8479, #10217, #7705 ) ;
#398 = ORIENTED_EDGE ( 'NONE', *, *, #11, .T. ) ;
#399 = CARTESIAN_POINT ( 'NONE',  ( 440.9999999999999432, 295.6433130875275310, 21.89233400649916206 ) ) ;
#400 = CARTESIAN_POINT ( 'NONE',  ( 447.5431322616364582, 365.8300438014605902, 12.48021416162800890 ) ) ;
#401 = TOROIDAL_SURFACE ( 'NONE', #896, 37.00000000000000711, 4.000000000000000000 ) ;
#402 = EDGE_LOOP ( 'NONE', ( #792, #7751, #2284, #3907 ) ) ;
#403 = CARTESIAN_POINT ( 'NONE',  ( 443.9999999999999432, 546.8661449025921684, 3.075269054610371366 ) ) ;
#404 = ORIENTED_EDGE ( 'NONE', *, *, #3155, .F. ) ;
#405 = DIRECTION ( 'NONE',  ( 0.000000000000000000, 0.000000000000000000, -1.000000000000000000 ) ) ;
#406 = DIRECTION ( 'NONE',  ( -1.000000000000000000, 0.000000000000000000, -0.000000000000000000 ) ) ;
#407 = EDGE_LOOP ( 'NONE', ( #9043, #56, #5728, #4825 ) ) ;
#408 = CARTESIAN_POINT ( 'NONE',  ( 447.4999999999999432, 417.6000000000000227, 24.93922846596874976 ) ) ;
#409 = CARTESIAN_POINT ( 'NONE',  ( 446.2227985363799689, 532.3604643982597509, -14.82296699926510719 ) ) ;
#410 = VERTEX_POINT ( 'NONE', #307 ) ;
#411 = VECTOR ( 'NONE', #1818, 1000.000000000000000 ) ;
#412 = AXIS2_PLACEMENT_3D ( 'NONE', #8937, #7231, #923 ) ;
#413 = CARTESIAN_POINT ( 'NONE',  ( 475.4999999999999432, 286.8333081229242225, -15.60649365081390094 ) ) ;
#414 = ORIENTED_EDGE ( 'NONE', *, *, #22, .F. ) ;
#415 = ADVANCED_FACE ( 'NONE', ( #3520 ), #9713, .T. ) ;
#416 = CARTESIAN_POINT ( 'NONE',  ( 444.4044907179393817, 536.0419913389438307, 37.51675948793423743 ) ) ;
#417 = CARTESIAN_POINT ( 'NONE',  ( 440.4799999999999613, 297.0952331286823664, -14.68605186448339239 ) ) ;
#418 = DIRECTION ( 'NONE',  ( 0.000000000000000000, -0.2325235526185131796, 0.9725907656757107889 ) ) ;
#419 = EDGE_CURVE ( 'NONE', #6713, #9294, #2695, .T. ) ;
#420 = CARTESIAN_POINT ( 'NONE',  ( 443.4999999999999432, 417.6000000000000227, -13.46077153403124349 ) ) ;
#421 = CYLINDRICAL_SURFACE ( 'NONE', #2235, 4.000000000000003553 ) ;
#422 = EDGE_CURVE ( 'NONE', #2871, #7499, #9179, .T. ) ;
#423 = ORIENTED_EDGE ( 'NONE', *, *, #6607, .T. ) ;
#424 = VERTEX_POINT ( 'NONE', #7344 ) ;
#425 = CARTESIAN_POINT ( 'NONE',  ( 451.3999999999999204, 276.9938854097435978, 15.17785811513916450 ) ) ;
#426 = CARTESIAN_POINT ( 'NONE',  ( 424.7512886940357930, 523.3297849415058636, -19.98679670478662374 ) ) ;
#427 = EDGE_LOOP ( 'NONE', ( #2361, #3612, #1881, #5120 ) ) ;
#428 = EDGE_CURVE ( 'NONE', #3363, #6782, #5193, .T. ) ;
#429 = EDGE_CURVE ( 'NONE', #9920, #9115, #10166, .T. ) ;
#430 = CARTESIAN_POINT ( 'NONE',  ( 453.6999999999999318, 474.8203841816037993, 5.739228465968748694 ) ) ;
#431 = CARTESIAN_POINT ( 'NONE',  ( 443.5000000000000000, 276.9938854097435978, 0.1778581151391607218 ) ) ;
#432 = CARTESIAN_POINT ( 'NONE',  ( 421.9947515573464329, 518.8631485070452527, 42.58485080497850817 ) ) ;
#434 = EDGE_CURVE ( 'NONE', #6856, #5784, #7548, .T. ) ;
#433 = AXIS2_PLACEMENT_3D ( 'NONE', #3285, #3960, #4879 ) ;
#435 = CARTESIAN_POINT ( 'NONE',  ( 455.2184611704898884, 516.7794323260026204, 56.54209210710723710 ) ) ;
#436 = CARTESIAN_POINT ( 'NONE',  ( 451.3999999998559360, 295.8200339181042295, -22.37812846892690999 ) ) ;
#437 = CARTESIAN_POINT ( 'NONE',  ( 480.6661084608697365, 464.0863673863786971, 44.63198303930048638 ) ) ;
#438 = VERTEX_POINT ( 'NONE', #6570 ) ;
#439 = VECTOR ( 'NONE', #9974, 1000.000000000000114 ) ;
#440 = CIRCLE ( 'NONE', #2102, 1.650000000000040323 ) ;
#441 = CARTESIAN_POINT ( 'NONE',  ( 442.5999999999999091, 296.4676702059792888, -15.65648049760369886 ) ) ;
#442 = CARTESIAN_POINT ( 'NONE',  ( 440.9999999999999432, 296.3676755086667640, 24.20794425122912230 ) ) ;
#443 = CARTESIAN_POINT ( 'NONE',  ( 447.5000000000000568, 6.251329249143688926, 36.01182595254873320 ) ) ;
#444 = DIRECTION ( 'NONE',  ( 0.000000000000000000, 0.7713003027338422024, -0.6364713999879989537 ) ) ;
#445 = EDGE_LOOP ( 'NONE', ( #3664, #6879, #8994, #9684 ) ) ;
#446 = DIRECTION ( 'NONE',  ( 0.000000000000000000, 0.4280917784363903467, -0.9037352650169011570 ) ) ;
#447 = CARTESIAN_POINT ( 'NONE',  ( 444.4666666666665833, 296.1228751062957372, 16.27387480217105065 ) ) ;
#448 = VECTOR ( 'NONE', #9430, 1000.000000000000000 ) ;
#449 = CARTESIAN_POINT ( 'NONE',  ( 427.9701564965408238, 533.0329103758882638, -22.60539834933160463 ) ) ;
#450 = ORIENTED_EDGE ( 'NONE', *, *, #161, .T. ) ;
#451 = EDGE_CURVE ( 'NONE', #3671, #10052, #6671, .T. ) ;
#452 = CARTESIAN_POINT ( 'NONE',  ( 442.6000000000001364, 295.0907361337345947, 17.78807496912385133 ) ) ;
#453 = CARTESIAN_POINT ( 'NONE',  ( 465.9999999999998863, 449.6000000000000796, 43.08485080497851527 ) ) ;
#454 = CIRCLE ( 'NONE', #3606, 3.999999999999999112 ) ;
#455 = ORIENTED_EDGE ( 'NONE', *, *, #9077, .T. ) ;
#456 = CARTESIAN_POINT ( 'NONE',  ( 443.9999999999999432, 548.3959667429936644, 9.411571439747469014 ) ) ;
#457 = VERTEX_POINT ( 'NONE', #461 ) ;
#458 = DIRECTION ( 'NONE',  ( 0.000000000000000000, 0.000000000000000000, -1.000000000000000000 ) ) ;
#459 = CARTESIAN_POINT ( 'NONE',  ( 456.0231999999999175, 370.2914284244401415, 40.99037408096606327 ) ) ;
#460 = ORIENTED_EDGE ( 'NONE', *, *, #5349, .F. ) ;
#461 = CARTESIAN_POINT ( 'NONE',  ( 447.4999999999999432, 411.7398115790518887, 47.81516158220465940 ) ) ;
#462 = CARTESIAN_POINT ( 'NONE',  ( 451.3999999999998636, 290.7879970708771111, -23.53073259679680618 ) ) ;
#463 = ORIENTED_EDGE ( 'NONE', *, *, #4986, .T. ) ;
#464 = CARTESIAN_POINT ( 'NONE',  ( 479.1789189533377566, 471.8321976163135218, -36.79471755196289706 ) ) ;
#465 = ADVANCED_FACE ( 'NONE', ( #3419 ), #8940, .F. ) ;
#466 = CIRCLE ( 'NONE', #6239, 2.000000000000001776 ) ;
#467 = EDGE_LOOP ( 'NONE', ( #8723, #1011, #5977, #5148 ) ) ;
#468 = DIRECTION ( 'NONE',  ( 1.000000000000000000, 0.000000000000000000, 0.000000000000000000 ) ) ;
#469 = CARTESIAN_POINT ( 'NONE',  ( 451.9199999999999022, 297.3233250367960068, 26.62996359750183117 ) ) ;
#470 = DIRECTION ( 'NONE',  ( 0.000000000000000000, 0.000000000000000000, 1.000000000000000000 ) ) ;
#471 = FACE_OUTER_BOUND ( 'NONE', #2609, .T. ) ;
#472 = CARTESIAN_POINT ( 'NONE',  ( 447.4999999999999432, 379.6938854097437570, 6.790891503351501157 ) ) ;
#473 = VERTEX_POINT ( 'NONE', #1869 ) ;
#474 = ORIENTED_EDGE ( 'NONE', *, *, #6559, .T. ) ;
#475 = DIRECTION ( 'NONE',  ( 1.000000000000000000, 2.478716320810480276E-16, 0.000000000000000000 ) ) ;
#476 = ORIENTED_EDGE ( 'NONE', *, *, #286, .F. ) ;
#477 = EDGE_CURVE ( 'NONE', #2322, #5026, #6004, .T. ) ;
#478 = DIRECTION ( 'NONE',  ( 0.000000000000000000, 0.000000000000000000, 1.000000000000000000 ) ) ;
#479 = DIRECTION ( 'NONE',  ( 1.000000000000000000, 2.478716320810480276E-16, 0.000000000000000000 ) ) ;
#480 = CARTESIAN_POINT ( 'NONE',  ( 443.9999999999999432, 549.9722533003736089, 4.245349631205270313 ) ) ;
#481 = AXIS2_PLACEMENT_3D ( 'NONE', #9323, #2257, #4824 ) ;
#482 = EDGE_CURVE ( 'NONE', #5784, #9183, #9678, .T. ) ;
#483 = EDGE_CURVE ( 'NONE', #8277, #6331, #5131, .T. ) ;
#484 = CARTESIAN_POINT ( 'NONE',  ( 445.3999999999712713, 296.6862320708573861, -23.70723165390652909 ) ) ;
#485 = CARTESIAN_POINT ( 'NONE',  ( 413.9999999999999432, 539.1184037482451004, -13.04935298027746882 ) ) ;
#486 = EDGE_CURVE ( 'NONE', #6139, #153, #6548, .T. ) ;
#487 = VERTEX_POINT ( 'NONE', #3095 ) ;
#488 = CARTESIAN_POINT ( 'NONE',  ( 440.9999999999999432, 297.6915673062508745, -16.76863957755406176 ) ) ;
#489 = DIRECTION ( 'NONE',  ( 0.000000000000000000, 0.000000000000000000, -1.000000000000000000 ) ) ;
#490 = CARTESIAN_POINT ( 'NONE',  ( 441.0000000000002842, 297.5549065798637116, -22.20937248563188859 ) ) ;
#491 = CARTESIAN_POINT ( 'NONE',  ( 440.0000000000871410, 544.5100705123234093, -1.528656642393768639 ) ) ;
#492 = ORIENTED_EDGE ( 'NONE', *, *, #6189, .T. ) ;
#493 = CARTESIAN_POINT ( 'NONE',  ( 436.3108891324553156, 488.0668708588108871, -39.93234288353625061 ) ) ;
#494 = FACE_OUTER_BOUND ( 'NONE', #5706, .T. ) ;
#495 = CARTESIAN_POINT ( 'NONE',  ( 423.8614766902003339, 535.1058902855260158, -21.92881359947075026 ) ) ;
#496 = EDGE_LOOP ( 'NONE', ( #3784, #7457, #308, #3108 ) ) ;
#497 = ADVANCED_FACE ( 'NONE', ( #9382 ), #2122, .F. ) ;
#498 = CARTESIAN_POINT ( 'NONE',  ( 442.6000000000000227, 294.2519922180952108, 23.42832353583374427 ) ) ;
#499 = CIRCLE ( 'NONE', #1835, 6.350000000000001421 ) ;
#500 = CARTESIAN_POINT ( 'NONE',  ( 441.3535533905932198, 405.1000000000000227, 5.739228465968743365 ) ) ;
#501 = ORIENTED_EDGE ( 'NONE', *, *, #724, .T. ) ;
#502 =( BOUNDED_CURVE ( )  B_SPLINE_CURVE ( 3, ( #9803, #5151, #6802, #3614 ),
 .UNSPECIFIED., .F., .T. ) 
 B_SPLINE_CURVE_WITH_KNOTS ( ( 4, 4 ),
 ( 4.400996541495777237, 4.712388980384687898 ),
 .UNSPECIFIED. ) 
 CURVE ( )  GEOMETRIC_REPRESENTATION_ITEM ( )  RATIONAL_B_SPLINE_CURVE ( ( 1.000000000000000000, 0.9919358726004975368, 0.9919358726004975368, 1.000000000000000000 ) ) 
 REPRESENTATION_ITEM ( '' )  );
#503 = CARTESIAN_POINT ( 'NONE',  ( 443.9999999999999432, 543.2580265191713806, -3.595910462461195500 ) ) ;
#504 = VERTEX_POINT ( 'NONE', #5368 ) ;
#505 = LINE ( 'NONE', #9969, #2355 ) ;
#506 = CARTESIAN_POINT ( 'NONE',  ( 419.9606856427408843, 524.0010778342732465, 53.91653977327766967 ) ) ;
#507 = ADVANCED_FACE ( 'NONE', ( #9233 ), #6914, .F. ) ;
#508 = ORIENTED_EDGE ( 'NONE', *, *, #9248, .F. ) ;
#509 = DIRECTION ( 'NONE',  ( 0.000000000000000000, 0.000000000000000000, 1.000000000000000000 ) ) ;
#510 = VECTOR ( 'NONE', #8903, 1000.000000000000000 ) ;
#511 = CIRCLE ( 'NONE', #2169, 4.000000000000001776 ) ;
#512 = CARTESIAN_POINT ( 'NONE',  ( 419.3292571185267548, 524.1034027882833470, -15.03766668192261058 ) ) ;
#513 = ORIENTED_EDGE ( 'NONE', *, *, #3827, .T. ) ;
#514 = CARTESIAN_POINT ( 'NONE',  ( 480.6514090026091708, 464.2068798121678697, -35.32546014779092047 ) ) ;
#515 = ORIENTED_EDGE ( 'NONE', *, *, #4356, .T. ) ;
#516 = LINE ( 'NONE', #6628, #4526 ) ;
#517 = CARTESIAN_POINT ( 'NONE',  ( 451.9199999999998454, 290.5815479950528015, -23.49489489315302038 ) ) ;
#518 = FACE_BOUND ( 'NONE', #5686, .T. ) ;
#519 = ORIENTED_EDGE ( 'NONE', *, *, #3134, .F. ) ;
#520 = DIRECTION ( 'NONE',  ( 1.000000000000000000, 0.000000000000000000, 0.000000000000000000 ) ) ;
#521 = PLANE ( 'NONE',  #6155 ) ;
#522 = ORIENTED_EDGE ( 'NONE', *, *, #6169, .T. ) ;
#523 = ORIENTED_EDGE ( 'NONE', *, *, #2526, .T. ) ;
#524 = VECTOR ( 'NONE', #4465, 1000.000000000000114 ) ;
#525 = CARTESIAN_POINT ( 'NONE',  ( 442.5999999999998522, 298.3265266918115799, -24.79130185660576657 ) ) ;
#526 = ORIENTED_EDGE ( 'NONE', *, *, #7366, .T. ) ;
#527 = CARTESIAN_POINT ( 'NONE',  ( 456.0231999999999175, 373.3794041054604804, 41.72863636052983338 ) ) ;
#528 = AXIS2_PLACEMENT_3D ( 'NONE', #10027, #5376, #6103 ) ;
#529 = CARTESIAN_POINT ( 'NONE',  ( 441.3535533905932198, 421.5978390144408081, -2.928366708217239545 ) ) ;
#530 = CARTESIAN_POINT ( 'NONE',  ( 444.0000000000000000, 255.9938854097436547, 56.58485080497850817 ) ) ;
#531 = CARTESIAN_POINT ( 'NONE',  ( 451.4000000000712021, 298.0147647591996929, -24.67072571008158022 ) ) ;
#532 = CIRCLE ( 'NONE', #1209, 6.350000000000000533 ) ;
#533 = CARTESIAN_POINT ( 'NONE',  ( 442.5999999999999091, 421.0291301724051891, -46.13942247195078750 ) ) ;
#534 = ORIENTED_EDGE ( 'NONE', *, *, #9625, .F. ) ;
#535 = CARTESIAN_POINT ( 'NONE',  ( 440.9999999999999432, 297.0827913634552715, -18.54906034569857454 ) ) ;
#536 = EDGE_CURVE ( 'NONE', #3848, #6618, #6247, .T. ) ;
#537 = CARTESIAN_POINT ( 'NONE',  ( 449.9210414882144278, 525.9549197069491129, 44.75525322684931240 ) ) ;
#538 = LINE ( 'NONE', #9217, #3862 ) ;
#539 = EDGE_CURVE ( 'NONE', #6756, #9759, #1101, .T. ) ;
#540 = CARTESIAN_POINT ( 'NONE',  ( 440.0000000000001137, 543.3256028627741898, 14.84114670645877077 ) ) ;
#541 = EDGE_LOOP ( 'NONE', ( #8720, #9728, #5249, #2934 ) ) ;
#542 = AXIS2_PLACEMENT_3D ( 'NONE', #7544, #4453, #351 ) ;
#543 = AXIS2_PLACEMENT_3D ( 'NONE', #355, #9820, #4353 ) ;
#544 = B_SPLINE_CURVE_WITH_KNOTS ( 'NONE', 3,
 ( #8348, #4424, #5760, #4977 ),
 .UNSPECIFIED., .F., .F.,
 ( 4, 4 ),
 ( 6.376859316030032677E-05, 0.001097557314521257869 ),
 .UNSPECIFIED. ) ;
#545 = DIRECTION ( 'NONE',  ( 1.000000000000000000, 2.478716320810480276E-16, 0.000000000000000000 ) ) ;
#546 = ADVANCED_FACE ( 'NONE', ( #9333 ), #5544, .F. ) ;
#547 = CARTESIAN_POINT ( 'NONE',  ( 440.9999999999999432, 421.1172497023634378, 17.52006678827605768 ) ) ;
#548 = CARTESIAN_POINT ( 'NONE',  ( 420.6426927882902760, 531.1071721743478520, -23.23392595509074710 ) ) ;
#549 = EDGE_LOOP ( 'NONE', ( #9096, #635 ) ) ;
#550 = VECTOR ( 'NONE', #6350, 1000.000000000000000 ) ;
#551 = CARTESIAN_POINT ( 'NONE',  ( 441.0000000000000000, 243.7848256680333634, -13.74747643933819852 ) ) ;
#552 = ADVANCED_FACE ( 'NONE', ( #10163 ), #4941, .F. ) ;
#553 = CARTESIAN_POINT ( 'NONE',  ( 429.6526740142684275, 554.7104643982598873, 9.929720804978485305 ) ) ;
#554 = ORIENTED_EDGE ( 'NONE', *, *, #7808, .T. ) ;
#555 = DIRECTION ( 'NONE',  ( 0.000000000000000000, -1.000000000000000000, 0.000000000000000000 ) ) ;
#556 = VERTEX_POINT ( 'NONE', #2944 ) ;
#557 = CARTESIAN_POINT ( 'NONE',  ( 413.9999999999999432, 468.5503855319574882, -43.65137797472397807 ) ) ;
#558 = DIRECTION ( 'NONE',  ( -2.478716320810480276E-16, 1.000000000000000000, 2.602085213965208669E-15 ) ) ;
#559 = VERTEX_POINT ( 'NONE', #4639 ) ;
#560 = DIRECTION ( 'NONE',  ( -0.000000000000000000, -8.673617379884026597E-16, 1.000000000000000000 ) ) ;
#561 = EDGE_CURVE ( 'NONE', #4215, #9808, #6583, .T. ) ;
#562 = VERTEX_POINT ( 'NONE', #6867 ) ;
#563 = ORIENTED_EDGE ( 'NONE', *, *, #3710, .T. ) ;
#564 = AXIS2_PLACEMENT_3D ( 'NONE', #2561, #165, #5766 ) ;
#565 = AXIS2_PLACEMENT_3D ( 'NONE', #3366, #2593, #6311 ) ;
#566 = CARTESIAN_POINT ( 'NONE',  ( 419.8659415027007640, 524.4943496585697176, 53.32009871543707646 ) ) ;
#567 = CYLINDRICAL_SURFACE ( 'NONE', #3035, 3.174999999999989608 ) ;
#568 = PERSON_AND_ORGANIZATION_ROLE ( 'creator' ) ;
#569 = FACE_OUTER_BOUND ( 'NONE', #5161, .T. ) ;
#570 = ORIENTED_EDGE ( 'NONE', *, *, #1612, .T. ) ;
#571 = CARTESIAN_POINT ( 'NONE',  ( 475.0732000679998919, 389.2132045783019407, 48.59867026708832327 ) ) ;
#572 = DIRECTION ( 'NONE',  ( 1.000000000000000000, 0.000000000000000000, 0.000000000000000000 ) ) ;
#573 = ORIENTED_EDGE ( 'NONE', *, *, #3010, .F. ) ;
#574 = CARTESIAN_POINT ( 'NONE',  ( 475.4999999999999432, 285.7438236647383292, 16.59122402630373116 ) ) ;
#575 = CONICAL_SURFACE ( 'NONE', #4224, 6.499999999999839240, 0.7853981633974418397 ) ;
#576 = DIRECTION ( 'NONE',  ( 0.000000000000000000, 0.000000000000000000, 1.000000000000000000 ) ) ;
#577 = ORIENTED_EDGE ( 'NONE', *, *, #8091, .T. ) ;
#578 = DIRECTION ( 'NONE',  ( -0.000000000000000000, -1.000000000000000000, 1.374084517793742623E-16 ) ) ;
#579 = FACE_OUTER_BOUND ( 'NONE', #4575, .T. ) ;
#580 = DIRECTION ( 'NONE',  ( -2.478716320810480276E-16, 1.000000000000000000, 0.000000000000000000 ) ) ;
#581 = ADVANCED_FACE ( 'NONE', ( #4456 ), #8474, .T. ) ;
#582 = CARTESIAN_POINT ( 'NONE',  ( 451.3999999999999204, 297.4264318193077656, -30.76104826040169726 ) ) ;
#583 = CARTESIAN_POINT ( 'NONE',  ( 451.4999999999999432, 421.6000000000000227, -2.760771534031255303 ) ) ;
#584 = EDGE_LOOP ( 'NONE', ( #855, #6499, #40, #8077 ) ) ;
#585 = CARTESIAN_POINT ( 'NONE',  ( 441.0000000000000000, 298.7596471515432768, -23.24476511205150331 ) ) ;
#586 = CARTESIAN_POINT ( 'NONE',  ( 440.9999999999997158, 298.3378801763602723, -23.02480244290883249 ) ) ;
#587 = CARTESIAN_POINT ( 'NONE',  ( 439.9999999999999432, 544.2777372545857588, 11.48411248332541845 ) ) ;
#588 = ORIENTED_EDGE ( 'NONE', *, *, #3665, .T. ) ;
#589 = CARTESIAN_POINT ( 'NONE',  ( 465.9999999999998863, 425.6000000000000227, -32.91514919502150605 ) ) ;
#590 = DIRECTION ( 'NONE',  ( -0.000000000000000000, -0.000000000000000000, 1.000000000000000000 ) ) ;
#591 = CIRCLE ( 'NONE', #9848, 4.000000000000020428 ) ;
#592 = CARTESIAN_POINT ( 'NONE',  ( 448.1173327264922932, 530.0360668483860991, -23.58351618782992531 ) ) ;
#593 = ORIENTED_EDGE ( 'NONE', *, *, #2703, .T. ) ;
#594 = AXIS2_PLACEMENT_3D ( 'NONE', #5031, #4869, #944 ) ;
#595 = EDGE_CURVE ( 'NONE', #6573, #8155, #1399, .T. ) ;
#596 = CARTESIAN_POINT ( 'NONE',  ( 442.6000000000000227, 294.2143873723851470, 20.15223527939131998 ) ) ;
#597 = EDGE_CURVE ( 'NONE', #7046, #10044, #2256, .T. ) ;
#598 = DIRECTION ( 'NONE',  ( -1.000000000000000000, -0.000000000000000000, 0.000000000000000000 ) ) ;
#599 = VERTEX_POINT ( 'NONE', #6145 ) ;
#600 = CARTESIAN_POINT ( 'NONE',  ( 443.4999999999999432, 417.6000000000000227, -13.46077153403124349 ) ) ;
#601 = EDGE_LOOP ( 'NONE', ( #4101, #3586, #7892, #8175 ) ) ;
#602 = CARTESIAN_POINT ( 'NONE',  ( 413.9999999999999432, 429.2186253693425897, 56.58485080497850817 ) ) ;
#603 = DIRECTION ( 'NONE',  ( -0.000000000000000000, -8.673617379884026597E-16, 1.000000000000000000 ) ) ;
#604 = EDGE_LOOP ( 'NONE', ( #9086, #9494, #764, #7945 ) ) ;
#605 = CARTESIAN_POINT ( 'NONE',  ( 480.9999999999999432, 413.6000000000000227, 40.03443545679897397 ) ) ;
#606 = ADVANCED_FACE ( 'NONE', ( #6050 ), #9187, .T. ) ;
#607 = EDGE_CURVE ( 'NONE', #438, #1768, #4080, .T. ) ;
#608 = DIRECTION ( 'NONE',  ( 0.000000000000000000, -1.000000000000000000, -1.049630672089169658E-15 ) ) ;
#609 = ORIENTED_EDGE ( 'NONE', *, *, #6484, .T. ) ;
#610 = ORIENTED_EDGE ( 'NONE', *, *, #4762, .F. ) ;
#611 = AXIS2_PLACEMENT_3D ( 'NONE', #5953, #6669, #8377 ) ;
#612 = CARTESIAN_POINT ( 'NONE',  ( 442.6000000000000796, 294.0641963915013548, 21.19858975040214943 ) ) ;
#613 = EDGE_CURVE ( 'NONE', #6009, #3994, #3099, .T. ) ;
#614 = CARTESIAN_POINT ( 'NONE',  ( 471.0732000679998919, 307.2405601537220718, 25.91639599748756595 ) ) ;
#615 = CALENDAR_DATE ( 2024, 29, 2 ) ;
#616 = CARTESIAN_POINT ( 'NONE',  ( 447.4999999999999432, 411.6000000000000227, 14.23922846596874514 ) ) ;
#617 = ORIENTED_EDGE ( 'NONE', *, *, #8206, .T. ) ;
#618 = CARTESIAN_POINT ( 'NONE',  ( 446.1853981633973945, 296.1228751062957372, 16.27387480217104354 ) ) ;
#619 = CARTESIAN_POINT ( 'NONE',  ( 445.7499999999929514, 453.1000000000071282, 1.164662208045642133 ) ) ;
#620 = ORIENTED_EDGE ( 'NONE', *, *, #7622, .F. ) ;
#621 = DIRECTION ( 'NONE',  ( 0.000000000000000000, 0.000000000000000000, 1.000000000000000000 ) ) ;
#622 = AXIS2_PLACEMENT_3D ( 'NONE', #8057, #5780, #8926 ) ;
#623 = CARTESIAN_POINT ( 'NONE',  ( 480.9999999999999432, 370.4938854097436547, -23.15758699032833334 ) ) ;
#624 = VERTEX_POINT ( 'NONE', #1536 ) ;
#625 = EDGE_CURVE ( 'NONE', #7399, #3579, #6381, .T. ) ;
#626 = DIRECTION ( 'NONE',  ( 0.000000000000000000, 0.000000000000000000, 1.000000000000000000 ) ) ;
#627 = CARTESIAN_POINT ( 'NONE',  ( 427.2114716860872363, 532.9498149546944887, -22.63251925605243642 ) ) ;
#628 = AXIS2_PLACEMENT_3D ( 'NONE', #8257, #1953, #8867 ) ;
#629 = DIRECTION ( 'NONE',  ( 0.000000000000000000, 0.000000000000000000, 1.000000000000000000 ) ) ;
#630 = EDGE_CURVE ( 'NONE', #2851, #2023, #591, .T. ) ;
#631 = EDGE_CURVE ( 'NONE', #6866, #4579, #8717, .T. ) ;
#632 = CARTESIAN_POINT ( 'NONE',  ( 451.3999999999708734, 297.1481178936593324, -24.13628899027778374 ) ) ;
#633 = B_SPLINE_CURVE_WITH_KNOTS ( 'NONE', 3,
 ( #2241, #8740, #1660, #3843 ),
 .UNSPECIFIED., .F., .F.,
 ( 4, 4 ),
 ( 0.000000000000000000, 0.001862282412460176300 ),
 .UNSPECIFIED. ) ;
#634 = CARTESIAN_POINT ( 'NONE',  ( 459.3999999999998636, 305.5772124375059207, -18.32664422404272031 ) ) ;
#635 = ORIENTED_EDGE ( 'NONE', *, *, #2973, .F. ) ;
#636 = CARTESIAN_POINT ( 'NONE',  ( 440.9999999999995453, 298.3779262604151654, -23.05053891612973871 ) ) ;
#637 = CARTESIAN_POINT ( 'NONE',  ( 441.0000000000003979, 297.7166062948615490, -22.44226214733127023 ) ) ;
#638 = AXIS2_PLACEMENT_3D ( 'NONE', #3847, #9410, #4714 ) ;
#639 = CARTESIAN_POINT ( 'NONE',  ( 444.0000000000173941, 545.5221529699368830, 19.57040645115541722 ) ) ;
#640 = EDGE_CURVE ( 'NONE', #3293, #715, #9592, .T. ) ;
#641 = VERTEX_POINT ( 'NONE', #2580 ) ;
#642 = DIRECTION ( 'NONE',  ( 0.000000000000000000, 0.000000000000000000, 1.000000000000000000 ) ) ;
#643 = CARTESIAN_POINT ( 'NONE',  ( 447.4999999999999432, 368.9938854097437115, -0.2091084966484926810 ) ) ;
#644 = CARTESIAN_POINT ( 'NONE',  ( 436.4061395875994549, 534.9365746002940796, -21.98407530748013983 ) ) ;
#645 = VERTEX_POINT ( 'NONE', #913 ) ;
#646 = CARTESIAN_POINT ( 'NONE',  ( 442.5999999999996248, 294.3859299048630760, 19.48286895510861072 ) ) ;
#647 = ORIENTED_EDGE ( 'NONE', *, *, #9702, .T. ) ;
#648 = DIRECTION ( 'NONE',  ( 2.996186134945139640E-16, 1.000000000000000000, 0.000000000000000000 ) ) ;
#649 = ORIENTED_EDGE ( 'NONE', *, *, #5405, .T. ) ;
#650 = DIRECTION ( 'NONE',  ( -1.000000000000000000, -0.000000000000000000, -0.000000000000000000 ) ) ;
#651 = CARTESIAN_POINT ( 'NONE',  ( 453.6999999999999318, 453.0999999999999659, 5.739228465968748694 ) ) ;
#652 = ORIENTED_EDGE ( 'NONE', *, *, #2793, .T. ) ;
#653 = CARTESIAN_POINT ( 'NONE',  ( 447.9999930119811893, 471.8321976163135218, -36.79471755196289706 ) ) ;
#654 = DIRECTION ( 'NONE',  ( 1.000000000000000000, 0.000000000000000000, 0.000000000000000000 ) ) ;
#655 = ORIENTED_EDGE ( 'NONE', *, *, #9011, .F. ) ;
#656 = CARTESIAN_POINT ( 'NONE',  ( 442.6000000000000227, 294.5312470970758341, 19.04729570556137119 ) ) ;
#657 = CARTESIAN_POINT ( 'NONE',  ( 480.9999999999999432, 425.6000000000000227, 43.08485080497851527 ) ) ;
#658 = EDGE_CURVE ( 'NONE', #3146, #995, #3191, .T. ) ;
#659 = PERSON_AND_ORGANIZATION_ROLE ( 'creator' ) ;
#660 = DIRECTION ( 'NONE',  ( -1.000000000000000000, -0.000000000000000000, 0.000000000000000000 ) ) ;
#661 = ORIENTED_EDGE ( 'NONE', *, *, #247, .T. ) ;
#662 = CARTESIAN_POINT ( 'NONE',  ( 413.9999999999999432, 429.6000000000000227, -28.41514919502149183 ) ) ;
#663 = CARTESIAN_POINT ( 'NONE',  ( 444.1845349196171355, 454.6654650803828872, 1.905378015212406018 ) ) ;
#664 = ORIENTED_EDGE ( 'NONE', *, *, #5559, .T. ) ;
#665 = VECTOR ( 'NONE', #4223, 1000.000000000000000 ) ;
#666 = EDGE_CURVE ( 'NONE', #4047, #5377, #3144, .T. ) ;
#667 = DIRECTION ( 'NONE',  ( -1.000000000000000000, 0.000000000000000000, 0.000000000000000000 ) ) ;
#668 = EDGE_CURVE ( 'NONE', #7108, #1085, #9487, .T. ) ;
#669 = DIRECTION ( 'NONE',  ( 1.000000000000000000, 0.000000000000000000, 0.000000000000000000 ) ) ;
#670 = ORIENTED_EDGE ( 'NONE', *, *, #6695, .F. ) ;
#671 = PLANE ( 'NONE',  #8761 ) ;
#672 = DIRECTION ( 'NONE',  ( -1.000000000000000000, -2.478716320810481262E-16, 0.000000000000000000 ) ) ;
#673 = FACE_OUTER_BOUND ( 'NONE', #7125, .T. ) ;
#674 = VECTOR ( 'NONE', #5972, 1000.000000000000000 ) ;
#675 = CARTESIAN_POINT ( 'NONE',  ( 451.4000000000000909, 288.0793063623229386, 22.87467614841329677 ) ) ;
#676 = EDGE_CURVE ( 'NONE', #4792, #3194, #94, .T. ) ;
#677 = CARTESIAN_POINT ( 'NONE',  ( 461.9999999999998863, 446.6000000000000227, 45.08485080497850817 ) ) ;
#678 = LOCAL_TIME ( 20, 8, 0.000000000000000000, #8530 ) ;
#679 = VERTEX_POINT ( 'NONE', #755 ) ;
#680 = CIRCLE ( 'NONE', #4989, 4.000000000000007105 ) ;
#681 = CARTESIAN_POINT ( 'NONE',  ( 442.5999999999999659, 296.2552275462104490, -16.06256404395444903 ) ) ;
#682 = EDGE_CURVE ( 'NONE', #7266, #9190, #1431, .T. ) ;
#683 = CARTESIAN_POINT ( 'NONE',  ( 447.4999999999999432, 417.6000000000000227, 40.03443545679896687 ) ) ;
#684 = CARTESIAN_POINT ( 'NONE',  ( 440.0000000000000000, 547.9778522779324703, 6.457433374221039024 ) ) ;
#685 = VERTEX_POINT ( 'NONE', #3247 ) ;
#686 = AXIS2_PLACEMENT_3D ( 'NONE', #4682, #5408, #10109 ) ;
#687 = FACE_OUTER_BOUND ( 'NONE', #6063, .T. ) ;
#688 = CARTESIAN_POINT ( 'NONE',  ( 449.5000000000001137, 453.1000000000001364, -6.007973477194783030 ) ) ;
#689 = DIRECTION ( 'NONE',  ( -0.000000000000000000, -0.000000000000000000, 1.000000000000000000 ) ) ;
#690 = CARTESIAN_POINT ( 'NONE',  ( 456.0231999999999175, 372.6818334476049586, 44.64640865755696097 ) ) ;
#691 = VERTEX_POINT ( 'NONE', #3923 ) ;
#692 = DIRECTION ( 'NONE',  ( -0.7071067811865474617, -0.7071067811865474617, -0.000000000000000000 ) ) ;
#693 = EDGE_CURVE ( 'NONE', #8281, #85, #4013, .T. ) ;
#694 = ORIENTED_EDGE ( 'NONE', *, *, #5656, .T. ) ;
#695 = FACE_OUTER_BOUND ( 'NONE', #5116, .T. ) ;
#696 = EDGE_LOOP ( 'NONE', ( #8725, #3716, #7076, #3496 ) ) ;
#697 = DIRECTION ( 'NONE',  ( 0.000000000000000000, -0.000000000000000000, 1.000000000000000000 ) ) ;
#698 = LINE ( 'NONE', #7061, #4736 ) ;
#699 = EDGE_LOOP ( 'NONE', ( #8170, #2426, #4518, #1245 ) ) ;
#700 = DIRECTION ( 'NONE',  ( -2.482414054536381163E-31, -8.285246452426542583E-16, -1.000000000000000000 ) ) ;
#701 = CARTESIAN_POINT ( 'NONE',  ( 441.0000000000000000, 333.7394627972502121, 12.17533480644861577 ) ) ;
#702 = AXIS2_PLACEMENT_3D ( 'NONE', #4835, #6344, #2577 ) ;
#703 = ORIENTED_EDGE ( 'NONE', *, *, #8757, .F. ) ;
#704 = CIRCLE ( 'NONE', #8160, 7.500000000000000000 ) ;
#705 = LINE ( 'NONE', #6303, #2063 ) ;
#706 = DIRECTION ( 'NONE',  ( 0.000000000000000000, 0.000000000000000000, 1.000000000000000000 ) ) ;
#707 = CIRCLE ( 'NONE', #2218, 4.000000000000003553 ) ;
#708 = CALENDAR_DATE ( 2024, 29, 2 ) ;
#709 = FACE_OUTER_BOUND ( 'NONE', #73, .T. ) ;
#711 = ORIENTED_EDGE ( 'NONE', *, *, #2773, .T. ) ;
#710 = AXIS2_PLACEMENT_3D ( 'NONE', #5275, #8572, #4694 ) ;
#712 = FACE_OUTER_BOUND ( 'NONE', #5110, .T. ) ;
#713 = CIRCLE ( 'NONE', #2544, 1.650000000000040323 ) ;
#714 = CARTESIAN_POINT ( 'NONE',  ( 421.0425292095111445, 518.3645554735840051, 56.58485080497849395 ) ) ;
#715 = VERTEX_POINT ( 'NONE', #970 ) ;
#716 = CARTESIAN_POINT ( 'NONE',  ( 451.3999999999999204, 422.6174999999979605, -46.41514919502148473 ) ) ;
#717 = CARTESIAN_POINT ( 'NONE',  ( 447.4999999999999432, 421.6000000000000227, 40.03443545679897397 ) ) ;
#718 = ORIENTED_EDGE ( 'NONE', *, *, #9760, .T. ) ;
#719 = AXIS2_PLACEMENT_3D ( 'NONE', #5038, #8494, #2142 ) ;
#720 = AXIS2_PLACEMENT_3D ( 'NONE', #8198, #5819, #7203 ) ;
#721 = VECTOR ( 'NONE', #4907, 1000.000000000000000 ) ;
#722 = EDGE_CURVE ( 'NONE', #3146, #3432, #7202, .T. ) ;
#723 = DIRECTION ( 'NONE',  ( 0.000000000000000000, 0.000000000000000000, 1.000000000000000000 ) ) ;
#724 = EDGE_CURVE ( 'NONE', #9594, #2203, #8040, .T. ) ;
#725 = DIRECTION ( 'NONE',  ( -0.000000000000000000, -0.2325235526185131518, 0.9725907656757107889 ) ) ;
#726 = CARTESIAN_POINT ( 'NONE',  ( 422.3475899656891102, 531.7940087021390809, -23.00975440466125477 ) ) ;
#727 = LINE ( 'NONE', #3119, #5874 ) ;
#728 = CIRCLE ( 'NONE', #8347, 3.500000000000003109 ) ;
#729 = CARTESIAN_POINT ( 'NONE',  ( 451.4000000000000341, 294.0913399919127187, 22.63217834315810606 ) ) ;
#730 = CARTESIAN_POINT ( 'NONE',  ( 451.3999999999997499, 297.9035773166904164, -30.85565539746846753 ) ) ;
#731 = EDGE_CURVE ( 'NONE', #3464, #3132, #9022, .T. ) ;
#732 = EDGE_CURVE ( 'NONE', #4246, #8898, #1263, .T. ) ;
#733 = CARTESIAN_POINT ( 'NONE',  ( 461.0568542494923463, 306.9262763095721880, -20.24246224181151277 ) ) ;
#734 = ORIENTED_EDGE ( 'NONE', *, *, #7620, .F. ) ;
#735 = CIRCLE ( 'NONE', #10143, 4.000000000000003553 ) ;
#736 = CARTESIAN_POINT ( 'NONE',  ( 442.5999999999998522, 295.7823476621243231, -17.22510409175200508 ) ) ;
#737 = LINE ( 'NONE', #9522, #4541 ) ;
#738 = EDGE_CURVE ( 'NONE', #4081, #4915, #8514, .T. ) ;
#739 = CARTESIAN_POINT ( 'NONE',  ( 444.0000000000176783, 548.3987471100809898, 10.33139956489627664 ) ) ;
#740 = EDGE_LOOP ( 'NONE', ( #8929, #7062, #1042, #7791 ) ) ;
#741 = B_SPLINE_CURVE_WITH_KNOTS ( 'NONE', 3,
 ( #10152, #1430, #4581, #3032 ),
 .UNSPECIFIED., .F., .F.,
 ( 4, 4 ),
 ( 0.000000000000000000, 5.091886738477850705E-05 ),
 .UNSPECIFIED. ) ;
#742 = DIRECTION ( 'NONE',  ( -0.7071067811865522357, 1.333577304374952826E-16, -0.7071067811865426878 ) ) ;
#743 = CARTESIAN_POINT ( 'NONE',  ( 448.5848155703029079, 453.1000000000000796, -3.179190814532485643 ) ) ;
#744 = CARTESIAN_POINT ( 'NONE',  ( 440.9999999999999432, 347.1206644405273209, -9.606332081159216330 ) ) ;
#745 = CARTESIAN_POINT ( 'NONE',  ( 444.5932000679999305, 303.3501970910192540, 24.98630178701351312 ) ) ;
#746 = VERTEX_POINT ( 'NONE', #1589 ) ;
#747 = FACE_OUTER_BOUND ( 'NONE', #7927, .T. ) ;
#748 = ORIENTED_EDGE ( 'NONE', *, *, #9604, .T. ) ;
#749 = CARTESIAN_POINT ( 'NONE',  ( 429.6526740142684275, 554.7104643982598873, 16.27972080497848850 ) ) ;
#750 = ORIENTED_EDGE ( 'NONE', *, *, #7309, .F. ) ;
#751 = CARTESIAN_POINT ( 'NONE',  ( 445.3397459621555754, 533.8899563225709244, -19.93800737809036150 ) ) ;
#752 = CARTESIAN_POINT ( 'NONE',  ( 456.0231999999999175, 322.7971266430641322, 26.55105975169158938 ) ) ;
#753 = VERTEX_POINT ( 'NONE', #6659 ) ;
#754 = B_SPLINE_CURVE_WITH_KNOTS ( 'NONE', 3,
 ( #5363, #4591, #9377, #8870 ),
 .UNSPECIFIED., .F., .F.,
 ( 4, 4 ),
 ( 0.000000000000000000, 1.000000000000000000 ),
 .UNSPECIFIED. ) ;
#755 = CARTESIAN_POINT ( 'NONE',  ( 429.6526740142684275, 532.3604643982598645, 5.104720804978488680 ) ) ;
#756 = EDGE_CURVE ( 'NONE', #9010, #5931, #5390, .T. ) ;
#757 = CYLINDRICAL_SURFACE ( 'NONE', #2055, 4.000000000000003553 ) ;
#758 = VERTEX_POINT ( 'NONE', #339 ) ;
#759 = AXIS2_PLACEMENT_3D ( 'NONE', #408, #2076, #3627 ) ;
#760 = CARTESIAN_POINT ( 'NONE',  ( 429.6526740142684275, 554.7104643982598873, 5.104720804978486015 ) ) ;
#761 = CARTESIAN_POINT ( 'NONE',  ( 443.5000000000000000, 347.1206644405273209, -6.306332081159247593 ) ) ;
#762 = AXIS2_PLACEMENT_3D ( 'NONE', #1021, #3507, #9804 ) ;
#763 = CARTESIAN_POINT ( 'NONE',  ( 445.4792002342499586, 533.6484144379709278, -20.17580490523829084 ) ) ;
#764 = ORIENTED_EDGE ( 'NONE', *, *, #7539, .F. ) ;
#765 = CARTESIAN_POINT ( 'NONE',  ( 447.4999999999999432, 411.6000000000000227, -2.760771534031255303 ) ) ;
#766 = ORIENTED_EDGE ( 'NONE', *, *, #10144, .F. ) ;
#767 = CARTESIAN_POINT ( 'NONE',  ( 450.8024513274238529, 291.2695869447484824, 25.18265735374274428 ) ) ;
#768 = DIRECTION ( 'NONE',  ( -1.000000000000000000, 0.000000000000000000, 0.000000000000000000 ) ) ;
#769 = ORIENTED_EDGE ( 'NONE', *, *, #539, .F. ) ;
#770 = DIRECTION ( 'NONE',  ( -0.7071067811865429098, -0.7071067811865522357, -5.858553950312636020E-16 ) ) ;
#771 = CARTESIAN_POINT ( 'NONE',  ( 442.5999999999999659, 295.5147650968899029, -18.23007048948564801 ) ) ;
#772 = ORIENTED_EDGE ( 'NONE', *, *, #561, .F. ) ;
#773 = AXIS2_PLACEMENT_3D ( 'NONE', #4551, #5510, #8471 ) ;
#774 = B_SPLINE_CURVE_WITH_KNOTS ( 'NONE', 3,
 ( #2437, #2652, #4859, #5585 ),
 .UNSPECIFIED., .F., .F.,
 ( 4, 4 ),
 ( 0.000000000000000000, 0.001031311399462696028 ),
 .UNSPECIFIED. ) ;
#775 = DIRECTION ( 'NONE',  ( 1.000000000000000000, 0.000000000000000000, 0.000000000000000000 ) ) ;
#776 = CARTESIAN_POINT ( 'NONE',  ( 440.9999999999999432, 295.7978408226444458, 23.01518171945338409 ) ) ;
#777 = CARTESIAN_POINT ( 'NONE',  ( 453.6999999999999318, 421.6000000000000227, 5.739228465968748694 ) ) ;
#778 = LINE ( 'NONE', #9510, #6508 ) ;
#779 = CARTESIAN_POINT ( 'NONE',  ( 451.3999999999999204, 289.3514533114247342, 27.29293694992613695 ) ) ;
#780 = AXIS2_PLACEMENT_3D ( 'NONE', #6130, #5353, #9269 ) ;
#781 = CARTESIAN_POINT ( 'NONE',  ( 440.9999999999998295, 296.8399634856983766, 24.67430759288372855 ) ) ;
#782 = CARTESIAN_POINT ( 'NONE',  ( 445.3397459621555754, 533.8899563225709244, -21.56829973423744917 ) ) ;
#783 = EDGE_CURVE ( 'NONE', #1871, #7073, #5730, .T. ) ;
#784 = CARTESIAN_POINT ( 'NONE',  ( 475.0732000679998919, 307.2405601537220718, 25.91639599748756595 ) ) ;
#785 = ORIENTED_EDGE ( 'NONE', *, *, #8387, .T. ) ;
#786 = AXIS2_PLACEMENT_3D ( 'NONE', #99, #6523, #9559 ) ;
#787 = CARTESIAN_POINT ( 'NONE',  ( 442.6000000000000796, 296.4465794984730564, -23.41691735930663754 ) ) ;
#788 = DIRECTION ( 'NONE',  ( 0.000000000000000000, 0.000000000000000000, 1.000000000000000000 ) ) ;
#789 = CARTESIAN_POINT ( 'NONE',  ( 461.9999999999998863, 449.6000000000000796, -36.41514919502149183 ) ) ;
#790 = EDGE_CURVE ( 'NONE', #1343, #3324, #6555, .T. ) ;
#791 = CARTESIAN_POINT ( 'NONE',  ( 418.6404958764203457, 525.4391263935920051, 45.18088211736139215 ) ) ;
#792 = ORIENTED_EDGE ( 'NONE', *, *, #2012, .T. ) ;
#793 = CARTESIAN_POINT ( 'NONE',  ( 440.9999999999999432, 368.9938854097437115, -7.209108496648609865 ) ) ;
#794 = CARTESIAN_POINT ( 'NONE',  ( 422.8526740142684730, 532.3604643982597509, -1.259298635860401320E-12 ) ) ;
#795 = EDGE_CURVE ( 'NONE', #1095, #715, #7328, .T. ) ;
#796 = VECTOR ( 'NONE', #2467, 1000.000000000000000 ) ;
#797 = DIRECTION ( 'NONE',  ( -0.000000000000000000, -0.000000000000000000, 1.000000000000000000 ) ) ;
#798 = EDGE_CURVE ( 'NONE', #10157, #10117, #440, .T. ) ;
#799 = CARTESIAN_POINT ( 'NONE',  ( 414.7200413576882170, 527.9832614290369293, -24.25351633335964863 ) ) ;
#800 = ORIENTED_EDGE ( 'NONE', *, *, #7104, .T. ) ;
#801 = DIRECTION ( 'NONE',  ( -1.000000000000000000, 0.000000000000000000, 0.000000000000000000 ) ) ;
#802 = ORIENTED_EDGE ( 'NONE', *, *, #9471, .F. ) ;
#803 = CARTESIAN_POINT ( 'NONE',  ( 447.9999930119811893, 471.8321976163135218, -36.79471755196289706 ) ) ;
#804 = EDGE_LOOP ( 'NONE', ( #4003, #1706, #4158, #8939 ) ) ;
#805 = FACE_OUTER_BOUND ( 'NONE', #3038, .T. ) ;
#806 = CARTESIAN_POINT ( 'NONE',  ( 447.5000000000000000, 355.9938854097436547, -19.94615330014154253 ) ) ;
#807 = ORIENTED_EDGE ( 'NONE', *, *, #8629, .F. ) ;
#808 = DIRECTION ( 'NONE',  ( 0.000000000000000000, 0.9725907656757108999, 0.2325235526185131241 ) ) ;
#809 = AXIS2_PLACEMENT_3D ( 'NONE', #690, #8758, #10153 ) ;
#810 = CARTESIAN_POINT ( 'NONE',  ( 451.4000000000000341, 289.4906508192199226, 15.55015182511326444 ) ) ;
#811 = ORIENTED_EDGE ( 'NONE', *, *, #8014, .T. ) ;
#812 = EDGE_CURVE ( 'NONE', #9132, #3766, #7285, .T. ) ;
#813 = DIRECTION ( 'NONE',  ( -2.478716320810480276E-16, 1.000000000000000000, -0.000000000000000000 ) ) ;
#814 = DIRECTION ( 'NONE',  ( -1.000000000000000000, 2.996186134945139640E-16, 0.000000000000000000 ) ) ;
#815 = EDGE_CURVE ( 'NONE', #457, #10044, #1080, .T. ) ;
#816 = ORIENTED_EDGE ( 'NONE', *, *, #7931, .F. ) ;
#817 = CARTESIAN_POINT ( 'NONE',  ( 443.9995249580817358, 471.8146688002640303, -36.80043375774386050 ) ) ;
#818 = VERTEX_POINT ( 'NONE', #3616 ) ;
#819 = CARTESIAN_POINT ( 'NONE',  ( 443.5000000000000000, 351.9938854097436547, -19.94615330014154253 ) ) ;
#820 = CARTESIAN_POINT ( 'NONE',  ( 440.9999999999998863, 457.8500000000000796, 3.160795882460825101 ) ) ;
#821 = ORIENTED_EDGE ( 'NONE', *, *, #7712, .F. ) ;
#822 = DIRECTION ( 'NONE',  ( 0.000000000000000000, 1.387778780781445922E-16, 1.000000000000000000 ) ) ;
#823 = CARTESIAN_POINT ( 'NONE',  ( 442.5999999999997385, 297.5267859531400632, -24.40577078838267511 ) ) ;
#824 = EDGE_LOOP ( 'NONE', ( #3623, #1149, #6730, #1977 ) ) ;
#825 = CARTESIAN_POINT ( 'NONE',  ( 429.6526740142684275, 542.0104643982598418, 16.27972080497849205 ) ) ;
#826 = DIRECTION ( 'NONE',  ( 0.000000000000000000, -1.000000000000000000, 0.000000000000000000 ) ) ;
#827 = DIRECTION ( 'NONE',  ( -1.000000000000000000, -2.478716320810480276E-16, -0.000000000000000000 ) ) ;
#828 = AXIS2_PLACEMENT_3D ( 'NONE', #9730, #7251, #6476 ) ;
#829 = ORIENTED_EDGE ( 'NONE', *, *, #6928, .T. ) ;
#830 = CARTESIAN_POINT ( 'NONE',  ( 336.0902124738105385, 307.8647883734522566, 22.98108925033765004 ) ) ;
#831 = CARTESIAN_POINT ( 'NONE',  ( 443.9999999999998295, 550.3254197731586146, 14.43890972824056185 ) ) ;
#832 = CARTESIAN_POINT ( 'NONE',  ( 451.4000000000710315, 295.1485823705163511, 25.25160950098485202 ) ) ;
#833 = SPHERICAL_SURFACE ( 'NONE', #4473, 4.000000000000000000 ) ;
#834 = CARTESIAN_POINT ( 'NONE',  ( 445.4000000000005457, 298.9313324738641882, -24.94432564700299793 ) ) ;
#835 = VECTOR ( 'NONE', #4722, 1000.000000000000000 ) ;
#836 = AXIS2_PLACEMENT_3D ( 'NONE', #4523, #10038, #9252 ) ;
#837 = CARTESIAN_POINT ( 'NONE',  ( 413.9999999999998863, 542.0867127007875297, 28.65039035824647584 ) ) ;
#838 = ORIENTED_EDGE ( 'NONE', *, *, #8011, .T. ) ;
#839 = CARTESIAN_POINT ( 'NONE',  ( 442.5999999999998522, 295.4923596850052832, -18.34409513667518254 ) ) ;
#840 = CIRCLE ( 'NONE', #3823, 7.999999999999952038 ) ;
#841 = DIRECTION ( 'NONE',  ( -1.000000000000000000, 0.000000000000000000, 0.000000000000000000 ) ) ;
#842 = CARTESIAN_POINT ( 'NONE',  ( 423.2003586613302559, 527.7110537972112070, 43.30610414829449439 ) ) ;
#843 = CARTESIAN_POINT ( 'NONE',  ( 438.0730317999999102, 505.8337287883887257, 56.58485080497849395 ) ) ;
#844 = CARTESIAN_POINT ( 'NONE',  ( 443.9999999999999432, 538.8899563225710381, 27.58814969659873029 ) ) ;
#845 = CARTESIAN_POINT ( 'NONE',  ( 447.6563332003711935, 418.7183011796376491, -8.163545643829261067 ) ) ;
#846 = AXIS2_PLACEMENT_3D ( 'NONE', #9669, #8031, #5809 ) ;
#847 = PLANE ( 'NONE',  #10213 ) ;
#848 = VERTEX_POINT ( 'NONE', #3456 ) ;
#849 = B_SPLINE_CURVE_WITH_KNOTS ( 'NONE', 3,
 ( #7263, #174, #3341, #1740, #4180, #4883, #331, #8050, #9024, #9740, #8156, #8255, #1122, #1952, #3449, #3555, #5047, #9794, #1847, #7318, #9690, #5094, #8210, #3397, #6543, #1172, #2622, #5774, #7471, #8919 ),
 .UNSPECIFIED., .F., .F.,
 ( 4, 2, 2, 2, 2, 2, 2, 2, 2, 2, 2, 2, 2, 2, 4 ),
 ( 1.944128986425527896E-16, 0.003782921169033684038, 0.007565842338067173788, 0.009457302922583994340, 0.01134876350710081402, 0.01324022409161763544, 0.01418595438387601146, 0.01513168467613439094, 0.01702314526065114991, 0.01796887555290956756, 0.01891460584516797827, 0.02080606642968469908, 0.02269752701420141641, 0.02648044818323485802, 0.03026336935226829963 ),
 .UNSPECIFIED. ) ;
#850 = ADVANCED_FACE ( 'NONE', ( #5836 ), #95, .F. ) ;
#851 = CARTESIAN_POINT ( 'NONE',  ( 441.3535533905932198, 421.5978390144408081, 14.40682364015525785 ) ) ;
#852 = EDGE_CURVE ( 'NONE', #1690, #8762, #4243, .T. ) ;
#853 = CIRCLE ( 'NONE', #8138, 3.999999999999999556 ) ;
#854 = EDGE_CURVE ( 'NONE', #8208, #2530, #4293, .T. ) ;
#855 = ORIENTED_EDGE ( 'NONE', *, *, #4762, .T. ) ;
#856 = PLANE ( 'NONE',  #8465 ) ;
#857 = ORIENTED_EDGE ( 'NONE', *, *, #9165, .T. ) ;
#858 = CARTESIAN_POINT ( 'NONE',  ( 438.9089653438086316, 489.5668708588109439, -26.14600096997785172 ) ) ;
#859 = CARTESIAN_POINT ( 'NONE',  ( 422.8526740142684730, 527.7851986257510362, -18.46496103207909201 ) ) ;
#860 = ORIENTED_EDGE ( 'NONE', *, *, #9631, .F. ) ;
#861 = CARTESIAN_POINT ( 'NONE',  ( 479.3999999999999204, 276.9938854097435978, 0.1778581151391607218 ) ) ;
#862 = CARTESIAN_POINT ( 'NONE',  ( 451.3999999999998636, 288.2644394973772251, 19.11586890787204140 ) ) ;
#863 = ORIENTED_EDGE ( 'NONE', *, *, #8508, .F. ) ;
#865 = ADVANCED_FACE ( 'NONE', ( #9909 ), #5152, .T. ) ;
#864 = VECTOR ( 'NONE', #8913, 1000.000000000000000 ) ;
#866 = CARTESIAN_POINT ( 'NONE',  ( 413.9999999999999432, 460.0824999999979354, -46.41514919502149183 ) ) ;
#867 = CARTESIAN_POINT ( 'NONE',  ( 442.6000000000000227, 294.7008322483317784, 24.57149349491101376 ) ) ;
#868 = ORIENTED_EDGE ( 'NONE', *, *, #7101, .T. ) ;
#869 = LINE ( 'NONE', #3305, #4340 ) ;
#870 = ORIENTED_EDGE ( 'NONE', *, *, #8772, .T. ) ;
#871 = FACE_OUTER_BOUND ( 'NONE', #874, .T. ) ;
#872 = ADVANCED_FACE ( 'NONE', ( #7534 ), #2831, .F. ) ;
#873 = CARTESIAN_POINT ( 'NONE',  ( 431.1850646400574192, 520.7109331936195531, 56.58485080497863606 ) ) ;
#874 = EDGE_LOOP ( 'NONE', ( #3405, #6969, #8362, #7996, #10165, #2091, #6812 ) ) ;
#875 = DIRECTION ( 'NONE',  ( -1.000000000000000000, -2.478716320810480276E-16, -0.000000000000000000 ) ) ;
#876 = CARTESIAN_POINT ( 'NONE',  ( 442.5999999999999659, 295.4322364366017268, -18.68738794459803998 ) ) ;
#877 = ORIENTED_EDGE ( 'NONE', *, *, #9023, .F. ) ;
#878 = AXIS2_PLACEMENT_3D ( 'NONE', #5726, #8872, #1800 ) ;
#879 = DIRECTION ( 'NONE',  ( 1.000000000000000000, 0.000000000000000000, 0.000000000000000000 ) ) ;
#880 = VECTOR ( 'NONE', #3249, 1000.000000000000000 ) ;
#881 = CARTESIAN_POINT ( 'NONE',  ( 442.5999999999999659, 296.1228751062957372, 16.27387480217103288 ) ) ;
#882 = CARTESIAN_POINT ( 'NONE',  ( 441.0000000000002842, 296.8831948840989412, 17.90210036800587901 ) ) ;
#883 = ORIENTED_EDGE ( 'NONE', *, *, #7504, .T. ) ;
#884 = CARTESIAN_POINT ( 'NONE',  ( 479.9577062316873253, 468.5503855319574882, -43.65137797472398518 ) ) ;
#885 = CARTESIAN_POINT ( 'NONE',  ( 443.9999999999998863, 541.6013549447181958, 30.36793513670090761 ) ) ;
#886 = CARTESIAN_POINT ( 'NONE',  ( 451.4000000000000909, 293.6352210496745556, 31.62344407842975613 ) ) ;
#887 = AXIS2_PLACEMENT_3D ( 'NONE', #614, #7020, #2319 ) ;
#888 = CARTESIAN_POINT ( 'NONE',  ( 480.9039704651791567, 461.3499999999998522, -29.50996168723451163 ) ) ;
#889 = AXIS2_PLACEMENT_3D ( 'NONE', #453, #1084, #2788 ) ;
#890 = CARTESIAN_POINT ( 'NONE',  ( 419.8878183249040035, 522.7206298107208795, -15.43256569502599618 ) ) ;
#891 = ORIENTED_EDGE ( 'NONE', *, *, #8221, .T. ) ;
#892 = EDGE_CURVE ( 'NONE', #3466, #8053, #3592, .T. ) ;
#893 = CARTESIAN_POINT ( 'NONE',  ( 447.4999999999999432, 375.6938854097441549, 56.58485080497755604 ) ) ;
#894 = ORIENTED_EDGE ( 'NONE', *, *, #9308, .F. ) ;
#895 = CARTESIAN_POINT ( 'NONE',  ( 442.5999999999999659, 295.5147650968899029, -18.23007048948564801 ) ) ;
#896 = AXIS2_PLACEMENT_3D ( 'NONE', #7414, #6478, #9681 ) ;
#897 = DIRECTION ( 'NONE',  ( 0.8660254037844395958, 0.4999999999999985567, 0.000000000000000000 ) ) ;
#898 = CARTESIAN_POINT ( 'NONE',  ( 443.4999999999999432, 417.6000000000000227, 40.03443545679896687 ) ) ;
#899 = CARTESIAN_POINT ( 'NONE',  ( 439.9999999999998295, 539.7592284208975570, 21.51422962192287969 ) ) ;
#900 = CARTESIAN_POINT ( 'NONE',  ( 444.5932000679999305, 302.6526264331637321, 27.90407408404064427 ) ) ;
#901 = CARTESIAN_POINT ( 'NONE',  ( 444.0280608669040134, 538.0958096051106168, -7.763271607418591458 ) ) ;
#902 = CARTESIAN_POINT ( 'NONE',  ( 449.7274824898167367, 421.1937780941973415, -5.042471271051408799 ) ) ;
#903 = CARTESIAN_POINT ( 'NONE',  ( 440.9999999999999432, 404.7464466094067461, -2.760771534031255303 ) ) ;
#904 = ORIENTED_EDGE ( 'NONE', *, *, #915, .F. ) ;
#905 = FACE_OUTER_BOUND ( 'NONE', #990, .T. ) ;
#906 = AXIS2_PLACEMENT_3D ( 'NONE', #8628, #10129, #3005 ) ;
#907 = ORIENTED_EDGE ( 'NONE', *, *, #9511, .F. ) ;
#908 = DIRECTION ( 'NONE',  ( -1.000000000000000000, 0.000000000000000000, 0.000000000000000000 ) ) ;
#909 = ORIENTED_EDGE ( 'NONE', *, *, #9930, .T. ) ;
#910 = CARTESIAN_POINT ( 'NONE',  ( 336.0902124738105385, 362.4938854097437115, -10.90910849664849991 ) ) ;
#911 = CARTESIAN_POINT ( 'NONE',  ( 440.9999999999999432, 446.6000000000000227, 53.58485080497848685 ) ) ;
#912 = ORIENTED_EDGE ( 'NONE', *, *, #4974, .F. ) ;
#913 = CARTESIAN_POINT ( 'NONE',  ( 471.0732000679998919, 393.1035676410048154, 49.52876447756237610 ) ) ;
#914 = DIRECTION ( 'NONE',  ( 0.000000000000000000, 1.000000000000000000, 8.673617379884027583E-16 ) ) ;
#915 = EDGE_CURVE ( 'NONE', #4295, #4319, #3406, .T. ) ;
#916 = ORIENTED_EDGE ( 'NONE', *, *, #9704, .T. ) ;
#917 = EDGE_CURVE ( 'NONE', #2848, #7108, #7035, .T. ) ;
#918 = CARTESIAN_POINT ( 'NONE',  ( 429.6526740156904225, 524.6329011474115305, 54.22005864041438628 ) ) ;
#919 = DIRECTION ( 'NONE',  ( 1.000000000000000000, -2.996186134945139640E-16, -0.000000000000000000 ) ) ;
#920 = ORIENTED_EDGE ( 'NONE', *, *, #2370, .F. ) ;
#921 = CARTESIAN_POINT ( 'NONE',  ( 475.4999999999999432, 286.8333081229242225, -17.60649365081390272 ) ) ;
#922 = ORIENTED_EDGE ( 'NONE', *, *, #8513, .F. ) ;
#923 = DIRECTION ( 'NONE',  ( 0.000000000000000000, 0.000000000000000000, -1.000000000000000000 ) ) ;
#924 = VECTOR ( 'NONE', #8195, 1000.000000000000114 ) ;
#925 = EDGE_CURVE ( 'NONE', #3975, #8905, #6185, .T. ) ;
#926 = CARTESIAN_POINT ( 'NONE',  ( 431.1641438834284372, 520.1697585712593082, 56.58485080497849395 ) ) ;
#927 = ORIENTED_EDGE ( 'NONE', *, *, #9570, .T. ) ;
#928 = ADVANCED_FACE ( 'NONE', ( #5355 ), #2259, .F. ) ;
#929 = CARTESIAN_POINT ( 'NONE',  ( 449.5000000000000000, 429.6000000000001933, 17.48643040913305313 ) ) ;
#930 = CARTESIAN_POINT ( 'NONE',  ( 442.5999999999999091, 296.1260130476450740, -22.93974557765985267 ) ) ;
#931 = EDGE_CURVE ( 'NONE', #3216, #2851, #3714, .T. ) ;
#932 = ORIENTED_EDGE ( 'NONE', *, *, #5424, .T. ) ;
#933 = AXIS2_PLACEMENT_3D ( 'NONE', #861, #4137, #2469 ) ;
#935 = EDGE_CURVE ( 'NONE', #5240, #965, #5990, .T. ) ;
#934 = AXIS2_PLACEMENT_3D ( 'NONE', #2732, #5000, #1961 ) ;
#936 = DIRECTION ( 'NONE',  ( -1.000000000000000000, -2.478716320810480276E-16, -0.000000000000000000 ) ) ;
#937 = CARTESIAN_POINT ( 'NONE',  ( 413.9999999999999432, 446.6000000000000227, -34.91514919502148473 ) ) ;
#938 = DIRECTION ( 'NONE',  ( 0.000000000000000000, 1.000000000000000000, 0.000000000000000000 ) ) ;
#939 = ORIENTED_EDGE ( 'NONE', *, *, #9017, .T. ) ;
#940 = CARTESIAN_POINT ( 'NONE',  ( 447.5000000000000000, 276.9938854097435978, 0.1778581151391607218 ) ) ;
#941 = CARTESIAN_POINT ( 'NONE',  ( 465.9999999999998863, 429.6000000000000227, 43.08485080497851527 ) ) ;
#942 = CARTESIAN_POINT ( 'NONE',  ( 451.3999999999999204, 296.0727125632875527, 32.50006163482413513 ) ) ;
#943 = CARTESIAN_POINT ( 'NONE',  ( 459.3999999999999204, 298.8664056459464859, -14.78352078243896806 ) ) ;
#944 = DIRECTION ( 'NONE',  ( 0.000000000000000000, 8.285246452426540611E-16, -1.000000000000000000 ) ) ;
#945 = ORIENTED_EDGE ( 'NONE', *, *, #82, .T. ) ;
#946 = EDGE_CURVE ( 'NONE', #5211, #4854, #6918, .T. ) ;
#947 = FACE_OUTER_BOUND ( 'NONE', #9836, .T. ) ;
#948 = CIRCLE ( 'NONE', #6731, 6.500000000000008882 ) ;
#949 = CARTESIAN_POINT ( 'NONE',  ( 447.4999999999999432, 417.6000000000000227, -13.46077153403123994 ) ) ;
#950 = CARTESIAN_POINT ( 'NONE',  ( 478.0017662940205128, 476.1624060329274357, -35.38141250024018802 ) ) ;
#951 = EDGE_CURVE ( 'NONE', #7199, #9291, #4893, .T. ) ;
#952 = CARTESIAN_POINT ( 'NONE',  ( 449.1568542494924259, 362.4938854097437115, -8.565962746140883155 ) ) ;
#953 = EDGE_LOOP ( 'NONE', ( #7436, #3887, #6210, #3203 ) ) ;
#954 = CARTESIAN_POINT ( 'NONE',  ( 444.4447865163536449, 535.9324543997246337, 26.81437662921058873 ) ) ;
#955 = LINE ( 'NONE', #7050, #1762 ) ;
#956 = AXIS2_PLACEMENT_3D ( 'NONE', #1179, #4292, #5257 ) ;
#957 = CARTESIAN_POINT ( 'NONE',  ( 445.3999999999999204, 298.9431832186263023, -24.94639959920905525 ) ) ;
#958 = ORIENTED_EDGE ( 'NONE', *, *, #9248, .T. ) ;
#959 = CARTESIAN_POINT ( 'NONE',  ( 447.4999999999999432, 411.6000000000000227, 14.23922846596874514 ) ) ;
#960 = DIRECTION ( 'NONE',  ( 0.000000000000000000, 0.000000000000000000, -1.000000000000000000 ) ) ;
#961 = CARTESIAN_POINT ( 'NONE',  ( 451.4999999999999432, 366.4938854097437115, 3.846832232592027189E-13 ) ) ;
#962 = EDGE_CURVE ( 'NONE', #215, #10028, #6219, .T. ) ;
#963 = ORIENTED_EDGE ( 'NONE', *, *, #3325, .F. ) ;
#964 = CARTESIAN_POINT ( 'NONE',  ( 336.0902124738105385, 362.4938854097437115, 3.804847005708461026E-13 ) ) ;
#965 = VERTEX_POINT ( 'NONE', #3809 ) ;
#966 = CARTESIAN_POINT ( 'NONE',  ( 449.5000000000000000, 446.6000000000004206, -34.91514919502153447 ) ) ;
#967 = AXIS2_PLACEMENT_3D ( 'NONE', #9691, #5775, #489 ) ;
#968 = DIRECTION ( 'NONE',  ( 0.000000000000000000, 0.000000000000000000, 1.000000000000000000 ) ) ;
#969 = EDGE_LOOP ( 'NONE', ( #3177, #7008, #5225, #4584 ) ) ;
#970 = CARTESIAN_POINT ( 'NONE',  ( 480.9999999999999432, 449.6000000000000796, 50.58485080497851527 ) ) ;
#971 = PLANE ( 'NONE',  #5503 ) ;
#972 = ORIENTED_EDGE ( 'NONE', *, *, #322, .F. ) ;
#973 = CARTESIAN_POINT ( 'NONE',  ( 463.3999999999999204, 307.8647883734522566, 22.98108925033765004 ) ) ;
#974 = CARTESIAN_POINT ( 'NONE',  ( 449.1124242519301220, 363.2749361095695804, 9.895676020169462461 ) ) ;
#975 = ORIENTED_EDGE ( 'NONE', *, *, #2662, .T. ) ;
#976 = LINE ( 'NONE', #921, #5150 ) ;
#977 = EDGE_LOOP ( 'NONE', ( #17, #3470, #9199 ) ) ;
#978 = LINE ( 'NONE', #7281, #6527 ) ;
#979 = CIRCLE ( 'NONE', #4768, 6.853553390593302375 ) ;
#980 = CARTESIAN_POINT ( 'NONE',  ( 420.0554228516060107, 523.5078408101936702, 54.51157743809888956 ) ) ;
#981 = VERTEX_POINT ( 'NONE', #9124 ) ;
#982 = DIRECTION ( 'NONE',  ( 2.601736677730715002E-31, -1.049630672089176363E-15, 1.000000000000000000 ) ) ;
#983 = CARTESIAN_POINT ( 'NONE',  ( 442.6000000000000796, 296.1570393347327581, -16.26881150325626635 ) ) ;
#984 = EDGE_LOOP ( 'NONE', ( #8653, #5317, #2019, #8889 ) ) ;
#985 = VECTOR ( 'NONE', #9616, 1000.000000000000227 ) ;
#986 = EDGE_CURVE ( 'NONE', #10131, #758, #3086, .T. ) ;
#987 = CARTESIAN_POINT ( 'NONE',  ( 443.9999999999999432, 538.3604643982594098, -3.763271607418768205 ) ) ;
#988 = PLANE ( 'NONE',  #221 ) ;
#989 = LINE ( 'NONE', #3993, #4926 ) ;
#990 = EDGE_LOOP ( 'NONE', ( #9196, #1748, #9498, #3158 ) ) ;
#991 = ADVANCED_FACE ( 'NONE', ( #4540 ), #4415, .F. ) ;
#992 = CARTESIAN_POINT ( 'NONE',  ( 440.9999999999999432, 347.1206644405273209, -9.606332081159216330 ) ) ;
#993 = CARTESIAN_POINT ( 'NONE',  ( 417.1163902890998543, 521.6514004638480628, 55.37642398435879443 ) ) ;
#994 = EDGE_CURVE ( 'NONE', #7121, #8407, #4628, .T. ) ;
#995 = VERTEX_POINT ( 'NONE', #9957 ) ;
#996 = DIRECTION ( 'NONE',  ( -1.000000000000000000, -0.000000000000000000, -0.000000000000000000 ) ) ;
#997 = CARTESIAN_POINT ( 'NONE',  ( 442.5999999999999091, 416.1973064227058785, 55.04993368281833455 ) ) ;
#998 = CARTESIAN_POINT ( 'NONE',  ( 441.1601733462834432, 421.7933800443097994, -2.818136464556833864 ) ) ;
#999 = ORIENTED_EDGE ( 'NONE', *, *, #9604, .F. ) ;
#1000 = EDGE_CURVE ( 'NONE', #8103, #9644, #8853, .T. ) ;
#1001 = CARTESIAN_POINT ( 'NONE',  ( 456.0231999999999175, 375.7698091286253543, 45.38467093712073819 ) ) ;
#1002 = DIRECTION ( 'NONE',  ( -2.478716320810480276E-16, 1.000000000000000000, 2.602085213965208275E-15 ) ) ;
#1003 = CARTESIAN_POINT ( 'NONE',  ( 439.9999999999998295, 540.7446749143900888, 19.89746887399531516 ) ) ;
#1004 = EDGE_CURVE ( 'NONE', #7073, #6780, #1384, .T. ) ;
#1005 = TOROIDAL_SURFACE ( 'NONE', #3656, 3.999999999999993339, 4.000000000000000000 ) ;
#1006 = FACE_OUTER_BOUND ( 'NONE', #93, .T. ) ;
#1007 = CARTESIAN_POINT ( 'NONE',  ( 422.8526740142684730, 526.0728315120054503, 39.47190577165515890 ) ) ;
#1008 = AXIS2_PLACEMENT_3D ( 'NONE', #4992, #4235, #385 ) ;
#1009 = CARTESIAN_POINT ( 'NONE',  ( 451.4000000000000341, 289.9735001604357763, -15.66821063197641806 ) ) ;
#1010 = DIRECTION ( 'NONE',  ( 0.000000000000000000, 0.000000000000000000, -1.000000000000000000 ) ) ;
#1011 = ORIENTED_EDGE ( 'NONE', *, *, #5962, .F. ) ;
#1012 = CARTESIAN_POINT ( 'NONE',  ( 440.9999999999999432, 470.5668708588108302, 56.58485080497850817 ) ) ;
#1013 = CARTESIAN_POINT ( 'NONE',  ( 436.3108891324553156, 488.0668708588108871, -37.28153508252391646 ) ) ;
#1014 = DIRECTION ( 'NONE',  ( 0.000000000000000000, 0.000000000000000000, -1.000000000000000000 ) ) ;
#1015 = DIRECTION ( 'NONE',  ( 0.000000000000000000, 0.000000000000000000, 1.000000000000000000 ) ) ;
#1016 = ORIENTED_EDGE ( 'NONE', *, *, #9091, .T. ) ;
#1017 = LINE ( 'NONE', #74, #7481 ) ;
#1018 = AXIS2_PLACEMENT_3D ( 'NONE', #7720, #9354, #3942 ) ;
#1019 = LINE ( 'NONE', #1636, #796 ) ;
#1020 = VERTEX_POINT ( 'NONE', #8556 ) ;
#1021 = CARTESIAN_POINT ( 'NONE',  ( 451.3999999999999204, 276.9938854097437115, 0.1778581151391607218 ) ) ;
#1022 = CARTESIAN_POINT ( 'NONE',  ( 413.9999999999999432, 526.7104643982597736, 56.58485080497850817 ) ) ;
#1023 = ORIENTED_EDGE ( 'NONE', *, *, #1575, .F. ) ;
#1024 = APPROVAL_PERSON_ORGANIZATION ( #5464, #9901, #6967 ) ;
#1025 = B_SPLINE_CURVE_WITH_KNOTS ( 'NONE', 3,
 ( #4559, #6966, #10067, #3881, #6304, #3781, #9289, #7707, #6204, #3052, #7856, #763 ),
 .UNSPECIFIED., .F., .F.,
 ( 4, 2, 2, 2, 2, 4 ),
 ( 0.01621581719493924920, 0.02033604697035013356, 0.02239616185805559656, 0.02445627674576106303, 0.02857650652117215209, 0.03269673629658324115 ),
 .UNSPECIFIED. ) ;
#1026 = CARTESIAN_POINT ( 'NONE',  ( 441.0000000000001137, 296.4270915688620676, 24.28192656011395201 ) ) ;
#1027 = AXIS2_PLACEMENT_3D ( 'NONE', #2999, #4696, #5522 ) ;
#1028 = CARTESIAN_POINT ( 'NONE',  ( 442.6000000000000227, 295.9442402853893554, 26.00195427620034394 ) ) ;
#1029 = VERTEX_POINT ( 'NONE', #7684 ) ;
#1030 = CYLINDRICAL_SURFACE ( 'NONE', #3835, 4.825000000000000178 ) ;
#1031 = ORIENTED_EDGE ( 'NONE', *, *, #3556, .T. ) ;
#1032 = LINE ( 'NONE', #9757, #8499 ) ;
#1033 = CARTESIAN_POINT ( 'NONE',  ( 427.0873641793307911, 521.7618493066316887, 56.45635132986226523 ) ) ;
#1034 = ORIENTED_EDGE ( 'NONE', *, *, #7366, .F. ) ;
#1035 = CARTESIAN_POINT ( 'NONE',  ( 443.4999999999999432, 411.6000000000000227, 24.93922846596873555 ) ) ;
#1036 = AXIS2_PLACEMENT_3D ( 'NONE', #5832, #6702, #9119 ) ;
#1037 = CARTESIAN_POINT ( 'NONE',  ( 471.0732000679998919, 302.6526264331637321, 27.90407408404064427 ) ) ;
#1038 = ORIENTED_EDGE ( 'NONE', *, *, #151, .F. ) ;
#1039 = SPHERICAL_SURFACE ( 'NONE', #1138, 4.000000000000000000 ) ;
#1040 = DIRECTION ( 'NONE',  ( -0.5000000000000019984, 0.8660254037844374864, 0.000000000000000000 ) ) ;
#1041 = DIRECTION ( 'NONE',  ( -0.7071067811865424657, 0.7071067811865526798, -5.858553950312634048E-16 ) ) ;
#1042 = ORIENTED_EDGE ( 'NONE', *, *, #4017, .F. ) ;
#1043 = CARTESIAN_POINT ( 'NONE',  ( 443.4999999999999432, 379.6938854097437002, -0.2091084966485244057 ) ) ;
#1044 = AXIS2_PLACEMENT_3D ( 'NONE', #2164, #1533, #8470 ) ;
#1045 = CARTESIAN_POINT ( 'NONE',  ( 417.6884847204217976, 520.4493391341442248, 56.06380402539700469 ) ) ;
#1046 = ORIENTED_EDGE ( 'NONE', *, *, #6441, .F. ) ;
#1047 = CARTESIAN_POINT ( 'NONE',  ( 451.3999999999999773, 297.4047479695992706, 26.64942990364838593 ) ) ;
#1048 = CARTESIAN_POINT ( 'NONE',  ( 440.9999999999999432, 404.7464466094067461, 14.23922846596874514 ) ) ;
#1049 = CARTESIAN_POINT ( 'NONE',  ( 475.4999999999999432, 285.7438236647383292, 16.59122402630373116 ) ) ;
#1050 = VERTEX_POINT ( 'NONE', #5259 ) ;
#1051 = EDGE_CURVE ( 'NONE', #2924, #8277, #741, .T. ) ;
#1052 = VECTOR ( 'NONE', #3528, 1000.000000000000000 ) ;
#1053 = VECTOR ( 'NONE', #4355, 1000.000000000000227 ) ;
#1054 = ADVANCED_FACE ( 'NONE', ( #1478 ), #4493, .F. ) ;
#1055 = DIRECTION ( 'NONE',  ( 0.000000000000000000, 1.000000000000000000, -2.432982119166065118E-15 ) ) ;
#1056 = CARTESIAN_POINT ( 'NONE',  ( 419.1173417305925000, 524.6419951375278288, -14.85001997201151802 ) ) ;
#1057 = CARTESIAN_POINT ( 'NONE',  ( 463.3999999999999204, 307.8647883734522566, 22.98108925033765004 ) ) ;
#1058 = CIRCLE ( 'NONE', #1395, 56.00000000000000000 ) ;
#1059 = CC_DESIGN_PERSON_AND_ORGANIZATION_ASSIGNMENT ( #7021, #659, ( #8971 ) ) ;
#1060 = DIRECTION ( 'NONE',  ( -1.000000000000000000, 0.000000000000000000, 0.000000000000000000 ) ) ;
#1061 = AXIS2_PLACEMENT_3D ( 'NONE', #5519, #814, #8672 ) ;
#1062 = VECTOR ( 'NONE', #9477, 1000.000000000000114 ) ;
#1063 = FACE_OUTER_BOUND ( 'NONE', #6199, .T. ) ;
#1064 = ADVANCED_FACE ( 'NONE', ( #494 ), #4442, .T. ) ;
#1065 = CYLINDRICAL_SURFACE ( 'NONE', #271, 6.500000000000002665 ) ;
#1066 = CARTESIAN_POINT ( 'NONE',  ( 453.6999999999999318, 429.6000000000000796, 5.739228465968748694 ) ) ;
#1067 = ORIENTED_EDGE ( 'NONE', *, *, #4167, .T. ) ;
#1068 = AXIS2_PLACEMENT_3D ( 'NONE', #1609, #103, #5590 ) ;
#1069 = AXIS2_PLACEMENT_3D ( 'NONE', #6477, #9785, #9622 ) ;
#1070 = AXIS2_PLACEMENT_3D ( 'NONE', #7234, #3310, #144 ) ;
#1071 = EDGE_CURVE ( 'NONE', #2486, #7695, #4882, .T. ) ;
#1072 = CARTESIAN_POINT ( 'NONE',  ( 447.5000000000000000, 308.7948825839263236, 19.09072618763480023 ) ) ;
#1073 = CARTESIAN_POINT ( 'NONE',  ( 451.2734762684777934, 362.4987050902838632, -0.4978709390746984265 ) ) ;
#1074 = CARTESIAN_POINT ( 'NONE',  ( 440.9999999999999432, 375.9938854097437684, -0.2091084966484805241 ) ) ;
#1075 = CARTESIAN_POINT ( 'NONE',  ( 440.9999999999999432, 421.9535533905932425, -1.772981609906821854 ) ) ;
#1076 = ORIENTED_EDGE ( 'NONE', *, *, #7759, .T. ) ;
#1077 = DIRECTION ( 'NONE',  ( 0.000000000000000000, 0.7071067811865787700, -0.7071067811865162644 ) ) ;
#1078 = AXIS2_PLACEMENT_3D ( 'NONE', #5745, #7913, #5693 ) ;
#1079 = CARTESIAN_POINT ( 'NONE',  ( 422.8526740142684730, 235.0329790560278695, 284.8219227160391824 ) ) ;
#1080 = LINE ( 'NONE', #6604, #4572 ) ;
#1081 = DIRECTION ( 'NONE',  ( 0.000000000000000000, 0.000000000000000000, 1.000000000000000000 ) ) ;
#1082 = ORIENTED_EDGE ( 'NONE', *, *, #4421, .T. ) ;
#1083 = CARTESIAN_POINT ( 'NONE',  ( 440.9999999999999432, 296.3676755086667640, 24.20794425122912230 ) ) ;
#1084 = DIRECTION ( 'NONE',  ( 1.000000000000000000, 0.000000000000000000, 0.000000000000000000 ) ) ;
#1085 = VERTEX_POINT ( 'NONE', #9418 ) ;
#1086 = CARTESIAN_POINT ( 'NONE',  ( 445.6171514945492049, 486.2261995148513165, -32.09676455744705237 ) ) ;
#1087 = ORIENTED_EDGE ( 'NONE', *, *, #5221, .T. ) ;
#1088 = FACE_OUTER_BOUND ( 'NONE', #4670, .T. ) ;
#1089 = ADVANCED_FACE ( 'NONE', ( #9580 ), #8038, .F. ) ;
#1090 = CARTESIAN_POINT ( 'NONE',  ( 423.3611598231604489, 522.6953711733058299, 55.81731467033490190 ) ) ;
#1091 = EDGE_CURVE ( 'NONE', #20, #4072, #955, .T. ) ;
#1092 = ORIENTED_EDGE ( 'NONE', *, *, #1260, .T. ) ;
#1093 = CARTESIAN_POINT ( 'NONE',  ( 336.0902124738105385, 412.2317344549137488, -38.52254310929824044 ) ) ;
#1094 = DIRECTION ( 'NONE',  ( 1.000000000000000000, 0.000000000000000000, 0.000000000000000000 ) ) ;
#1095 = VERTEX_POINT ( 'NONE', #3181 ) ;
#1096 = CARTESIAN_POINT ( 'NONE',  ( 461.9999999999998863, 429.6000000000000227, -28.41514919502149183 ) ) ;
#1097 = EDGE_LOOP ( 'NONE', ( #7143, #1092, #2139, #1617 ) ) ;
#1098 = B_SPLINE_SURFACE_WITH_KNOTS ( 'NONE', 1, 3, ( 
 ( #2820, #9214, #9999, #7579, #5250, #488, #2872, #2925, #4485, #1278, #8358, #9169, #2050, #5201, #1327, #535, #3704, #2103, #8408, #6747, #2148, #7626, #6847, #2200, #6076, #5979, #4388, #6123, #3607, #5144, #4576, #3652, #7526, #1424, #5345, #9116, #5298, #6943, #6794, #8454, #4435, #9949, #6032, #7728, #1376, #9263, #636, #3802, #4531, #2774, #5932, #585, #3754, #6895, #2972, #9069 ),
 ( #1998, #9900, #8307, #1225, #441, #681, #7831, #8748, #2453, #736, #1471, #3023, #9412, #2344, #5488, #895, #839, #2294, #6223, #8646, #7090, #10094, #1670, #7145, #57, #9314, #7040, #7879, #3950, #3849, #8549, #3903, #10243, #6327, #3072, #3173, #1620, #10190, #787, #4667, #7987, #4765, #2402, #3124, #9467, #5547, #2246, #3227, #4622, #8698, #1571, #4716, #6994, #7928, #10145, #4816 ) ),
 .UNSPECIFIED., .F., .F., .F.,
 ( 2, 2 ),
 ( 4, 2, 2, 2, 2, 2, 2, 2, 2, 2, 2, 2, 2, 2, 2, 2, 2, 2, 2, 2, 2, 2, 2, 2, 2, 2, 2, 4 ),
 ( 0.000000000000000000, 1.000000000000000000 ),
 ( 0.000000000000000000, 0.0005672773584193236632, 0.001134554716838647326, 0.001701832075257970990, 0.002269109433677294653, 0.002552748112886956376, 0.002836386792096618099, 0.003120025471306279823, 0.003403664150515941979, 0.003970941508935265860, 0.004538218867354589306, 0.004821857546564251029, 0.005105496225773912752, 0.005389134904983574476, 0.005672773584193236199, 0.006240050942612559645, 0.006523689621822221368, 0.006807328301031883959, 0.007090966980241546549, 0.007374605659451208273, 0.007658244338660869996, 0.007941883017870531719, 0.008083702357475363448, 0.008225521697080193442, 0.008367341036685023437, 0.008509160376289855165, 0.008792799055499516889, 0.009076437734709178612 ),
 .UNSPECIFIED. ) ;
#1099 = DIRECTION ( 'NONE',  ( -1.000000000000000000, -2.478716320810480276E-16, -0.000000000000000000 ) ) ;
#1100 = CARTESIAN_POINT ( 'NONE',  ( 413.9999999999999432, 427.4419730684657566, -46.41514919502148473 ) ) ;
#1101 = CIRCLE ( 'NONE', #8203, 4.000000000000003553 ) ;
#1102 = DIRECTION ( 'NONE',  ( 0.000000000000000000, 0.000000000000000000, 1.000000000000000000 ) ) ;
#1103 = CARTESIAN_POINT ( 'NONE',  ( 447.4999999999999432, 417.6000000000000227, 14.23922846596874514 ) ) ;
#1104 = ADVANCED_FACE ( 'NONE', ( #1627 ), #7210, .F. ) ;
#1105 = DIRECTION ( 'NONE',  ( 0.000000000000000000, 0.000000000000000000, -1.000000000000000000 ) ) ;
#1106 = VERTEX_POINT ( 'NONE', #9528 ) ;
#1107 = CARTESIAN_POINT ( 'NONE',  ( 445.4000000000004889, 297.3179866677890573, 26.62868383958315022 ) ) ;
#1108 = DIRECTION ( 'NONE',  ( 0.000000000000000000, 0.000000000000000000, 1.000000000000000000 ) ) ;
#1109 = CARTESIAN_POINT ( 'NONE',  ( 447.5000000000000000, 255.9938854097437115, 20.93922846596852594 ) ) ;
#1110 = EDGE_LOOP ( 'NONE', ( #7480, #6424, #7737, #2372, #8985 ) ) ;
#1111 = AXIS2_PLACEMENT_3D ( 'NONE', #4823, #3910, #118 ) ;
#1112 = DIRECTION ( 'NONE',  ( 0.000000000000000000, -1.000000000000000000, 2.168404344971006896E-15 ) ) ;
#1113 = FACE_BOUND ( 'NONE', #4612, .T. ) ;
#1114 = DIRECTION ( 'NONE',  ( 1.000000000000000000, 0.000000000000000000, 0.000000000000000000 ) ) ;
#1115 = CARTESIAN_POINT ( 'NONE',  ( 456.0231999999999175, 374.0769747633160023, 38.81086406350270579 ) ) ;
#1116 = CARTESIAN_POINT ( 'NONE',  ( 475.4999999999999432, 286.8333081229242225, -15.60649365081390094 ) ) ;
#1117 = ADVANCED_FACE ( 'NONE', ( #5662 ), #3075, .F. ) ;
#1118 = CARTESIAN_POINT ( 'NONE',  ( 481.0009999999999195, 411.6000000000000227, -2.760771534031255303 ) ) ;
#1119 = DIRECTION ( 'NONE',  ( 1.000000000000000000, 0.000000000000000000, 0.000000000000000000 ) ) ;
#1120 = VERTEX_POINT ( 'NONE', #2351 ) ;
#1121 = AXIS2_PLACEMENT_3D ( 'NONE', #10112, #603, #3920 ) ;
#1122 = CARTESIAN_POINT ( 'NONE',  ( 439.9999999999999432, 544.3248858100561165, 11.17049257346347879 ) ) ;
#1123 = EDGE_CURVE ( 'NONE', #5309, #9991, #1880, .T. ) ;
#1124 = CARTESIAN_POINT ( 'NONE',  ( 441.0000000000000000, 476.7463558069134137, -40.97635518623154383 ) ) ;
#1125 = CARTESIAN_POINT ( 'NONE',  ( 440.9999999999999432, 296.9696649438137683, -20.32916921471493765 ) ) ;
#1126 = ADVANCED_FACE ( 'NONE', ( #5607 ), #9369, .T. ) ;
#1127 = CARTESIAN_POINT ( 'NONE',  ( 439.9999999999999432, 540.7344680450441956, -0.05503110620580639600 ) ) ;
#1128 = VERTEX_POINT ( 'NONE', #6336 ) ;
#1129 = CARTESIAN_POINT ( 'NONE',  ( 445.4000000000428940, 294.4708364453283593, 19.20757751871820318 ) ) ;
#1130 = DIRECTION ( 'NONE',  ( 0.000000000000000000, 0.000000000000000000, 1.000000000000000000 ) ) ;
#1131 = EDGE_CURVE ( 'NONE', #1453, #7446, #2460, .T. ) ;
#1132 = VECTOR ( 'NONE', #1333, 1000.000000000000000 ) ;
#1133 = DIRECTION ( 'NONE',  ( 0.000000000000000000, -1.000000000000000000, 1.852100334687637409E-16 ) ) ;
#1134 = DIRECTION ( 'NONE',  ( 0.000000000000000000, 1.000000000000000000, 0.000000000000000000 ) ) ;
#1135 = ORIENTED_EDGE ( 'NONE', *, *, #2718, .F. ) ;
#1136 = CARTESIAN_POINT ( 'NONE',  ( 442.6000000000000227, 294.7008322483317784, 24.57149349491101376 ) ) ;
#1137 = ADVANCED_FACE ( 'NONE', ( #5497 ), #8656, .F. ) ;
#1138 = AXIS2_PLACEMENT_3D ( 'NONE', #987, #4802, #3213 ) ;
#1139 = DIRECTION ( 'NONE',  ( 1.000000000000000000, 0.000000000000000000, 0.000000000000000000 ) ) ;
#1140 = EDGE_LOOP ( 'NONE', ( #3518, #3939, #423, #718 ) ) ;
#1141 = FACE_OUTER_BOUND ( 'NONE', #4630, .T. ) ;
#1142 = EDGE_LOOP ( 'NONE', ( #7785, #3503, #9915, #610 ) ) ;
#1143 = CARTESIAN_POINT ( 'NONE',  ( 445.0846366923383357, 534.3604643982596372, 23.62334978965654386 ) ) ;
#1144 = LINE ( 'NONE', #9971, #2435 ) ;
#1145 = VERTEX_POINT ( 'NONE', #4011 ) ;
#1146 = CARTESIAN_POINT ( 'NONE',  ( 419.1173417305925000, 524.6419951375278288, 0.1778581151391607218 ) ) ;
#1147 = EDGE_CURVE ( 'NONE', #2265, #2172, #5227, .T. ) ;
#1148 = FACE_OUTER_BOUND ( 'NONE', #5612, .T. ) ;
#1149 = ORIENTED_EDGE ( 'NONE', *, *, #8559, .T. ) ;
#1150 = LINE ( 'NONE', #1255, #6757 ) ;
#1151 = ORIENTED_EDGE ( 'NONE', *, *, #9374, .F. ) ;
#1152 = ADVANCED_FACE ( 'NONE', ( #8756 ), #1065, .F. ) ;
#1153 = EDGE_CURVE ( 'NONE', #3464, #818, #4280, .T. ) ;
#1154 = CARTESIAN_POINT ( 'NONE',  ( 441.3535533905932198, 415.1000000000000227, -2.760771534031255303 ) ) ;
#1155 = CARTESIAN_POINT ( 'NONE',  ( 456.0231999999999175, 372.6818334476049586, 44.64640865755696097 ) ) ;
#1156 = CYLINDRICAL_SURFACE ( 'NONE', #3502, 1.250000000000001110 ) ;
#1157 = CARTESIAN_POINT ( 'NONE',  ( 480.9999999999999432, 359.9938854097437115, -19.94615330014154253 ) ) ;
#1158 = CARTESIAN_POINT ( 'NONE',  ( 417.1321612453692182, 521.6166123142334072, 55.40178591395199703 ) ) ;
#1159 = VERTEX_POINT ( 'NONE', #8968 ) ;
#1160 = CARTESIAN_POINT ( 'NONE',  ( 451.4000000000007731, 297.3084503846895927, 26.62637910147343945 ) ) ;
#1161 = CARTESIAN_POINT ( 'NONE',  ( 480.9999999999999432, 451.1750022177633355, -46.41514919502149183 ) ) ;
#1162 = CARTESIAN_POINT ( 'NONE',  ( 441.1523006980262380, 421.8012526925669476, -2.760771534031256191 ) ) ;
#1163 = ORIENTED_EDGE ( 'NONE', *, *, #6135, .T. ) ;
#1164 = CIRCLE ( 'NONE', #2470, 8.280000000000091731 ) ;
#1165 = DIRECTION ( 'NONE',  ( 0.000000000000000000, 0.000000000000000000, -1.000000000000000000 ) ) ;
#1166 = CARTESIAN_POINT ( 'NONE',  ( 451.3494066760256374, 523.4809186298974737, -25.72300306711524343 ) ) ;
#1167 = CYLINDRICAL_SURFACE ( 'NONE', #58, 4.000000000000003553 ) ;
#1168 = DIRECTION ( 'NONE',  ( 0.000000000000000000, 0.000000000000000000, 1.000000000000000000 ) ) ;
#1169 = CARTESIAN_POINT ( 'NONE',  ( 451.4000000000000341, 290.3058740339208157, -14.69832285242765302 ) ) ;
#1170 = DIRECTION ( 'NONE',  ( 1.000000000000000000, 0.000000000000000000, 0.000000000000000000 ) ) ;
#1171 = VERTEX_POINT ( 'NONE', #4176 ) ;
#1172 = CARTESIAN_POINT ( 'NONE',  ( 440.0000000000002274, 541.6855523734639064, 1.569600626869034343 ) ) ;
#1173 = CARTESIAN_POINT ( 'NONE',  ( 447.8086209999955827, 364.9458495720670044, -5.297776369327017676 ) ) ;
#1174 = DIRECTION ( 'NONE',  ( 0.000000000000000000, 1.000000000000000000, 0.000000000000000000 ) ) ;
#1175 = AXIS2_PLACEMENT_3D ( 'NONE', #959, #4127, #8813 ) ;
#1176 = CARTESIAN_POINT ( 'NONE',  ( 440.0000000005246648, 542.4079821496926570, -4.917650598623198199 ) ) ;
#1177 = ORIENTED_EDGE ( 'NONE', *, *, #658, .T. ) ;
#1178 = DIRECTION ( 'NONE',  ( 0.000000000000000000, 1.000000000000000000, 0.000000000000000000 ) ) ;
#1179 = CARTESIAN_POINT ( 'NONE',  ( 447.4999999999999432, 413.6000000000000227, 40.03443545679897397 ) ) ;
#1180 = CARTESIAN_POINT ( 'NONE',  ( 414.6808257189578057, 529.1985347023228314, -23.80700167281398549 ) ) ;
#1181 = EDGE_CURVE ( 'NONE', #1106, #3210, #6875, .T. ) ;
#1182 = LINE ( 'NONE', #1022, #3866 ) ;
#1183 = EDGE_LOOP ( 'NONE', ( #2353, #9120, #10128, #5383 ) ) ;
#1184 = CIRCLE ( 'NONE', #6286, 6.199999999999983302 ) ;
#1185 = EDGE_CURVE ( 'NONE', #5397, #2233, #1947, .T. ) ;
#1186 = CARTESIAN_POINT ( 'NONE',  ( 440.9999999999998863, 296.5903637429656783, 18.38453102995796939 ) ) ;
#1187 = EDGE_CURVE ( 'NONE', #8898, #4081, #3248, .T. ) ;
#1188 = PLANE ( 'NONE',  #1725 ) ;
#1189 = VECTOR ( 'NONE', #2442, 1000.000000000000000 ) ;
#1190 = ORIENTED_EDGE ( 'NONE', *, *, #5287, .T. ) ;
#1191 = CARTESIAN_POINT ( 'NONE',  ( 443.9999999999999432, 543.5734292711644002, 22.98141646844657870 ) ) ;
#1192 = VERTEX_POINT ( 'NONE', #8153 ) ;
#1193 = DIRECTION ( 'NONE',  ( 0.000000000000000000, 0.000000000000000000, 1.000000000000000000 ) ) ;
#1194 = CARTESIAN_POINT ( 'NONE',  ( 449.5000000000000568, 453.0999999999999659, 30.00000000000000000 ) ) ;
#1195 = ORIENTED_EDGE ( 'NONE', *, *, #9699, .F. ) ;
#1196 = DIRECTION ( 'NONE',  ( 1.000000000000000000, 2.478716320810480276E-16, 0.000000000000000000 ) ) ;
#1197 = EDGE_CURVE ( 'NONE', #6618, #1128, #6593, .T. ) ;
#1198 = CARTESIAN_POINT ( 'NONE',  ( 429.6526740142684275, 537.0104643982598418, 16.27972080497849205 ) ) ;
#1199 = EDGE_LOOP ( 'NONE', ( #3424, #4125, #7224 ) ) ;
#1200 = AXIS2_PLACEMENT_3D ( 'NONE', #1596, #4745, #3980 ) ;
#1201 = CARTESIAN_POINT ( 'NONE',  ( 443.9999999999999432, 470.5668708588108302, -32.99995213599169119 ) ) ;
#1202 = ORIENTED_EDGE ( 'NONE', *, *, #8453, .T. ) ;
#1203 = DIRECTION ( 'NONE',  ( -0.000000000000000000, -0.000000000000000000, 1.000000000000000000 ) ) ;
#1204 = ADVANCED_FACE ( 'NONE', ( #328 ), #6214, .F. ) ;
#1205 = DIRECTION ( 'NONE',  ( 0.000000000000000000, 0.000000000000000000, -1.000000000000000000 ) ) ;
#1206 = CARTESIAN_POINT ( 'NONE',  ( 454.0730317999999102, 505.8337287883887257, 56.58485080497849395 ) ) ;
#1207 = DIRECTION ( 'NONE',  ( 1.000000000000000000, 1.821231995776175085E-15, 4.553079989440437711E-16 ) ) ;
#1208 = DIRECTION ( 'NONE',  ( 1.000000000000000000, 2.478716320810480276E-16, 0.000000000000000000 ) ) ;
#1209 = AXIS2_PLACEMENT_3D ( 'NONE', #8001, #3292, #8109 ) ;
#1210 = ORIENTED_EDGE ( 'NONE', *, *, #9760, .F. ) ;
#1211 = ORIENTED_EDGE ( 'NONE', *, *, #8204, .F. ) ;
#1212 = DIRECTION ( 'NONE',  ( 0.000000000000000000, 0.7713003027338422024, -0.6364713999879989537 ) ) ;
#1213 = DIRECTION ( 'NONE',  ( 1.000000000000000000, 0.000000000000000000, 0.000000000000000000 ) ) ;
#1214 = ORIENTED_EDGE ( 'NONE', *, *, #2270, .F. ) ;
#1215 = AXIS2_PLACEMENT_3D ( 'NONE', #1115, #7660, #4517 ) ;
#1216 = DIRECTION ( 'NONE',  ( 0.000000000000000000, 0.9725907656757107889, 0.2325235526185136237 ) ) ;
#1217 = CARTESIAN_POINT ( 'NONE',  ( 435.4949135527620570, 532.2817242699372855, -22.85057248789061646 ) ) ;
#1218 = SPHERICAL_SURFACE ( 'NONE', #8174, 4.000000000000000000 ) ;
#1219 = DIRECTION ( 'NONE',  ( 0.000000000000000000, 0.000000000000000000, 1.000000000000000000 ) ) ;
#1220 = ADVANCED_FACE ( 'NONE', ( #9790 ), #10065, .F. ) ;
#1221 = CARTESIAN_POINT ( 'NONE',  ( 440.9999999999998295, 421.0999999999998522, -28.41514919502196079 ) ) ;
#1222 = VECTOR ( 'NONE', #8488, 1000.000000000000000 ) ;
#1223 = CARTESIAN_POINT ( 'NONE',  ( 480.8288368713962768, 462.4171194620999472, 42.61115180137389302 ) ) ;
#1224 = VERTEX_POINT ( 'NONE', #4712 ) ;
#1225 = CARTESIAN_POINT ( 'NONE',  ( 442.5999999999997385, 296.5824316058016166, -15.45588024218397472 ) ) ;
#1226 = VECTOR ( 'NONE', #5830, 1000.000000000000000 ) ;
#1227 = CARTESIAN_POINT ( 'NONE',  ( 447.4999999999999432, 417.6000000000000227, -8.760771534031254859 ) ) ;
#1228 = TOROIDAL_SURFACE ( 'NONE', #3364, 3.999999999999921840, 4.000000000000000000 ) ;
#1229 = CARTESIAN_POINT ( 'NONE',  ( 440.9999999999998863, 297.3018450792293947, -17.72664108563606788 ) ) ;
#1230 = ORIENTED_EDGE ( 'NONE', *, *, #5610, .T. ) ;
#1231 = CARTESIAN_POINT ( 'NONE',  ( 451.3999999999999773, 296.1228751062957940, 16.27387480217108262 ) ) ;
#1232 = LINE ( 'NONE', #8412, #5572 ) ;
#1233 = CARTESIAN_POINT ( 'NONE',  ( 480.9999999999999432, 460.0824999999979354, -46.41514919502149183 ) ) ;
#1234 = B_SPLINE_CURVE_WITH_KNOTS ( 'NONE', 3,
 ( #70, #3964, #3184, #4680, #6390, #7844, #3290, #4016, #10156, #6285, #2305, #9479 ),
 .UNSPECIFIED., .F., .F.,
 ( 4, 2, 2, 2, 2, 4 ),
 ( 1.112389315513592667E-16, 0.004053954298734895566, 0.008107908597469680109, 0.01216186289620446379, 0.01418884004557185649, 0.01621581719493924920 ),
 .UNSPECIFIED. ) ;
#1235 = CIRCLE ( 'NONE', #5509, 51.99999999999999289 ) ;
#1236 = CARTESIAN_POINT ( 'NONE',  ( 437.1455616197667382, 536.6905257525155548, -19.75336751734855767 ) ) ;
#1237 = AXIS2_PLACEMENT_3D ( 'NONE', #4545, #4817, #4498 ) ;
#1238 = ORIENTED_EDGE ( 'NONE', *, *, #8501, .T. ) ;
#1239 = FACE_OUTER_BOUND ( 'NONE', #7858, .T. ) ;
#1240 = CARTESIAN_POINT ( 'NONE',  ( 441.0000000000000000, 339.9394627972502008, 12.17533480644861577 ) ) ;
#1241 = AXIS2_PLACEMENT_3D ( 'NONE', #472, #4467, #3686 ) ;
#1242 = EDGE_LOOP ( 'NONE', ( #3317, #766, #9874, #295 ) ) ;
#1243 =( BOUNDED_CURVE ( )  B_SPLINE_CURVE ( 3, ( #4701, #1362, #8487, #1413 ),
 .UNSPECIFIED., .F., .T. ) 
 B_SPLINE_CURVE_WITH_KNOTS ( ( 4, 4 ),
 ( 4.712388980384689674, 6.283185307179586232 ),
 .UNSPECIFIED. ) 
 CURVE ( )  GEOMETRIC_REPRESENTATION_ITEM ( )  RATIONAL_B_SPLINE_CURVE ( ( 1.000000000000000000, 0.8047378541243649375, 0.8047378541243649375, 1.000000000000000000 ) ) 
 REPRESENTATION_ITEM ( '' )  );
#1244 = CARTESIAN_POINT ( 'NONE',  ( 440.9999999999999432, 421.1172497023633809, -6.041609856338720164 ) ) ;
#1245 = ORIENTED_EDGE ( 'NONE', *, *, #3786, .T. ) ;
#1246 = FACE_OUTER_BOUND ( 'NONE', #7560, .T. ) ;
#1247 = CARTESIAN_POINT ( 'NONE',  ( 435.6119167520103588, 523.6422580407017904, 55.01692172292325722 ) ) ;
#1248 = ORIENTED_EDGE ( 'NONE', *, *, #2143, .T. ) ;
#1249 = EDGE_CURVE ( 'NONE', #5056, #2943, #5682, .T. ) ;
#1250 = FACE_OUTER_BOUND ( 'NONE', #1183, .T. ) ;
#1251 = EDGE_CURVE ( 'NONE', #6108, #6009, #54, .T. ) ;
#1252 = DIRECTION ( 'NONE',  ( 1.000000000000000000, 0.000000000000000000, 0.000000000000000000 ) ) ;
#1253 = ORIENTED_EDGE ( 'NONE', *, *, #6231, .F. ) ;
#1254 = VECTOR ( 'NONE', #8325, 1000.000000000000000 ) ;
#1255 = CARTESIAN_POINT ( 'NONE',  ( 447.4999999999999432, 366.4938854097437115, 6.790891503351493164 ) ) ;
#1256 = ORIENTED_EDGE ( 'NONE', *, *, #5661, .F. ) ;
#1257 = CARTESIAN_POINT ( 'NONE',  ( 444.8801556249475198, 534.7618243351012097, 38.91616375973991637 ) ) ;
#1258 = EDGE_CURVE ( 'NONE', #5211, #7343, #7865, .T. ) ;
#1259 = CARTESIAN_POINT ( 'NONE',  ( 444.1845349196171355, 454.6654650803828872, 9.573078916724963250 ) ) ;
#1260 = EDGE_CURVE ( 'NONE', #8378, #6055, #1908, .T. ) ;
#1261 = DIRECTION ( 'NONE',  ( 1.000000000000000000, 0.000000000000000000, 0.000000000000000000 ) ) ;
#1262 = DIRECTION ( 'NONE',  ( 0.000000000000000000, -1.000000000000000000, 0.000000000000000000 ) ) ;
#1263 = B_SPLINE_CURVE_WITH_KNOTS ( 'NONE', 3,
 ( #5619, #8769, #1694, #3563 ),
 .UNSPECIFIED., .F., .F.,
 ( 4, 4 ),
 ( 0.000000000000000000, 1.000000000000000000 ),
 .UNSPECIFIED. ) ;
#1264 = ORIENTED_EDGE ( 'NONE', *, *, #1091, .T. ) ;
#1265 = EDGE_CURVE ( 'NONE', #2840, #3071, #10139, .T. ) ;
#1266 = ORIENTED_EDGE ( 'NONE', *, *, #7620, .T. ) ;
#1267 = CARTESIAN_POINT ( 'NONE',  ( 465.9999999999998863, 433.1000000000000227, -40.41514919502149894 ) ) ;
#1268 = ORIENTED_EDGE ( 'NONE', *, *, #4554, .F. ) ;
#1269 = LINE ( 'NONE', #5242, #6632 ) ;
#1270 = DIRECTION ( 'NONE',  ( 0.000000000000000000, 1.000000000000000000, 0.000000000000000000 ) ) ;
#1271 = CARTESIAN_POINT ( 'NONE',  ( 443.9999999999999432, 548.7026128024061791, 1.054257063573327713 ) ) ;
#1272 = AXIS2_PLACEMENT_3D ( 'NONE', #7153, #3234, #6387 ) ;
#1273 = CARTESIAN_POINT ( 'NONE',  ( 445.3999999999855959, 296.5453288707447541, -23.54548347572218248 ) ) ;
#1274 = ADVANCED_FACE ( 'NONE', ( #7771 ), #1292, .F. ) ;
#1275 = CARTESIAN_POINT ( 'NONE',  ( 480.7760368152935939, 463.0151941520690002, 43.47772073622335398 ) ) ;
#1276 = ORIENTED_EDGE ( 'NONE', *, *, #7515, .T. ) ;
#1277 = AXIS2_PLACEMENT_3D ( 'NONE', #8877, #1804, #2631 ) ;
#1278 = CARTESIAN_POINT ( 'NONE',  ( 440.9999999999998863, 297.3018450792293947, -17.72664108563606788 ) ) ;
#1279 = EDGE_CURVE ( 'NONE', #6108, #746, #7585, .T. ) ;
#1280 = CARTESIAN_POINT ( 'NONE',  ( 441.0000000000001705, 295.6595955670478588, 21.32250746626640847 ) ) ;
#1281 = CARTESIAN_POINT ( 'NONE',  ( 451.4999999999999432, 362.4938854097436547, -0.2091084966484984264 ) ) ;
#1282 = CARTESIAN_POINT ( 'NONE',  ( 440.0000000000000000, 546.1351420764667637, 1.498285528300421054 ) ) ;
#1283 = ORIENTED_EDGE ( 'NONE', *, *, #3462, .T. ) ;
#1284 = DIRECTION ( 'NONE',  ( -0.7071067811865424657, 0.7071067811865526798, 0.000000000000000000 ) ) ;
#1285 = CARTESIAN_POINT ( 'NONE',  ( 480.9999999999999432, 370.4938854097436547, 29.72877838309286602 ) ) ;
#1286 = DIRECTION ( 'NONE',  ( 0.000000000000000000, 0.000000000000000000, 1.000000000000000000 ) ) ;
#1287 = CIRCLE ( 'NONE', #7041, 1.250000000000002887 ) ;
#1288 = CARTESIAN_POINT ( 'NONE',  ( 424.8015995132378748, 535.2912356868838515, -21.86832006963421904 ) ) ;
#1289 = ORIENTED_EDGE ( 'NONE', *, *, #7044, .T. ) ;
#1290 = CYLINDRICAL_SURFACE ( 'NONE', #3963, 6.199999999999983302 ) ;
#1291 = DIRECTION ( 'NONE',  ( 0.000000000000000000, 1.000000000000000000, 0.000000000000000000 ) ) ;
#1292 = TOROIDAL_SURFACE ( 'NONE', #4254, 10.70000000000005969, 4.000000000000000000 ) ;
#1293 = CIRCLE ( 'NONE', #4589, 3.999999999999998668 ) ;
#1294 = ORIENTED_EDGE ( 'NONE', *, *, #2825, .F. ) ;
#1295 = LINE ( 'NONE', #3570, #14 ) ;
#1296 = VERTEX_POINT ( 'NONE', #3846 ) ;
#1297 = DIRECTION ( 'NONE',  ( 0.000000000000000000, 0.000000000000000000, 1.000000000000000000 ) ) ;
#1298 = LINE ( 'NONE', #6814, #4429 ) ;
#1299 = EDGE_LOOP ( 'NONE', ( #7731, #6213, #3049, #9764, #7129, #4562 ) ) ;
#1300 = CARTESIAN_POINT ( 'NONE',  ( 443.5000000000000000, 368.9938854097437115, -0.2091084966484926810 ) ) ;
#1301 = EDGE_LOOP ( 'NONE', ( #1957, #4075, #2626, #1682 ) ) ;
#1302 = CARTESIAN_POINT ( 'NONE',  ( 480.9028136457633309, 461.3691810609639674, -29.82857814186143841 ) ) ;
#1303 = ORIENTED_EDGE ( 'NONE', *, *, #220, .F. ) ;
#1304 = CARTESIAN_POINT ( 'NONE',  ( 440.9999999999999432, 461.5999999999999659, 18.23922846596880731 ) ) ;
#1305 = CARTESIAN_POINT ( 'NONE',  ( 444.2933333333333508, 296.1228751062957372, 16.27387480217105065 ) ) ;
#1306 = APPROVAL_DATE_TIME ( #6255, #9901 ) ;
#1307 = CARTESIAN_POINT ( 'NONE',  ( 422.8526740142684730, 524.3604643982598645, 35.69889116825613939 ) ) ;
#1308 = EDGE_LOOP ( 'NONE', ( #9501, #9935, #5112, #9517 ) ) ;
#1309 = PLANE ( 'NONE',  #9646 ) ;
#1310 = FACE_OUTER_BOUND ( 'NONE', #496, .T. ) ;
#1311 = ORIENTED_EDGE ( 'NONE', *, *, #4532, .F. ) ;
#1312 = VECTOR ( 'NONE', #8973, 1000.000000000000000 ) ;
#1313 = CARTESIAN_POINT ( 'NONE',  ( 447.5000000000000000, 313.9938854097435978, 0.1778581151391607218 ) ) ;
#1314 = CARTESIAN_POINT ( 'NONE',  ( 442.5999999999999659, 298.6322928305118580, -24.88301508064940393 ) ) ;
#1315 = VERTEX_POINT ( 'NONE', #2608 ) ;
#1316 = EDGE_CURVE ( 'NONE', #5079, #4565, #1884, .T. ) ;
#1317 = EDGE_CURVE ( 'NONE', #3579, #4295, #8246, .T. ) ;
#1318 = CARTESIAN_POINT ( 'NONE',  ( 441.0000000000000000, 334.4206644405273323, -7.956332081159240843 ) ) ;
#1319 = ADVANCED_FACE ( 'NONE', ( #9617 ), #6057, .F. ) ;
#1320 = FACE_OUTER_BOUND ( 'NONE', #7510, .T. ) ;
#1321 = CARTESIAN_POINT ( 'NONE',  ( 428.9999999999999432, 458.1912265117932179, 56.58485080497850106 ) ) ;
#1322 = CIRCLE ( 'NONE', #2144, 3.999999999999823252 ) ;
#1323 = CARTESIAN_POINT ( 'NONE',  ( 445.3999999999423380, 297.4817943278783332, -24.38251542276070438 ) ) ;
#1324 = CARTESIAN_POINT ( 'NONE',  ( 480.8480339009715863, 462.1690046377917156, 42.15008797970340737 ) ) ;
#1325 = ORIENTED_EDGE ( 'NONE', *, *, #9511, .T. ) ;
#1326 = VECTOR ( 'NONE', #4261, 999.9999999999998863 ) ;
#1327 = CARTESIAN_POINT ( 'NONE',  ( 441.0000000000000568, 297.1230074142177955, -18.36411257539459640 ) ) ;
#1328 = CARTESIAN_POINT ( 'NONE',  ( 456.0231999999999175, 321.4019853273530885, 32.38660434574584457 ) ) ;
#1329 = CARTESIAN_POINT ( 'NONE',  ( 420.6605119810814699, 521.1741192426054567, 46.88893532219520921 ) ) ;
#1330 = ADVANCED_FACE ( 'NONE', ( #5869 ), #4271, .F. ) ;
#1331 = CARTESIAN_POINT ( 'NONE',  ( 443.9999999999911893, 548.0698389363477645, 6.860584270420632791 ) ) ;
#1332 = ORIENTED_EDGE ( 'NONE', *, *, #6284, .T. ) ;
#1333 = DIRECTION ( 'NONE',  ( 1.000000000000000000, 0.000000000000000000, 0.000000000000000000 ) ) ;
#1334 = CARTESIAN_POINT ( 'NONE',  ( 441.0753526273583134, 421.2082562311515517, 17.19574655105164140 ) ) ;
#1335 = CC_DESIGN_PERSON_AND_ORGANIZATION_ASSIGNMENT ( #7403, #4417, ( #4413 ) ) ;
#1336 = CARTESIAN_POINT ( 'NONE',  ( 427.4892969715727418, 537.4479373816996031, -19.67663149099170994 ) ) ;
#1337 = VERTEX_POINT ( 'NONE', #6688 ) ;
#1338 = PLANE ( 'NONE',  #6271 ) ;
#1339 = TOROIDAL_SURFACE ( 'NONE', #5295, 3.999999999999976019, 4.000000000000000000 ) ;
#1340 = PLANE ( 'NONE',  #8491 ) ;
#1341 = ORIENTED_EDGE ( 'NONE', *, *, #2920, .F. ) ;
#1342 = CARTESIAN_POINT ( 'NONE',  ( 441.3535533905932198, 415.1000000000000227, 14.23922846596874514 ) ) ;
#1343 = VERTEX_POINT ( 'NONE', #7358 ) ;
#1344 = LINE ( 'NONE', #9869, #9955 ) ;
#1345 = CARTESIAN_POINT ( 'NONE',  ( 439.5354311187453504, 522.8371651207194191, 55.24595852585057543 ) ) ;
#1346 = EDGE_LOOP ( 'NONE', ( #8809, #7536, #8659, #4357 ) ) ;
#1347 = DIRECTION ( 'NONE',  ( 0.000000000000000000, 0.000000000000000000, 1.000000000000000000 ) ) ;
#1348 = VECTOR ( 'NONE', #8245, 1000.000000000000000 ) ;
#1349 = EDGE_CURVE ( 'NONE', #10028, #2358, #2589, .T. ) ;
#1350 = AXIS2_PLACEMENT_3D ( 'NONE', #9505, #1418, #10134 ) ;
#1351 = FACE_OUTER_BOUND ( 'NONE', #7059, .T. ) ;
#1352 = ORIENTED_EDGE ( 'NONE', *, *, #8213, .F. ) ;
#1353 = EDGE_LOOP ( 'NONE', ( #6792, #302, #5910, #8552, #8661, #920 ) ) ;
#1354 = CARTESIAN_POINT ( 'NONE',  ( 442.5999999999998522, 294.7886398113241171, 18.40602580608654293 ) ) ;
#1355 = DIRECTION ( 'NONE',  ( -1.000000000000000000, 0.000000000000000000, -0.000000000000000000 ) ) ;
#1356 = SHAPE_DEFINITION_REPRESENTATION ( #5226, #9422 ) ;
#1357 = DIRECTION ( 'NONE',  ( 1.000000000000000000, -2.996186134945139640E-16, -0.000000000000000000 ) ) ;
#1358 = ORIENTED_EDGE ( 'NONE', *, *, #682, .F. ) ;
#1359 = CARTESIAN_POINT ( 'NONE',  ( 440.9999999999999432, 431.9724092469396624, -46.41514919502149183 ) ) ;
#1360 = DIRECTION ( 'NONE',  ( 0.000000000000000000, 0.000000000000000000, 1.000000000000000000 ) ) ;
#1361 = VERTEX_POINT ( 'NONE', #6531 ) ;
#1362 = CARTESIAN_POINT ( 'NONE',  ( 449.1568542494924259, 421.6000000000000796, 22.59608271546112945 ) ) ;
#1363 = AXIS2_PLACEMENT_3D ( 'NONE', #4524, #1991, #3545 ) ;
#1364 = CARTESIAN_POINT ( 'NONE',  ( 474.0333209967907351, 484.1912265117933316, 56.58485080497850817 ) ) ;
#1365 = ORIENTED_EDGE ( 'NONE', *, *, #795, .T. ) ;
#1366 = DIRECTION ( 'NONE',  ( 0.000000000000000000, -0.2325235526185186474, 0.9725907656757096786 ) ) ;
#1367 = CIRCLE ( 'NONE', #7127, 4.000000000000015099 ) ;
#1368 = LINE ( 'NONE', #6025, #7783 ) ;
#1369 = DIRECTION ( 'NONE',  ( -0.7071067811865526798, -0.7071067811865424657, 5.858553950312554176E-16 ) ) ;
#1370 = EDGE_CURVE ( 'NONE', #9920, #5741, #1781, .T. ) ;
#1371 = CARTESIAN_POINT ( 'NONE',  ( 451.4000000000211230, 296.9112633425875174, -23.92995282746328556 ) ) ;
#1372 = AXIS2_PLACEMENT_3D ( 'NONE', #2162, #6290, #6862 ) ;
#1373 = EDGE_CURVE ( 'NONE', #8676, #8615, #269, .T. ) ;
#1374 = CARTESIAN_POINT ( 'NONE',  ( 443.4999999999999432, 368.9938854097435978, -10.90910849664849991 ) ) ;
#1375 = ORIENTED_EDGE ( 'NONE', *, *, #4713, .T. ) ;
#1376 = CARTESIAN_POINT ( 'NONE',  ( 441.0000000000001705, 298.2596200620896525, -22.97109121840101764 ) ) ;
#1377 = APPROVAL ( #2997, 'UNSPECIFIED' ) ;
#1378 = CARTESIAN_POINT ( 'NONE',  ( 441.0000000000001137, 298.5018905651331806, -23.12311361832882994 ) ) ;
#1379 = EDGE_CURVE ( 'NONE', #3968, #2384, #6585, .T. ) ;
#1380 = CARTESIAN_POINT ( 'NONE',  ( 444.0000000000000568, 547.0405280100890195, 16.32755615683269568 ) ) ;
#1381 = VERTEX_POINT ( 'NONE', #7300 ) ;
#1382 = CIRCLE ( 'NONE', #380, 4.000000000000001776 ) ;
#1383 = DIRECTION ( 'NONE',  ( -0.000000000000000000, 3.252606517456510344E-16, 1.000000000000000000 ) ) ;
#1384 = LINE ( 'NONE', #8509, #4718 ) ;
#1385 = CARTESIAN_POINT ( 'NONE',  ( 446.5792849799049122, 530.8773745989896042, -23.30892790487637711 ) ) ;
#1386 = VERTEX_POINT ( 'NONE', #5083 ) ;
#1387 = ADVANCED_FACE ( 'NONE', ( #5709 ), #4321, .F. ) ;
#1388 = CIRCLE ( 'NONE', #4204, 7.999999999999921840 ) ;
#1389 = CARTESIAN_POINT ( 'NONE',  ( 442.6000000000003638, 294.1625044468163992, 23.04650581135178555 ) ) ;
#1390 = DIRECTION ( 'NONE',  ( 1.000000000000000000, -0.000000000000000000, 0.000000000000000000 ) ) ;
#1391 = EDGE_LOOP ( 'NONE', ( #7710, #5787 ) ) ;
#1392 = DIRECTION ( 'NONE',  ( 0.000000000000000000, -0.9725907656757108999, -0.2325235526185131241 ) ) ;
#1393 = ORIENTED_EDGE ( 'NONE', *, *, #6484, .F. ) ;
#1394 = CARTESIAN_POINT ( 'NONE',  ( 439.9999999999999432, 0.000000000000000000, 0.000000000000000000 ) ) ;
#1395 = AXIS2_PLACEMENT_3D ( 'NONE', #2128, #1355, #9879 ) ;
#1396 = CARTESIAN_POINT ( 'NONE',  ( 421.9947515573464329, 518.8631485070452527, 42.58485080497850817 ) ) ;
#1397 = ORIENTED_EDGE ( 'NONE', *, *, #5893, .F. ) ;
#1398 = VECTOR ( 'NONE', #1437, 1000.000000000000000 ) ;
#1399 = LINE ( 'NONE', #6816, #439 ) ;
#1400 = CARTESIAN_POINT ( 'NONE',  ( 419.3490939854083877, 523.8911731335700779, -19.80356931895378736 ) ) ;
#1401 = ORIENTED_EDGE ( 'NONE', *, *, #6287, .F. ) ;
#1402 = ORIENTED_EDGE ( 'NONE', *, *, #1889, .F. ) ;
#1403 = AXIS2_PLACEMENT_3D ( 'NONE', #6329, #3125, #10191 ) ;
#1404 = CARTESIAN_POINT ( 'NONE',  ( 442.5999999999998522, 294.6535228081365858, 18.72481980281251523 ) ) ;
#1405 = DIRECTION ( 'NONE',  ( 0.000000000000000000, -1.000000000000000000, -1.049630672089169658E-15 ) ) ;
#1406 = EDGE_CURVE ( 'NONE', #5948, #2038, #2401, .T. ) ;
#1407 = APPROVAL_ROLE ( '' ) ;
#1408 = CARTESIAN_POINT ( 'NONE',  ( 480.9999999999999432, 5.567196476600541288, 32.07076488355571087 ) ) ;
#1409 = EDGE_LOOP ( 'NONE', ( #8018, #661, #2474, #577 ) ) ;
#1410 = FACE_OUTER_BOUND ( 'NONE', #467, .T. ) ;
#1411 = CARTESIAN_POINT ( 'NONE',  ( 441.3535533905932198, 411.6000000000000227, -9.260771534031263741 ) ) ;
#1412 = EDGE_LOOP ( 'NONE', ( #6314, #9939, #7054, #9489, #8697, #2198, #5938, #10012, #7644, #7388, #9712, #371 ) ) ;
#1413 = CARTESIAN_POINT ( 'NONE',  ( 447.4999999999999432, 417.6000000000000227, 20.93922846596874976 ) ) ;
#1414 = VECTOR ( 'NONE', #5128, 1000.000000000000114 ) ;
#1415 = DIRECTION ( 'NONE',  ( -0.000000000000000000, -0.000000000000000000, 1.000000000000000000 ) ) ;
#1416 = ORIENTED_EDGE ( 'NONE', *, *, #9343, .F. ) ;
#1417 = EDGE_CURVE ( 'NONE', #9972, #685, #6904, .T. ) ;
#1418 = DIRECTION ( 'NONE',  ( 0.000000000000000000, -1.000000000000000000, 0.000000000000000000 ) ) ;
#1419 = CARTESIAN_POINT ( 'NONE',  ( 419.5148736821844295, 523.6042007684014834, 40.22123859129972345 ) ) ;
#1420 = DIRECTION ( 'NONE',  ( 0.000000000000000000, 0.000000000000000000, 1.000000000000000000 ) ) ;
#1421 = CARTESIAN_POINT ( 'NONE',  ( 451.3999999999999204, 297.5531657912686683, -30.78875598507364941 ) ) ;
#1422 = CARTESIAN_POINT ( 'NONE',  ( 479.7885988607569629, 469.3500000000000227, 46.58485080497850106 ) ) ;
#1423 = ORIENTED_EDGE ( 'NONE', *, *, #7582, .T. ) ;
#1424 = CARTESIAN_POINT ( 'NONE',  ( 440.9999999999999432, 297.3724849278369220, -21.87804442606025290 ) ) ;
#1425 = ADVANCED_FACE ( 'NONE', ( #9835, #8957 ), #4922, .F. ) ;
#1426 = CARTESIAN_POINT ( 'NONE',  ( 441.0000000000002274, 298.5866224337474932, -23.16694636734617774 ) ) ;
#1427 = CARTESIAN_POINT ( 'NONE',  ( 444.0000000000000568, 546.4612936740123814, 17.67607223803030081 ) ) ;
#1428 = EDGE_LOOP ( 'NONE', ( #4400, #2071, #2124, #7441 ) ) ;
#1429 = FACE_OUTER_BOUND ( 'NONE', #1299, .T. ) ;
#1430 = CARTESIAN_POINT ( 'NONE',  ( 447.9999999999999432, 471.7999101982703110, -36.80519878615428553 ) ) ;
#1431 = CIRCLE ( 'NONE', #2756, 6.499999999999997335 ) ;
#1432 = CARTESIAN_POINT ( 'NONE',  ( 428.1987872257065533, 535.6754109742003038, -21.74293190765826367 ) ) ;
#1433 = ORIENTED_EDGE ( 'NONE', *, *, #3334, .F. ) ;
#1434 = AXIS2_PLACEMENT_3D ( 'NONE', #6754, #4190, #8218 ) ;
#1435 = CARTESIAN_POINT ( 'NONE',  ( 442.5999999999999659, 294.2695330743572981, 23.49250917975765418 ) ) ;
#1436 = EDGE_CURVE ( 'NONE', #1192, #6635, #4114, .T. ) ;
#1437 = DIRECTION ( 'NONE',  ( 0.000000000000000000, 1.000000000000000000, 0.000000000000000000 ) ) ;
#1438 = EDGE_CURVE ( 'NONE', #9318, #818, #6474, .T. ) ;
#1439 = ORIENTED_EDGE ( 'NONE', *, *, #5354, .F. ) ;
#1440 = DIRECTION ( 'NONE',  ( 0.000000000000000000, 0.000000000000000000, -1.000000000000000000 ) ) ;
#1441 = ORIENTED_EDGE ( 'NONE', *, *, #1000, .F. ) ;
#1442 = DIRECTION ( 'NONE',  ( 0.000000000000000000, 0.000000000000000000, -1.000000000000000000 ) ) ;
#1443 = DIRECTION ( 'NONE',  ( 1.000000000000000000, 0.000000000000000000, 0.000000000000000000 ) ) ;
#1444 = ORIENTED_EDGE ( 'NONE', *, *, #4288, .F. ) ;
#1445 = DIRECTION ( 'NONE',  ( -1.000000000000000000, 0.000000000000000000, 0.000000000000000000 ) ) ;
#1446 = CARTESIAN_POINT ( 'NONE',  ( 420.6510936868137378, 521.1904322067974817, -20.68504439553954910 ) ) ;
#1447 = ORIENTED_EDGE ( 'NONE', *, *, #631, .T. ) ;
#1448 = CIRCLE ( 'NONE', #3943, 55.99999999999999289 ) ;
#1449 = CARTESIAN_POINT ( 'NONE',  ( 416.1555733886666530, 523.9955624437227470, 52.87568511483208766 ) ) ;
#1450 = CARTESIAN_POINT ( 'NONE',  ( 427.2203688634223795, 519.1162789983852690, 56.58485080497850106 ) ) ;
#1451 = APPROVAL_DATE_TIME ( #3826, #293 ) ;
#1452 = DIRECTION ( 'NONE',  ( 1.000000000000000000, 0.000000000000000000, 0.000000000000000000 ) ) ;
#1453 = VERTEX_POINT ( 'NONE', #8089 ) ;
#1454 = CARTESIAN_POINT ( 'NONE',  ( 449.0872803198493557, 295.2031540884613605, 15.49997899871712548 ) ) ;
#1455 = ADVANCED_FACE ( 'NONE', ( #1988 ), #2810, .F. ) ;
#1456 = FACE_OUTER_BOUND ( 'NONE', #2491, .T. ) ;
#1457 = ORIENTED_EDGE ( 'NONE', *, *, #7910, .T. ) ;
#1458 = FACE_OUTER_BOUND ( 'NONE', #3255, .T. ) ;
#1459 = AXIS2_PLACEMENT_3D ( 'NONE', #8655, #1477, #642 ) ;
#1460 = DIRECTION ( 'NONE',  ( 0.000000000000000000, 1.387778780781445922E-16, 1.000000000000000000 ) ) ;
#1461 = ORIENTED_EDGE ( 'NONE', *, *, #8568, .F. ) ;
#1462 = EDGE_CURVE ( 'NONE', #4787, #4472, #9058, .T. ) ;
#1463 = CYLINDRICAL_SURFACE ( 'NONE', #10081, 8.000000000000007105 ) ;
#1464 = CARTESIAN_POINT ( 'NONE',  ( 451.0482038566572669, 421.5760104414854936, 14.81545749354631525 ) ) ;
#1465 = AXIS2_PLACEMENT_3D ( 'NONE', #7238, #7130, #3426 ) ;
#1466 = CARTESIAN_POINT ( 'NONE',  ( 443.9999999999999432, 550.6654917579410267, 12.74953646531162654 ) ) ;
#1467 = DIRECTION ( 'NONE',  ( 0.000000000000000000, 0.000000000000000000, -1.000000000000000000 ) ) ;
#1468 = CARTESIAN_POINT ( 'NONE',  ( 445.4000000000069690, 296.2834218043104215, -23.18838472428380726 ) ) ;
#1469 = CARTESIAN_POINT ( 'NONE',  ( 442.5999999999999091, 416.1973064227058785, 55.04993368281833455 ) ) ;
#1470 = ORIENTED_EDGE ( 'NONE', *, *, #4484, .F. ) ;
#1471 = CARTESIAN_POINT ( 'NONE',  ( 442.5999999999999659, 295.7470889028497254, -17.33422623186669043 ) ) ;
#1472 = CARTESIAN_POINT ( 'NONE',  ( 440.9999999999999432, 298.0380803768366036, -22.79337374799320415 ) ) ;
#1473 = CIRCLE ( 'NONE', #4463, 4.762500000000011724 ) ;
#1474 = CARTESIAN_POINT ( 'NONE',  ( 440.0000000000351292, 547.9949062797293209, 13.33003095426203366 ) ) ;
#1475 = ORIENTED_EDGE ( 'NONE', *, *, #4897, .F. ) ;
#1476 = CARTESIAN_POINT ( 'NONE',  ( 440.9999999999999432, 461.5999999999999091, 38.58485080497850106 ) ) ;
#1477 = DIRECTION ( 'NONE',  ( 1.000000000000000000, 0.000000000000000000, 0.000000000000000000 ) ) ;
#1478 = FACE_OUTER_BOUND ( 'NONE', #6358, .T. ) ;
#1479 = FACE_OUTER_BOUND ( 'NONE', #3641, .T. ) ;
#1480 = ORIENTED_EDGE ( 'NONE', *, *, #4585, .F. ) ;
#1481 = VECTOR ( 'NONE', #105, 1000.000000000000000 ) ;
#1482 = CYLINDRICAL_SURFACE ( 'NONE', #4618, 4.000000000000003553 ) ;
#1483 = EDGE_LOOP ( 'NONE', ( #7742, #8954, #7292, #1283 ) ) ;
#1484 = CARTESIAN_POINT ( 'NONE',  ( 447.5000000000000568, 6.251329249143685374, 36.01182595254871188 ) ) ;
#1485 = ORIENTED_EDGE ( 'NONE', *, *, #8950, .T. ) ;
#1486 = CARTESIAN_POINT ( 'NONE',  ( 465.9999999999998863, 453.1000000000000796, -32.91514919502149894 ) ) ;
#1487 = EDGE_CURVE ( 'NONE', #7159, #1192, #4726, .T. ) ;
#1488 = CARTESIAN_POINT ( 'NONE',  ( 480.9999999999999432, 286.8333081229242225, -13.60649365081389917 ) ) ;
#1489 = EDGE_LOOP ( 'NONE', ( #7327, #4862, #6640, #3837 ) ) ;
#1490 = DIRECTION ( 'NONE',  ( 0.000000000000000000, -1.000000000000000000, 0.000000000000000000 ) ) ;
#1491 = LINE ( 'NONE', #3300, #880 ) ;
#1492 = EDGE_CURVE ( 'NONE', #10228, #981, #7513, .T. ) ;
#1493 = ORIENTED_EDGE ( 'NONE', *, *, #4613, .T. ) ;
#1494 = EDGE_CURVE ( 'NONE', #3132, #5334, #9844, .T. ) ;
#1495 = FACE_OUTER_BOUND ( 'NONE', #3901, .T. ) ;
#1496 = DIRECTION ( 'NONE',  ( 0.000000000000000000, 0.9725907656757108999, 0.2325235526185131241 ) ) ;
#1497 = CARTESIAN_POINT ( 'NONE',  ( 447.9999930119811893, 471.8321976163136924, -36.79471755196286153 ) ) ;
#1498 = ORIENTED_EDGE ( 'NONE', *, *, #6930, .F. ) ;
#1499 = CARTESIAN_POINT ( 'NONE',  ( 461.9999999999998863, 449.6000000000000796, -32.91514919502149894 ) ) ;
#1500 = DIRECTION ( 'NONE',  ( 0.000000000000000000, 0.000000000000000000, 1.000000000000000000 ) ) ;
#1501 = VERTEX_POINT ( 'NONE', #2458 ) ;
#1502 = EDGE_CURVE ( 'NONE', #4165, #3132, #5495, .T. ) ;
#1503 = DIRECTION ( 'NONE',  ( 0.000000000000000000, 0.000000000000000000, -1.000000000000000000 ) ) ;
#1504 = DIRECTION ( 'NONE',  ( -0.7071067811865474617, -0.7071067811865474617, -0.000000000000000000 ) ) ;
#1505 = ORIENTED_EDGE ( 'NONE', *, *, #2570, .T. ) ;
#1506 = EDGE_CURVE ( 'NONE', #2840, #5026, #2299, .T. ) ;
#1507 = CARTESIAN_POINT ( 'NONE',  ( 465.9999999999998863, 433.1000000000000227, 43.08485080497851527 ) ) ;
#1508 = CARTESIAN_POINT ( 'NONE',  ( 440.9999999999997726, 295.7632925367269081, 22.87643409662555172 ) ) ;
#1509 = CARTESIAN_POINT ( 'NONE',  ( 424.7385139762773747, 532.4860479155483972, -22.78388478772807701 ) ) ;
#1510 = CARTESIAN_POINT ( 'NONE',  ( 481.0009999999999195, 375.4938854097437684, 0.000000000000000000 ) ) ;
#1511 = CARTESIAN_POINT ( 'NONE',  ( 451.3999999999709303, 295.9002012322035853, 25.97548556774931683 ) ) ;
#1512 = CARTESIAN_POINT ( 'NONE',  ( 451.3999999999999773, 298.9777210153209808, -24.95239505023005577 ) ) ;
#1513 = CARTESIAN_POINT ( 'NONE',  ( 413.9989999999999668, 469.3500000000000227, 46.58485080497850106 ) ) ;
#1514 = CC_DESIGN_APPROVAL ( #1377, ( #9940 ) ) ;
#1515 = ORIENTED_EDGE ( 'NONE', *, *, #6296, .F. ) ;
#1516 = AXIS2_PLACEMENT_3D ( 'NONE', #2018, #9755, #5215 ) ;
#1517 = DIRECTION ( 'NONE',  ( 0.000000000000000000, 0.000000000000000000, -1.000000000000000000 ) ) ;
#1518 = CARTESIAN_POINT ( 'NONE',  ( 450.8236170237783540, 524.3916130216836109, -25.42576818586838527 ) ) ;
#1519 = ADVANCED_FACE ( 'NONE', ( #7047 ), #4626, .F. ) ;
#1520 = CARTESIAN_POINT ( 'NONE',  ( 439.9999999999560032, 548.0854968382566312, 12.92465116181925744 ) ) ;
#1521 = ORIENTED_EDGE ( 'NONE', *, *, #8515, .T. ) ;
#1522 = CONICAL_SURFACE ( 'NONE', #25, 6.500000000000061284, 0.7853981633973372567 ) ;
#1523 = DIRECTION ( 'NONE',  ( 1.000000000000000000, 0.000000000000000000, 0.000000000000000000 ) ) ;
#1524 = CYLINDRICAL_SURFACE ( 'NONE', #119, 4.000000000000003553 ) ;
#1525 = DIRECTION ( 'NONE',  ( 0.7071067811865479058, -0.7071067811865472397, 0.000000000000000000 ) ) ;
#1526 = CARTESIAN_POINT ( 'NONE',  ( 414.6426106277864392, 534.0644695341205761, -20.10546225104470253 ) ) ;
#1527 = EDGE_LOOP ( 'NONE', ( #8728, #3753, #1799, #9816 ) ) ;
#1528 = DIRECTION ( 'NONE',  ( -0.7071067811865521247, 0.7071067811865430208, 0.000000000000000000 ) ) ;
#1529 = AXIS2_PLACEMENT_3D ( 'NONE', #9040, #8274, #1193 ) ;
#1530 = VERTEX_POINT ( 'NONE', #7992 ) ;
#1531 = LINE ( 'NONE', #3039, #201 ) ;
#1532 = VERTEX_POINT ( 'NONE', #8598 ) ;
#1533 = DIRECTION ( 'NONE',  ( -0.000000000000000000, -8.673617379884147885E-16, 1.000000000000000000 ) ) ;
#1534 = CARTESIAN_POINT ( 'NONE',  ( 440.9999999999999432, 411.6000000000000227, 21.09278185656205196 ) ) ;
#1535 = ORIENTED_EDGE ( 'NONE', *, *, #1754, .T. ) ;
#1536 = CARTESIAN_POINT ( 'NONE',  ( 480.9999999999999432, 425.6000000000000227, -32.91514919502150605 ) ) ;
#1537 = DIRECTION ( 'NONE',  ( -0.7071067811865477948, 0.6640775471338659086, -0.2429012379397592625 ) ) ;
#1538 = VECTOR ( 'NONE', #8830, 1000.000000000000000 ) ;
#1539 = ORIENTED_EDGE ( 'NONE', *, *, #9518, .F. ) ;
#1540 = AXIS2_PLACEMENT_3D ( 'NONE', #2595, #8891, #1820 ) ;
#1541 = DIRECTION ( 'NONE',  ( 0.000000000000000000, 0.000000000000000000, 1.000000000000000000 ) ) ;
#1542 = CARTESIAN_POINT ( 'NONE',  ( 456.0231999999999175, 319.7091509620437932, 25.81279747212780862 ) ) ;
#1543 = CARTESIAN_POINT ( 'NONE',  ( 420.1197181209311111, 517.2231457684484894, 56.58485080497848685 ) ) ;
#1544 = AXIS2_PLACEMENT_3D ( 'NONE', #9982, #4513, #7555 ) ;
#1545 = CARTESIAN_POINT ( 'NONE',  ( 443.9999999999999432, 470.5668708588108302, -32.99995213599169119 ) ) ;
#1547 = ORIENTED_EDGE ( 'NONE', *, *, #5042, .F. ) ;
#1546 = VECTOR ( 'NONE', #7988, 1000.000000000000000 ) ;
#1548 = CARTESIAN_POINT ( 'NONE',  ( 451.3999999999999204, 288.3345702798702064, 24.48096397354916576 ) ) ;
#1549 = AXIS2_PLACEMENT_3D ( 'NONE', #3192, #9488, #2422 ) ;
#1550 = DIRECTION ( 'NONE',  ( 0.000000000000000000, 0.6364713999879989537, 0.7713003027338422024 ) ) ;
#1551 = EDGE_CURVE ( 'NONE', #6094, #1106, #3908, .T. ) ;
#1552 = EDGE_LOOP ( 'NONE', ( #1433, #3253, #10010, #10159 ) ) ;
#1553 = CARTESIAN_POINT ( 'NONE',  ( 451.4999999999999432, 421.6000000000000227, 24.93922846596874976 ) ) ;
#1554 = CARTESIAN_POINT ( 'NONE',  ( 442.5999999999997385, 296.5824316058016166, -15.45588024218397472 ) ) ;
#1555 = ORIENTED_EDGE ( 'NONE', *, *, #5731, .F. ) ;
#1556 = CIRCLE ( 'NONE', #5192, 4.000000000000003553 ) ;
#1557 = VECTOR ( 'NONE', #3388, 1000.000000000000000 ) ;
#1558 = EDGE_CURVE ( 'NONE', #2550, #5422, #6435, .T. ) ;
#1559 = CARTESIAN_POINT ( 'NONE',  ( 461.9999999999998863, 429.6000000000000796, 38.58485080497850817 ) ) ;
#1560 = CARTESIAN_POINT ( 'NONE',  ( 440.9999999999998295, 297.2448200606795581, 24.91917132889434328 ) ) ;
#1561 = ADVANCED_FACE ( 'NONE', ( #3179 ), #9416, .T. ) ;
#1562 = CARTESIAN_POINT ( 'NONE',  ( 447.4999999999999432, 417.6000000000000227, 20.23922846596874692 ) ) ;
#1563 = CARTESIAN_POINT ( 'NONE',  ( 443.9999999999998295, 550.8701102989440415, 11.03035257505409383 ) ) ;
#1564 = AXIS2_PLACEMENT_3D ( 'NONE', #3001, #2231, #5378 ) ;
#1565 = CARTESIAN_POINT ( 'NONE',  ( 445.3999999999857664, 296.4140354630671936, 26.29657283560953118 ) ) ;
#1566 =( BOUNDED_CURVE ( )  B_SPLINE_CURVE ( 3, ( #2146, #6073, #533, #4481 ),
 .UNSPECIFIED., .F., .T. ) 
 B_SPLINE_CURVE_WITH_KNOTS ( ( 4, 4 ),
 ( 6.111307088651941832, 6.283185307179586232 ),
 .UNSPECIFIED. ) 
 CURVE ( )  GEOMETRIC_REPRESENTATION_ITEM ( )  RATIONAL_B_SPLINE_CURVE ( ( 1.000000000000000000, 0.9975396712950403977, 0.9975396712950403977, 1.000000000000000000 ) ) 
 REPRESENTATION_ITEM ( '' )  );
#1567 = CARTESIAN_POINT ( 'NONE',  ( 441.0000000000000568, 297.0771938607572338, 24.83221490763450490 ) ) ;
#1568 = CARTESIAN_POINT ( 'NONE',  ( 451.3999999999999773, 299.0895955159289201, -24.97181545781522161 ) ) ;
#1569 = LINE ( 'NONE', #5545, #141 ) ;
#1570 = EDGE_LOOP ( 'NONE', ( #10058, #110, #588, #8266 ) ) ;
#1571 = CARTESIAN_POINT ( 'NONE',  ( 442.5999999999999091, 297.9542050976156133, -24.63834602259536766 ) ) ;
#1572 = CARTESIAN_POINT ( 'NONE',  ( 449.4999999999999432, 436.1000000000002501, -6.760771534031310814 ) ) ;
#1573 = FACE_OUTER_BOUND ( 'NONE', #76, .T. ) ;
#1574 = VERTEX_POINT ( 'NONE', #9526 ) ;
#1575 = EDGE_CURVE ( 'NONE', #5487, #995, #3820, .T. ) ;
#1576 = CARTESIAN_POINT ( 'NONE',  ( 440.9999999999998295, 436.1000000000000227, -28.41514919502149183 ) ) ;
#1577 = CARTESIAN_POINT ( 'NONE',  ( 444.1845349196218535, 428.0345349196219900, 9.573078916727085996 ) ) ;
#1578 = CARTESIAN_POINT ( 'NONE',  ( 413.9999999999999432, 436.1000000000000227, -28.41514919502149183 ) ) ;
#1579 = DIRECTION ( 'NONE',  ( 0.000000000000000000, 0.9725907656757107889, 0.2325235526185132628 ) ) ;
#1580 = ORIENTED_EDGE ( 'NONE', *, *, #3207, .T. ) ;
#1581 = EDGE_CURVE ( 'NONE', #2075, #6573, #10195, .T. ) ;
#1582 = PLANE ( 'NONE',  #5797 ) ;
#1583 = ORIENTED_EDGE ( 'NONE', *, *, #322, .T. ) ;
#1584 = DIRECTION ( 'NONE',  ( 1.000000000000000000, 0.000000000000000000, 0.000000000000000000 ) ) ;
#1585 = ORIENTED_EDGE ( 'NONE', *, *, #7574, .F. ) ;
#1586 = DIRECTION ( 'NONE',  ( 0.000000000000000000, 0.000000000000000000, -1.000000000000000000 ) ) ;
#1587 = CARTESIAN_POINT ( 'NONE',  ( 443.4999999999999432, 413.6000000000000227, -30.64042097131219933 ) ) ;
#1588 = ORIENTED_EDGE ( 'NONE', *, *, #2700, .F. ) ;
#1589 = CARTESIAN_POINT ( 'NONE',  ( 455.0300438908445813, 517.1058679696058107, 56.31294384227135197 ) ) ;
#1590 = CARTESIAN_POINT ( 'NONE',  ( 440.9999999999999432, 421.9535533905932425, 13.25143854184453573 ) ) ;
#1591 = ORIENTED_EDGE ( 'NONE', *, *, #6429, .T. ) ;
#1592 = CARTESIAN_POINT ( 'NONE',  ( 442.5999999999999091, 416.1973064227058785, 55.04993368281832744 ) ) ;
#1593 = CARTESIAN_POINT ( 'NONE',  ( 442.5999999999997385, 294.0418505304238579, 21.80513705254945478 ) ) ;
#1594 = DIRECTION ( 'NONE',  ( 0.000000000000000000, 0.000000000000000000, 1.000000000000000000 ) ) ;
#1595 = EDGE_LOOP ( 'NONE', ( #1719, #6455, #8894, #246 ) ) ;
#1596 = CARTESIAN_POINT ( 'NONE',  ( 422.8526740142684730, 528.3604643982598645, 35.69889116825613939 ) ) ;
#1597 = ORIENTED_EDGE ( 'NONE', *, *, #2471, .F. ) ;
#1598 = CARTESIAN_POINT ( 'NONE',  ( 450.0569941396735203, 292.7199093189345263, 25.52939528586112772 ) ) ;
#1599 = CARTESIAN_POINT ( 'NONE',  ( 416.1555733886666530, 523.9955624437227470, 52.87568511483208766 ) ) ;
#1600 = VERTEX_POINT ( 'NONE', #7095 ) ;
#1601 = CARTESIAN_POINT ( 'NONE',  ( 447.9999999999999432, 469.3500000000000227, 46.58485080497850106 ) ) ;
#1602 = CARTESIAN_POINT ( 'NONE',  ( 442.5999999999997954, 295.5911689865139920, -17.88978517281584502 ) ) ;
#1603 = EDGE_LOOP ( 'NONE', ( #3930, #3349, #8689, #4030 ) ) ;
#1604 = B_SPLINE_CURVE_WITH_KNOTS ( 'NONE', 3,
 ( #8056, #4134, #7722, #9857 ),
 .UNSPECIFIED., .F., .F.,
 ( 4, 4 ),
 ( 4.863951898100861438E-06, 0.002165197215227806712 ),
 .UNSPECIFIED. ) ;
#1605 = CARTESIAN_POINT ( 'NONE',  ( 404.8962970026126413, 297.8844405247982081, 16.48229637546774029 ) ) ;
#1606 = PLANE ( 'NONE',  #4448 ) ;
#1607 = EDGE_LOOP ( 'NONE', ( #6326, #3932, #9968 ) ) ;
#1608 = CARTESIAN_POINT ( 'NONE',  ( 448.0623465136994810, 419.6650786034407474, 18.87888882856118400 ) ) ;
#1609 = CARTESIAN_POINT ( 'NONE',  ( 453.6999999999999318, 474.8203841816037993, 5.739228465968748694 ) ) ;
#1610 = CARTESIAN_POINT ( 'NONE',  ( 451.4000000000000341, 291.5318076979473858, 30.13765312140907326 ) ) ;
#1611 = AXIS2_PLACEMENT_3D ( 'NONE', #9527, #1789, #5769 ) ;
#1612 = EDGE_CURVE ( 'NONE', #1128, #1029, #8930, .T. ) ;
#1613 = CARTESIAN_POINT ( 'NONE',  ( 461.9999999999998863, 433.1000000000000227, 50.58485080497850817 ) ) ;
#1614 = CARTESIAN_POINT ( 'NONE',  ( 445.3999999999999204, 298.9417613544109713, -24.94615277636342654 ) ) ;
#1615 = DIRECTION ( 'NONE',  ( -0.4811487826947030144, 0.8333741376271385226, 0.2719988890521956582 ) ) ;
#1616 = ADVANCED_FACE ( 'NONE', ( #7780 ), #1005, .F. ) ;
#1617 = ORIENTED_EDGE ( 'NONE', *, *, #1487, .T. ) ;
#1618 = ADVANCED_FACE ( 'NONE', ( #687 ), #6278, .F. ) ;
#1619 = AXIS2_PLACEMENT_3D ( 'NONE', #8051, #7422, #960 ) ;
#1620 = CARTESIAN_POINT ( 'NONE',  ( 442.6000000000000227, 296.1992877222083393, -23.06067971584050724 ) ) ;
#1621 = DIRECTION ( 'NONE',  ( 0.000000000000000000, 1.000000000000000000, -0.000000000000000000 ) ) ;
#1622 = CYLINDRICAL_SURFACE ( 'NONE', #1403, 22.49999999999999645 ) ;
#1623 = DIRECTION ( 'NONE',  ( -1.365722015488029455E-15, 2.365499919840624356E-15, 1.000000000000000000 ) ) ;
#1624 = B_SPLINE_CURVE_WITH_KNOTS ( 'NONE', 3,
 ( #9363, #4067, #6997, #7204, #6276, #2404, #5655, #4623, #1518, #7776 ),
 .UNSPECIFIED., .F., .F.,
 ( 4, 2, 2, 2, 4 ),
 ( 1.322983421460420194E-15, 0.003253243717991463006, 0.006506487435981602417, 0.009759731153971743997, 0.01301297487196188297 ),
 .UNSPECIFIED. ) ;
#1625 = CARTESIAN_POINT ( 'NONE',  ( 447.4999999999999432, 417.6000000000000227, -13.46077153403123994 ) ) ;
#1626 = DIRECTION ( 'NONE',  ( 0.000000000000000000, 0.000000000000000000, 1.000000000000000000 ) ) ;
#1627 = FACE_OUTER_BOUND ( 'NONE', #2712, .T. ) ;
#1628 = CARTESIAN_POINT ( 'NONE',  ( 461.9999999999998863, 433.1000000000000227, 43.08485080497851527 ) ) ;
#1629 = ORIENTED_EDGE ( 'NONE', *, *, #9480, .F. ) ;
#1630 = EDGE_CURVE ( 'NONE', #3369, #4450, #10150, .T. ) ;
#1631 = CYLINDRICAL_SURFACE ( 'NONE', #6280, 4.000000000000015099 ) ;
#1632 = ORIENTED_EDGE ( 'NONE', *, *, #1684, .F. ) ;
#1633 = CARTESIAN_POINT ( 'NONE',  ( 420.7139791908404618, 521.1226225664368030, 41.97970913391147718 ) ) ;
#1634 = ORIENTED_EDGE ( 'NONE', *, *, #3603, .T. ) ;
#1635 = CARTESIAN_POINT ( 'NONE',  ( 445.3397459621555754, 533.8899563225709244, 39.79744898804732145 ) ) ;
#1636 = CARTESIAN_POINT ( 'NONE',  ( 441.3535533905932198, 415.1000000000000227, 20.73922846596876113 ) ) ;
#1637 = VERTEX_POINT ( 'NONE', #793 ) ;
#1638 = DIRECTION ( 'NONE',  ( 0.000000000000000000, 1.000000000000000000, 0.000000000000000000 ) ) ;
#1639 = AXIS2_PLACEMENT_3D ( 'NONE', #5882, #5044, #8969 ) ;
#1640 = CARTESIAN_POINT ( 'NONE',  ( 451.3999999999998067, 288.8691942392944156, 17.03522860143101525 ) ) ;
#1641 = ORIENTED_EDGE ( 'NONE', *, *, #8960, .T. ) ;
#1642 = LINE ( 'NONE', #2527, #1538 ) ;
#1643 = CARTESIAN_POINT ( 'NONE',  ( 451.3875031646752518, 362.4938854097437115, 6.934297435945550703 ) ) ;
#1644 = EDGE_LOOP ( 'NONE', ( #9885, #9020 ) ) ;
#1645 = CARTESIAN_POINT ( 'NONE',  ( 443.8876213275904661, 475.2222103201187906, -35.68827610188978383 ) ) ;
#1646 = VERTEX_POINT ( 'NONE', #9366 ) ;
#1647 = CARTESIAN_POINT ( 'NONE',  ( 450.7098107906562632, 291.4861482035182689, 25.23443205182316973 ) ) ;
#1648 = CARTESIAN_POINT ( 'NONE',  ( 443.3726096714423761, 521.5929647422171911, 55.72510535628841666 ) ) ;
#1649 = EDGE_LOOP ( 'NONE', ( #5051, #9106, #8532, #3000 ) ) ;
#1650 = CARTESIAN_POINT ( 'NONE',  ( 440.9999999999999432, 436.1000000000000227, 53.58485080497848685 ) ) ;
#1651 = CARTESIAN_POINT ( 'NONE',  ( 442.5999999999999091, 296.4676702059792888, -15.65648049760369886 ) ) ;
#1652 = EDGE_CURVE ( 'NONE', #4349, #2694, #3957, .T. ) ;
#1653 = ORIENTED_EDGE ( 'NONE', *, *, #1181, .F. ) ;
#1654 = CARTESIAN_POINT ( 'NONE',  ( 429.6526740142684275, 537.0104643982598418, 9.929720804978487081 ) ) ;
#1655 = DIRECTION ( 'NONE',  ( 1.000000000000000000, 0.000000000000000000, 0.000000000000000000 ) ) ;
#1656 = CARTESIAN_POINT ( 'NONE',  ( 440.9999999999999432, 296.3291130221428489, 18.88655770814634494 ) ) ;
#1657 = CIRCLE ( 'NONE', #6119, 4.000000000000015099 ) ;
#1658 = EDGE_LOOP ( 'NONE', ( #7155, #7982, #7029, #2685 ) ) ;
#1659 = CARTESIAN_POINT ( 'NONE',  ( 440.9999999999998295, 436.1000000000002501, -6.760771534031310814 ) ) ;
#1660 = CARTESIAN_POINT ( 'NONE',  ( 420.7091783111274594, 521.1250508149953475, 42.01129303770376566 ) ) ;
#1661 = B_SPLINE_CURVE_WITH_KNOTS ( 'NONE', 3,
 ( #5239, #8396, #1314, #525, #2236, #6834, #9450, #2433, #7968, #823, #5581, #4702, #6313, #4752, #3937, #9607, #8075, #3160, #7914, #39, #930, #4908, #7235, #2383, #7128, #8785, #8024, #4100, #5531, #8681, #8732, #7185, #10177, #8840, #145, #3311, #9400, #3209, #876, #4046, #771, #7078, #1602, #7863, #6366, #3988, #4856, #6462, #2485, #983, #9500, #1651, #1554, #10227, #5635, #4799 ),
 .UNSPECIFIED., .F., .F.,
 ( 4, 2, 2, 2, 2, 2, 2, 2, 2, 2, 2, 2, 2, 2, 2, 2, 2, 2, 2, 2, 2, 2, 2, 2, 2, 2, 2, 4 ),
 ( 0.000000000000000000, 0.03124999999999998959, 0.06249999999999997918, 0.07812500000000006939, 0.09374999999999995837, 0.1093749999999998612, 0.1249999999999999584, 0.1562499999999999445, 0.1874999999999999167, 0.2187499999999999167, 0.2500000000000000000, 0.2812500000000001110, 0.3125000000000000555, 0.3750000000000000555, 0.4062500000000000555, 0.4375000000000000000, 0.4687500000000000000, 0.5000000000000000000, 0.5625000000000000000, 0.6250000000000000000, 0.6562500000000000000, 0.6875000000000000000, 0.7187500000000000000, 0.7500000000000000000, 0.8125000000000000000, 0.8750000000000000000, 0.9375000000000000000, 1.000000000000000000 ),
 .UNSPECIFIED. ) ;
#1662 = CARTESIAN_POINT ( 'NONE',  ( 445.3999999999999773, 294.2222732622188346, 23.40192044273943139 ) ) ;
#1663 = CARTESIAN_POINT ( 'NONE',  ( 463.3999999999999204, 296.9543463143241411, 20.37265943817057590 ) ) ;
#1664 = CARTESIAN_POINT ( 'NONE',  ( 445.3999999999999204, 299.0576313728985838, -24.96626676993389893 ) ) ;
#1665 = EDGE_LOOP ( 'NONE', ( #1087, #7283, #7438, #184, #6144, #9671 ) ) ;
#1666 = AXIS2_PLACEMENT_3D ( 'NONE', #369, #4270, #1108 ) ;
#1667 = AXIS2_PLACEMENT_3D ( 'NONE', #9303, #3940, #5432 ) ;
#1668 = DIRECTION ( 'NONE',  ( -0.000000000000000000, -0.000000000000000000, -1.000000000000000000 ) ) ;
#1669 = ORIENTED_EDGE ( 'NONE', *, *, #8442, .F. ) ;
#1670 = CARTESIAN_POINT ( 'NONE',  ( 442.5999999999997385, 295.3533046830067974, -20.10086819043615947 ) ) ;
#1671 = VECTOR ( 'NONE', #4159, 1000.000000000000000 ) ;
#1672 = FACE_OUTER_BOUND ( 'NONE', #1809, .T. ) ;
#1673 = DIRECTION ( 'NONE',  ( 0.8660254037844374864, 0.5000000000000019984, 0.000000000000000000 ) ) ;
#1674 = EDGE_CURVE ( 'NONE', #5649, #7961, #4673, .T. ) ;
#1675 = LINE ( 'NONE', #4819, #864 ) ;
#1676 = DIRECTION ( 'NONE',  ( -0.7071067811865521247, 0.7071067811865430208, 0.000000000000000000 ) ) ;
#1677 = CARTESIAN_POINT ( 'NONE',  ( 444.0990445257706369, 537.4588965340130926, 27.53088586144253824 ) ) ;
#1678 = EDGE_CURVE ( 'NONE', #3153, #4246, #9585, .T. ) ;
#1679 = DIRECTION ( 'NONE',  ( 0.000000000000000000, 0.000000000000000000, 1.000000000000000000 ) ) ;
#1680 = VECTOR ( 'NONE', #1452, 1000.000000000000000 ) ;
#1681 = FACE_OUTER_BOUND ( 'NONE', #7701, .T. ) ;
#1682 = ORIENTED_EDGE ( 'NONE', *, *, #3362, .T. ) ;
#1683 = CARTESIAN_POINT ( 'NONE',  ( 447.4999999999999432, 400.9000000000000341, 56.58485080497850817 ) ) ;
#1684 = EDGE_CURVE ( 'NONE', #3225, #2441, #3485, .T. ) ;
#1685 = EDGE_CURVE ( 'NONE', #8126, #7951, #5629, .T. ) ;
#1686 = AXIS2_PLACEMENT_3D ( 'NONE', #7643, #8468, #9328 ) ;
#1687 = EDGE_LOOP ( 'NONE', ( #3385, #4730, #4886, #9591 ) ) ;
#1688 = EDGE_CURVE ( 'NONE', #6283, #8615, #5029, .T. ) ;
#1689 = CARTESIAN_POINT ( 'NONE',  ( 424.2497317916172506, 525.1236125181391117, 45.37456746464634705 ) ) ;
#1690 = VERTEX_POINT ( 'NONE', #1161 ) ;
#1691 = CARTESIAN_POINT ( 'NONE',  ( 443.5000000000000000, 313.9938854097435978, 0.1778581151391607218 ) ) ;
#1692 = CARTESIAN_POINT ( 'NONE',  ( 422.8526740142684162, 528.6187171119573804, 42.55710698259054681 ) ) ;
#1693 = ORIENTED_EDGE ( 'NONE', *, *, #5537, .T. ) ;
#1694 = CARTESIAN_POINT ( 'NONE',  ( 442.0666666666664923, 297.5240618800197581, -15.00314861071538708 ) ) ;
#1695 = EDGE_CURVE ( 'NONE', #995, #3258, #7942, .T. ) ;
#1696 = CARTESIAN_POINT ( 'NONE',  ( 451.3999999999999773, 288.2167379370934555, 23.94899009182701022 ) ) ;
#1697 = ORIENTED_EDGE ( 'NONE', *, *, #1834, .T. ) ;
#1698 = VECTOR ( 'NONE', #2615, 1000.000000000000000 ) ;
#1699 = CARTESIAN_POINT ( 'NONE',  ( 430.2099350225441299, 524.5943565361159244, 54.26400424410698520 ) ) ;
#1700 = CARTESIAN_POINT ( 'NONE',  ( 451.3999999999999204, 289.8372897942130635, -23.36569836015983270 ) ) ;
#1701 = EDGE_LOOP ( 'NONE', ( #8819, #5367, #9507, #5943 ) ) ;
#1702 = CARTESIAN_POINT ( 'NONE',  ( 443.9999999999999432, 542.0074476835660562, -5.510425807245237451 ) ) ;
#1703 = VERTEX_POINT ( 'NONE', #7458 ) ;
#1704 = DIRECTION ( 'NONE',  ( 0.000000000000000000, -1.000000000000000000, 9.912705577010318647E-16 ) ) ;
#1705 = CARTESIAN_POINT ( 'NONE',  ( 457.3009256195591092, 515.9033053286613040, 56.58485080497849395 ) ) ;
#1706 = ORIENTED_EDGE ( 'NONE', *, *, #994, .F. ) ;
#1707 = AXIS2_PLACEMENT_3D ( 'NONE', #9537, #181, #9484 ) ;
#1708 = CARTESIAN_POINT ( 'NONE',  ( 446.6487042573118629, 429.6000000000001364, 11.50164200786530166 ) ) ;
#1709 = ADVANCED_FACE ( 'NONE', ( #1936 ), #3589, .F. ) ;
#1710 = CARTESIAN_POINT ( 'NONE',  ( 429.6526740142684275, 537.0104643982598418, 5.104720804978487791 ) ) ;
#1711 = ORIENTED_EDGE ( 'NONE', *, *, #7803, .F. ) ;
#1712 = CIRCLE ( 'NONE', #8327, 3.999999999999996447 ) ;
#1713 = EDGE_CURVE ( 'NONE', #2512, #624, #342, .T. ) ;
#1714 = CIRCLE ( 'NONE', #8330, 3.999999999999999112 ) ;
#1715 = CARTESIAN_POINT ( 'NONE',  ( 451.3999999999999204, 289.5718296160727050, -22.31124112337030141 ) ) ;
#1716 = AXIS2_PLACEMENT_3D ( 'NONE', #3351, #4950, #6556 ) ;
#1717 = DIRECTION ( 'NONE',  ( 1.000000000000000000, 0.000000000000000000, 0.000000000000000000 ) ) ;
#1718 = FACE_OUTER_BOUND ( 'NONE', #5018, .T. ) ;
#1719 = ORIENTED_EDGE ( 'NONE', *, *, #343, .T. ) ;
#1720 = DIRECTION ( 'NONE',  ( 0.000000000000000000, 0.000000000000000000, 1.000000000000000000 ) ) ;
#1721 = CARTESIAN_POINT ( 'NONE',  ( 413.9989999999999668, 532.3604643982597509, -11.23507891194397246 ) ) ;
#1722 = CARTESIAN_POINT ( 'NONE',  ( 451.3999999999997499, 292.3281083600254533, 30.80638596316274302 ) ) ;
#1723 = AXIS2_PLACEMENT_3D ( 'NONE', #60, #1673, #114 ) ;
#1724 = LINE ( 'NONE', #1613, #9390 ) ;
#1725 = AXIS2_PLACEMENT_3D ( 'NONE', #6711, #9706, #8371 ) ;
#1726 = CARTESIAN_POINT ( 'NONE',  ( 450.7569901210771377, 524.5070142023132576, 45.95005431835603815 ) ) ;
#1727 = VERTEX_POINT ( 'NONE', #1267 ) ;
#1728 = EDGE_CURVE ( 'NONE', #6856, #5344, #8590, .T. ) ;
#1729 = DIRECTION ( 'NONE',  ( -0.000000000000000000, -0.2325235526185131518, 0.9725907656757107889 ) ) ;
#1730 = AXIS2_PLACEMENT_3D ( 'NONE', #3014, #9995, #6840 ) ;
#1731 = CARTESIAN_POINT ( 'NONE',  ( 480.9039704651792135, 461.3500000000000227, -29.18954201200539700 ) ) ;
#1732 = DIRECTION ( 'NONE',  ( 0.000000000000000000, -0.9725907656757107889, -0.2325235526185132628 ) ) ;
#1733 = CARTESIAN_POINT ( 'NONE',  ( 443.9999999999998863, 544.1805473434847045, 21.94595762148709994 ) ) ;
#1734 = CARTESIAN_POINT ( 'NONE',  ( 447.2732091643551371, 453.0999999999999659, 12.41201573220353360 ) ) ;
#1735 = CARTESIAN_POINT ( 'NONE',  ( 444.0127282990348476, 538.3104044704261923, 27.63320409455126736 ) ) ;
#1736 = CARTESIAN_POINT ( 'NONE',  ( 449.9436421661918644, 421.2920673991707758, -4.759380323890162856 ) ) ;
#1737 = CIRCLE ( 'NONE', #3059, 3.174999999999989164 ) ;
#1738 = CARTESIAN_POINT ( 'NONE',  ( 442.5999999999999659, 298.9431832186263023, -24.94639959920905525 ) ) ;
#1739 = VERTEX_POINT ( 'NONE', #1831 ) ;
#1740 = CARTESIAN_POINT ( 'NONE',  ( 440.0000000000000568, 541.0731570791550666, 19.35854862502174711 ) ) ;
#1741 = LINE ( 'NONE', #2514, #1312 ) ;
#1742 = AXIS2_PLACEMENT_3D ( 'NONE', #5284, #7763, #4610 ) ;
#1743 = VERTEX_POINT ( 'NONE', #1883 ) ;
#1744 = FACE_BOUND ( 'NONE', #9385, .T. ) ;
#1745 = ORIENTED_EDGE ( 'NONE', *, *, #7376, .F. ) ;
#1746 = DIRECTION ( 'NONE',  ( -1.000000000000000000, 0.000000000000000000, 0.000000000000000000 ) ) ;
#1747 = FACE_OUTER_BOUND ( 'NONE', #402, .T. ) ;
#1748 = ORIENTED_EDGE ( 'NONE', *, *, #6758, .T. ) ;
#1749 = DIRECTION ( 'NONE',  ( 0.000000000000000000, 0.000000000000000000, -1.000000000000000000 ) ) ;
#1750 = EDGE_CURVE ( 'NONE', #199, #9972, #5185, .T. ) ;
#1751 = ADVANCED_FACE ( 'NONE', ( #2037 ), #9938, .T. ) ;
#1752 = CYLINDRICAL_SURFACE ( 'NONE', #6989, 8.000000000000000000 ) ;
#1753 = ORIENTED_EDGE ( 'NONE', *, *, #8143, .F. ) ;
#1754 = EDGE_CURVE ( 'NONE', #3363, #8898, #4729, .T. ) ;
#1755 = CARTESIAN_POINT ( 'NONE',  ( 481.0009999999999195, 368.9938854097437115, -0.2091084966484926810 ) ) ;
#1756 = EDGE_CURVE ( 'NONE', #2187, #7986, #9105, .T. ) ;
#1757 = CARTESIAN_POINT ( 'NONE',  ( 449.9436421661920917, 362.8018180105728447, 8.789500293210432247 ) ) ;
#1758 = EDGE_LOOP ( 'NONE', ( #1493, #772, #1416 ) ) ;
#1759 = CARTESIAN_POINT ( 'NONE',  ( 441.3535533905932198, 411.6000000000000227, 14.23922846596874514 ) ) ;
#1760 = EDGE_LOOP ( 'NONE', ( #963, #9634, #3815, #2901 ) ) ;
#1761 = DIRECTION ( 'NONE',  ( 0.000000000000000000, 1.000000000000000000, 0.000000000000000000 ) ) ;
#1762 = VECTOR ( 'NONE', #797, 1000.000000000000000 ) ;
#1763 = CARTESIAN_POINT ( 'NONE',  ( 414.8045136584406691, 521.1677333397122993, 55.53296593503704059 ) ) ;
#1764 = ORIENTED_EDGE ( 'NONE', *, *, #3839, .F. ) ;
#1765 = CARTESIAN_POINT ( 'NONE',  ( 454.0730317999999102, 502.5337287883886574, 56.58485080497849395 ) ) ;
#1766 = ADVANCED_FACE ( 'NONE', ( #5813 ), #2757, .F. ) ;
#1767 = DIRECTION ( 'NONE',  ( 0.000000000000000000, 0.9852652672482569152, -0.1710331931357803592 ) ) ;
#1768 = VERTEX_POINT ( 'NONE', #425 ) ;
#1769 = AXIS2_PLACEMENT_3D ( 'NONE', #4948, #8114, #244 ) ;
#1770 = CARTESIAN_POINT ( 'NONE',  ( 475.0732000679998919, 389.9107752361574626, 45.68089797006118857 ) ) ;
#1771 = EDGE_CURVE ( 'NONE', #9236, #7951, #544, .T. ) ;
#1772 = CARTESIAN_POINT ( 'NONE',  ( 447.9999999999999432, 461.3500000000000227, 38.58485080497850106 ) ) ;
#1773 = DIRECTION ( 'NONE',  ( -2.478716320810480276E-16, 1.000000000000000000, 0.000000000000000000 ) ) ;
#1774 = ORIENTED_EDGE ( 'NONE', *, *, #8297, .T. ) ;
#1775 = CYLINDRICAL_SURFACE ( 'NONE', #3166, 4.000000000000015099 ) ;
#1776 = CARTESIAN_POINT ( 'NONE',  ( 480.9999999999999432, 11.44820855162339868, -47.88513591612871778 ) ) ;
#1777 = ORIENTED_EDGE ( 'NONE', *, *, #2700, .T. ) ;
#1778 = CARTESIAN_POINT ( 'NONE',  ( 451.4000000000071964, 297.1790432595088873, 26.59299418641028012 ) ) ;
#1779 = CIRCLE ( 'NONE', #7553, 6.500000000000005329 ) ;
#1780 = DIRECTION ( 'NONE',  ( 0.000000000000000000, 0.000000000000000000, -1.000000000000000000 ) ) ;
#1781 = LINE ( 'NONE', #1109, #3750 ) ;
#1782 = ORIENTED_EDGE ( 'NONE', *, *, #6876, .T. ) ;
#1783 = CARTESIAN_POINT ( 'NONE',  ( 480.9999999999999432, 417.8641142528620662, -45.59000416092386843 ) ) ;
#1784 = CIRCLE ( 'NONE', #9203, 4.000000000000003553 ) ;
#1785 = CARTESIAN_POINT ( 'NONE',  ( 480.9999999999999432, 413.6000000000000227, 48.03443545679897397 ) ) ;
#1786 = DIRECTION ( 'NONE',  ( 0.000000000000000000, 0.000000000000000000, 1.000000000000000000 ) ) ;
#1787 = CARTESIAN_POINT ( 'NONE',  ( 439.9999999999999432, 538.3604643982600919, 23.62334978965600385 ) ) ;
#1788 = VERTEX_POINT ( 'NONE', #8141 ) ;
#1789 = DIRECTION ( 'NONE',  ( -1.000000000000000000, -2.478716320810480276E-16, -0.000000000000000000 ) ) ;
#1790 = CARTESIAN_POINT ( 'NONE',  ( 451.4000000000565365, 295.3475568516092835, -20.05977679868789565 ) ) ;
#1791 = AXIS2_PLACEMENT_3D ( 'NONE', #2044, #1843, #3443 ) ;
#1792 = CARTESIAN_POINT ( 'NONE',  ( 413.9999999999999432, 273.4021883538922566, -20.51271249707421518 ) ) ;
#1793 = EDGE_LOOP ( 'NONE', ( #6528, #3200, #8832, #6020 ) ) ;
#1794 = LINE ( 'NONE', #9637, #9923 ) ;
#1795 = DIRECTION ( 'NONE',  ( -1.000000000000000000, -0.000000000000000000, 0.000000000000000000 ) ) ;
#1796 = CARTESIAN_POINT ( 'NONE',  ( 440.9999999999996021, 297.9612359039916782, -16.26865068185259844 ) ) ;
#1797 = ORIENTED_EDGE ( 'NONE', *, *, #8472, .F. ) ;
#1798 = CARTESIAN_POINT ( 'NONE',  ( 336.0902124738105385, 11.44820855162339868, -47.88513591612871778 ) ) ;
#1799 = ORIENTED_EDGE ( 'NONE', *, *, #419, .F. ) ;
#1800 = DIRECTION ( 'NONE',  ( -2.478716320810480276E-16, 1.000000000000000000, 0.000000000000000000 ) ) ;
#1801 = CIRCLE ( 'NONE', #6251, 4.000000000000000000 ) ;
#1802 = CARTESIAN_POINT ( 'NONE',  ( 413.9999999999999432, 453.1000000000000227, -28.41514919502149539 ) ) ;
#1803 = EDGE_LOOP ( 'NONE', ( #9917, #8397, #2860, #7470, #7393, #2326, #7681, #9411 ) ) ;
#1804 = DIRECTION ( 'NONE',  ( 0.000000000000000000, 1.000000000000000000, -1.374084517793742623E-16 ) ) ;
#1805 = DIRECTION ( 'NONE',  ( 0.000000000000000000, 1.000000000000000000, 0.000000000000000000 ) ) ;
#1806 = ORIENTED_EDGE ( 'NONE', *, *, #1147, .T. ) ;
#1807 = CARTESIAN_POINT ( 'NONE',  ( 441.0000000000001705, 296.0381097097078396, 19.58561691812383287 ) ) ;
#1808 = CARTESIAN_POINT ( 'NONE',  ( 442.5999999999998522, 295.1025687517293363, 25.18898821032868796 ) ) ;
#1809 = EDGE_LOOP ( 'NONE', ( #1764, #694, #2416, #4283, #1846 ) ) ;
#1810 = FACE_OUTER_BOUND ( 'NONE', #9612, .T. ) ;
#1811 = EDGE_LOOP ( 'NONE', ( #2112, #1397, #5739, #4322 ) ) ;
#1812 = LINE ( 'NONE', #4041, #8657 ) ;
#1813 = AXIS2_PLACEMENT_3D ( 'NONE', #2748, #1668, #2499 ) ;
#1814 = CARTESIAN_POINT ( 'NONE',  ( 423.7336124514777111, 519.7897471400226550, 56.58485080497926134 ) ) ;
#1815 = ORIENTED_EDGE ( 'NONE', *, *, #9811, .T. ) ;
#1816 = EDGE_CURVE ( 'NONE', #4854, #8357, #8444, .T. ) ;
#1817 = AXIS2_PLACEMENT_3D ( 'NONE', #10114, #2989, #1490 ) ;
#1818 = DIRECTION ( 'NONE',  ( -2.482414054536381163E-31, -8.285246452426542583E-16, -1.000000000000000000 ) ) ;
#1819 = EDGE_CURVE ( 'NONE', #4014, #8208, #2659, .T. ) ;
#1820 = DIRECTION ( 'NONE',  ( 0.000000000000000000, 0.000000000000000000, 1.000000000000000000 ) ) ;
#1821 = VERTEX_POINT ( 'NONE', #1364 ) ;
#1822 = VECTOR ( 'NONE', #2513, 1000.000000000000227 ) ;
#1823 = LINE ( 'NONE', #4965, #10040 ) ;
#1824 = EDGE_CURVE ( 'NONE', #1900, #5470, #1184, .T. ) ;
#1825 = DIRECTION ( 'NONE',  ( 0.000000000000000000, 0.000000000000000000, -1.000000000000000000 ) ) ;
#1826 = ADVANCED_FACE ( 'NONE', ( #6065 ), #6110, .F. ) ;
#1827 = ORIENTED_EDGE ( 'NONE', *, *, #3020, .T. ) ;
#1828 = CARTESIAN_POINT ( 'NONE',  ( 417.7194358855915084, 520.3874798967293600, 56.08938664207075675 ) ) ;
#1829 = ORIENTED_EDGE ( 'NONE', *, *, #5552, .T. ) ;
#1830 = CARTESIAN_POINT ( 'NONE',  ( 451.3999999999927581, 297.1291296796006236, 26.57874392947180553 ) ) ;
#1831 = CARTESIAN_POINT ( 'NONE',  ( 443.4999999999999432, 411.6000000000000227, -13.46077153403125948 ) ) ;
#1832 = CARTESIAN_POINT ( 'NONE',  ( 441.5000000000001137, 375.4938854097437684, 0.000000000000000000 ) ) ;
#1833 = VERTEX_POINT ( 'NONE', #3060 ) ;
#1834 = EDGE_CURVE ( 'NONE', #2356, #6277, #6785, .T. ) ;
#1835 = AXIS2_PLACEMENT_3D ( 'NONE', #7516, #578, #5189 ) ;
#1836 = CARTESIAN_POINT ( 'NONE',  ( 481.0009999999999195, 375.4938854097437684, -0.2091084966484805241 ) ) ;
#1837 = LINE ( 'NONE', #8909, #1557 ) ;
#1838 = CARTESIAN_POINT ( 'NONE',  ( 413.9999999999999432, 446.6000000000000227, 38.58485080497850817 ) ) ;
#1839 = DIRECTION ( 'NONE',  ( -0.7071067811865477948, -1.752717119082861325E-16, -0.7071067811865473507 ) ) ;
#1840 = B_SPLINE_SURFACE_WITH_KNOTS ( 'NONE', 1, 3, ( 
 ( #6530, #2607, #7924, #5542, #8640, #1567, #7873, #9462, #781, #3946, #3168, #6322, #3999, #1026, #1083, #5157, #191, #1914, #3409, #7483, #7276, #6663, #3355, #5004, #345, #4952, #9081, #9653, #8172, #4194, #5057, #399, #8119, #248, #8880, #7385, #4248, #9035, #1965, #9810, #2013, #297, #9752, #5735, #1807, #2737, #3461, #8320, #5946, #5108, #4345, #6560, #1186, #3567, #4298, #1860 ),
 ( #7333, #8268, #6710, #2686, #9863, #9703, #2635, #5785, #6609, #5841, #2786, #4141, #5896, #6506, #8986, #8222, #8932, #1136, #2584, #7433, #3510, #3037, #9273, #1435, #498, #8512, #7738, #1389, #9178, #7689, #4586, #5212, #6136, #2212, #6858, #5359, #2834, #2981, #6041, #7591, #596, #9913, #646, #9225, #9963, #8464, #5994, #6759, #9129, #4398, #3666, #452, #3812, #7538, #6953, #5310 ) ),
 .UNSPECIFIED., .F., .F., .F.,
 ( 2, 2 ),
 ( 4, 2, 2, 2, 2, 2, 2, 2, 2, 2, 2, 2, 2, 2, 2, 2, 2, 2, 2, 2, 2, 2, 2, 2, 2, 2, 2, 4 ),
 ( 0.000000000000000000, 1.000000000000000000 ),
 ( 0.000000000000000000, 0.0002821973663583283672, 0.0005643947327166567345, 0.0008465920990749851559, 0.0009876907822541493125, 0.001128789465433313469, 0.001410986831791641999, 0.001693184198149970312, 0.001975381564508298625, 0.002257578930866626938, 0.002539776297224955251, 0.002821973663583283998, 0.002963072346762448371, 0.003104171029941612311, 0.003386368396299940624, 0.003950763129016597250, 0.004232960495374925997, 0.004515157861733253876, 0.004797355228091581755, 0.005079552594449910502, 0.005643947327166567995, 0.006208342059883224621, 0.006490539426241552501, 0.006772736792599881248, 0.007054934158958209994, 0.007337131525316537874, 0.007901526258033194500, 0.009030315723466507752 ),
 .UNSPECIFIED. ) ;
#1841 = VECTOR ( 'NONE', #1415, 1000.000000000000000 ) ;
#1842 = CARTESIAN_POINT ( 'NONE',  ( 447.8730366350265513, 453.0999999999999659, 13.35471296614009340 ) ) ;
#1843 = DIRECTION ( 'NONE',  ( -0.000000000000000000, -0.000000000000000000, -1.000000000000000000 ) ) ;
#1844 = AXIS2_PLACEMENT_3D ( 'NONE', #3162, #9455, #5022 ) ;
#1845 = CARTESIAN_POINT ( 'NONE',  ( 445.3999999999568331, 295.6305463298050427, -17.71764153784566176 ) ) ;
#1846 = ORIENTED_EDGE ( 'NONE', *, *, #7872, .T. ) ;
#1847 = CARTESIAN_POINT ( 'NONE',  ( 440.0000000000001705, 544.0862555031103511, 7.386609533229486324 ) ) ;
#1848 = EDGE_CURVE ( 'NONE', #2694, #1296, #4967, .T. ) ;
#1849 = EDGE_CURVE ( 'NONE', #9173, #2161, #7812, .T. ) ;
#1850 = CARTESIAN_POINT ( 'NONE',  ( 450.9360337533219081, 362.5322230102515846, -0.9286256239271764024 ) ) ;
#1851 = CARTESIAN_POINT ( 'NONE',  ( 441.0000000000001705, 297.0158188575459803, -18.92017992737766718 ) ) ;
#1852 = CARTESIAN_POINT ( 'NONE',  ( 440.0000000000000568, 543.8332374764739825, 6.464497245720913554 ) ) ;
#1853 = VERTEX_POINT ( 'NONE', #5285 ) ;
#1854 = CARTESIAN_POINT ( 'NONE',  ( 429.6526740142684275, 542.0104643982598418, 1.649720804978396682 ) ) ;
#1855 = AXIS2_PLACEMENT_3D ( 'NONE', #9842, #9994, #2865 ) ;
#1856 = CARTESIAN_POINT ( 'NONE',  ( 461.9999999999998863, 436.1000000000000227, 45.08485080497847974 ) ) ;
#1857 = CARTESIAN_POINT ( 'NONE',  ( 414.7924833457317959, 528.6608932183657998, -24.03234905018871004 ) ) ;
#1858 = FACE_OUTER_BOUND ( 'NONE', #1301, .T. ) ;
#1859 = EDGE_LOOP ( 'NONE', ( #4606, #6514 ) ) ;
#1860 = CARTESIAN_POINT ( 'NONE',  ( 441.0000000000000000, 297.3471304468749850, 17.30401987014100484 ) ) ;
#1861 = AXIS2_PLACEMENT_3D ( 'NONE', #1864, #3358, #3413 ) ;
#1862 = LINE ( 'NONE', #5005, #8984 ) ;
#1863 = EDGE_LOOP ( 'NONE', ( #6188, #8428, #2309, #6294, #2147, #7847, #2535, #7475 ) ) ;
#1864 = CARTESIAN_POINT ( 'NONE',  ( 443.5000000000000000, 276.9938854097435978, 0.1778581151391607218 ) ) ;
#1865 = ORIENTED_EDGE ( 'NONE', *, *, #917, .T. ) ;
#1866 = CARTESIAN_POINT ( 'NONE',  ( 429.6526740142684275, 554.7104643982598873, 14.75472080497848637 ) ) ;
#1867 = CARTESIAN_POINT ( 'NONE',  ( 420.8961414414258115, 519.1276203488259853, 56.58485080497656838 ) ) ;
#1868 = ORIENTED_EDGE ( 'NONE', *, *, #6922, .F. ) ;
#1869 = CARTESIAN_POINT ( 'NONE',  ( 479.1789189533377566, 471.8321976163135218, -36.79471755196289706 ) ) ;
#1870 = CARTESIAN_POINT ( 'NONE',  ( 443.9999999999999432, 536.2104643982597736, 56.58485080497850817 ) ) ;
#1871 = VERTEX_POINT ( 'NONE', #10035 ) ;
#1872 = CARTESIAN_POINT ( 'NONE',  ( 480.9999999999999432, 286.8333081229242225, -15.60649365081390094 ) ) ;
#1873 = VERTEX_POINT ( 'NONE', #7663 ) ;
#1874 = DIRECTION ( 'NONE',  ( 0.000000000000000000, 0.000000000000000000, -1.000000000000000000 ) ) ;
#1875 = DIRECTION ( 'NONE',  ( 1.000000000000000000, 2.478716320810480276E-16, 0.000000000000000000 ) ) ;
#1876 = EDGE_CURVE ( 'NONE', #1120, #3304, #7616, .T. ) ;
#1877 = DIRECTION ( 'NONE',  ( 0.000000000000000000, 1.000000000000000000, 8.916802913899439962E-16 ) ) ;
#1878 = AXIS2_PLACEMENT_3D ( 'NONE', #6142, #9379, #2310 ) ;
#1879 = DIRECTION ( 'NONE',  ( -1.000000000000000000, -2.478716320810481262E-16, 0.000000000000000000 ) ) ;
#1880 = B_SPLINE_CURVE_WITH_KNOTS ( 'NONE', 3,
 ( #7994, #10199, #6437, #3130, #2509, #8047, #4123, #1736, #902, #4070, #7886, #7259, #5445, #7937, #4774, #4724, #7098, #8807, #845, #6281, #3083, #6232 ),
 .UNSPECIFIED., .F., .F.,
 ( 4, 2, 2, 2, 2, 2, 2, 2, 2, 2, 4 ),
 ( -1.612452024984057308E-05, 0.0005306725343119240686, 0.001077469588873688697, 0.002171063697997099341, 0.003264657807120509986, 0.004358251916243920630, 0.005451846025367331275, 0.006545440134490741919, 0.007092237189052505789, 0.007639034243614267923, 0.008732628352737692445 ),
 .UNSPECIFIED. ) ;
#1881 = ORIENTED_EDGE ( 'NONE', *, *, #2667, .F. ) ;
#1882 = CARTESIAN_POINT ( 'NONE',  ( 451.3999999999999773, 297.3416420601996037, 26.63434276652697719 ) ) ;
#1883 = CARTESIAN_POINT ( 'NONE',  ( 447.5000000000000000, 309.9938854097435978, 0.1778581151391607218 ) ) ;
#1884 = LINE ( 'NONE', #319, #924 ) ;
#1885 = ORIENTED_EDGE ( 'NONE', *, *, #3472, .F. ) ;
#1886 = EDGE_CURVE ( 'NONE', #4319, #5672, #10238, .T. ) ;
#1887 = CIRCLE ( 'NONE', #710, 3.999999999999993783 ) ;
#1888 = AXIS2_PLACEMENT_3D ( 'NONE', #8996, #5069, #6720 ) ;
#1889 = EDGE_CURVE ( 'NONE', #457, #2550, #3836, .T. ) ;
#1890 = CARTESIAN_POINT ( 'NONE',  ( 429.6526740142684275, 542.0104643982598418, 1.649720804978396682 ) ) ;
#1891 = ADVANCED_FACE ( 'NONE', ( #2186 ), #8439, .F. ) ;
#1892 = DIRECTION ( 'NONE',  ( 0.000000000000000000, 0.000000000000000000, -1.000000000000000000 ) ) ;
#1893 = PLANE ( 'NONE',  #719 ) ;
#1894 = CIRCLE ( 'NONE', #6021, 1.250000000000028866 ) ;
#1895 = CARTESIAN_POINT ( 'NONE',  ( 456.0231999999999175, 373.3794041054604804, 41.72863636052983338 ) ) ;
#1896 = AXIS2_PLACEMENT_3D ( 'NONE', #3951, #5311, #8419 ) ;
#1897 = CARTESIAN_POINT ( 'NONE',  ( 441.3535533905932198, 405.1000000000000227, -2.760771534031255303 ) ) ;
#1898 = CARTESIAN_POINT ( 'NONE',  ( 451.4000000000000341, 290.4958561588956059, -14.22460904789634029 ) ) ;
#1899 = LINE ( 'NONE', #4281, #8092 ) ;
#1900 = VERTEX_POINT ( 'NONE', #9204 ) ;
#1901 = AXIS2_PLACEMENT_3D ( 'NONE', #1313, #6409, #2483 ) ;
#1902 = CARTESIAN_POINT ( 'NONE',  ( 450.3800368622445944, 362.6469003778039450, -1.641559742629590923 ) ) ;
#1903 = DIRECTION ( 'NONE',  ( 1.000000000000000000, -0.000000000000000000, 0.000000000000000000 ) ) ;
#1904 = EDGE_CURVE ( 'NONE', #3968, #4450, #2092, .T. ) ;
#1905 = ORIENTED_EDGE ( 'NONE', *, *, #6248, .F. ) ;
#1906 = CARTESIAN_POINT ( 'NONE',  ( 451.4000000001128683, 294.9427124615735920, 18.06867002341857642 ) ) ;
#1907 = VECTOR ( 'NONE', #6512, 1000.000000000000000 ) ;
#1908 =( BOUNDED_CURVE ( )  B_SPLINE_CURVE ( 3, ( #7925, #890, #4060, #7196 ),
 .UNSPECIFIED., .F., .T. ) 
 B_SPLINE_CURVE_WITH_KNOTS ( ( 4, 4 ),
 ( 1.954697052702493609, 2.094395102393196151 ),
 .UNSPECIFIED. ) 
 CURVE ( )  GEOMETRIC_REPRESENTATION_ITEM ( )  RATIONAL_B_SPLINE_CURVE ( ( 1.000000000000000000, 0.9983743656777299691, 0.9983743656777299691, 1.000000000000000000 ) ) 
 REPRESENTATION_ITEM ( '' )  );
#1909 = CARTESIAN_POINT ( 'NONE',  ( 414.2716872453150927, 531.7089601330054620, -22.27611810212663812 ) ) ;
#1910 = EDGE_CURVE ( 'NONE', #4511, #3680, #5333, .T. ) ;
#1911 = DIRECTION ( 'NONE',  ( 0.000000000000000000, 1.000000000000000000, 0.000000000000000000 ) ) ;
#1912 = EDGE_LOOP ( 'NONE', ( #7017, #7976, #6202, #3741 ) ) ;
#1913 = CIRCLE ( 'NONE', #4872, 1.649999999999984812 ) ;
#1914 = CARTESIAN_POINT ( 'NONE',  ( 441.0000000000000000, 296.1079858438176871, 23.80837251942507748 ) ) ;
#1915 = CARTESIAN_POINT ( 'NONE',  ( 447.8086218102550902, 364.9458476227059123, 11.87955783300484214 ) ) ;
#1916 = ORIENTED_EDGE ( 'NONE', *, *, #7523, .F. ) ;
#1917 = CARTESIAN_POINT ( 'NONE',  ( 440.9999999999999432, 411.6000000000000227, -9.614324924624551016 ) ) ;
#1918 = ORIENTED_EDGE ( 'NONE', *, *, #3155, .T. ) ;
#1919 = DIRECTION ( 'NONE',  ( 0.000000000000000000, 0.000000000000000000, -1.000000000000000000 ) ) ;
#1920 = CARTESIAN_POINT ( 'NONE',  ( 423.1576227027921959, 524.2808301572421215, 54.18959773752441578 ) ) ;
#1921 = ORIENTED_EDGE ( 'NONE', *, *, #2262, .F. ) ;
#1922 = DIRECTION ( 'NONE',  ( -2.478716320810480276E-16, 1.000000000000000000, -2.668805347656623720E-16 ) ) ;
#1923 = DIRECTION ( 'NONE',  ( 0.000000000000000000, 0.000000000000000000, 1.000000000000000000 ) ) ;
#1924 = VERTEX_POINT ( 'NONE', #4567 ) ;
#1925 = CARTESIAN_POINT ( 'NONE',  ( 443.9999936775068363, 470.5887913844095465, -32.99212978198413282 ) ) ;
#1926 = EDGE_LOOP ( 'NONE', ( #2833, #5216, #2563, #1827, #3114 ) ) ;
#1927 = DIRECTION ( 'NONE',  ( 0.000000000000000000, -1.000000000000000000, 0.000000000000000000 ) ) ;
#1928 = DIRECTION ( 'NONE',  ( 1.000000000000000000, -0.000000000000000000, -0.000000000000000000 ) ) ;
#1929 = FACE_OUTER_BOUND ( 'NONE', #6003, .T. ) ;
#1930 = CARTESIAN_POINT ( 'NONE',  ( 475.4999999999999432, 286.8333081229242225, -13.60649365081389917 ) ) ;
#1931 = CARTESIAN_POINT ( 'NONE',  ( 417.1300816081047174, 521.6211947298903624, 55.39845838669339173 ) ) ;
#1932 = VERTEX_POINT ( 'NONE', #7716 ) ;
#1933 = CARTESIAN_POINT ( 'NONE',  ( 451.4000000000000341, 295.7575291927210515, 32.42334363008974663 ) ) ;
#1934 = B_SPLINE_CURVE_WITH_KNOTS ( 'NONE', 3,
 ( #6056, #4263, #9193, #2127 ),
 .UNSPECIFIED., .F., .F.,
 ( 4, 4 ),
 ( 0.000000000000000000, 0.0005281621887729931030 ),
 .UNSPECIFIED. ) ;
#1935 = VECTOR ( 'NONE', #3350, 1000.000000000000114 ) ;
#1936 = FACE_OUTER_BOUND ( 'NONE', #6670, .T. ) ;
#1937 = DIRECTION ( 'NONE',  ( -1.000000000000000000, -0.000000000000000000, 0.000000000000000000 ) ) ;
#1938 = ORIENTED_EDGE ( 'NONE', *, *, #8145, .F. ) ;
#1939 = AXIS2_PLACEMENT_3D ( 'NONE', #8413, #2301, #5555 ) ;
#1940 = UNCERTAINTY_MEASURE_WITH_UNIT (LENGTH_MEASURE( 1.000000000000000082E-05 ), #5230, 'distance_accuracy_value', 'NONE');
#1941 = DIRECTION ( 'NONE',  ( -0.000000000000000000, -0.000000000000000000, 1.000000000000000000 ) ) ;
#1942 = FACE_BOUND ( 'NONE', #3587, .T. ) ;
#1943 = CARTESIAN_POINT ( 'NONE',  ( 461.9999999999998863, 453.1000000000000796, 43.08485080497851527 ) ) ;
#1944 = EDGE_CURVE ( 'NONE', #3240, #9294, #7322, .T. ) ;
#1945 = DIRECTION ( 'NONE',  ( 0.000000000000000000, 0.000000000000000000, 1.000000000000000000 ) ) ;
#1946 = ADVANCED_FACE ( 'NONE', ( #3791 ), #7028, .F. ) ;
#1947 = LINE ( 'NONE', #3394, #2098 ) ;
#1948 = EDGE_CURVE ( 'NONE', #7986, #8208, #8580, .T. ) ;
#1949 = DIRECTION ( 'NONE',  ( 0.000000000000000000, 0.000000000000000000, -1.000000000000000000 ) ) ;
#1950 = VERTEX_POINT ( 'NONE', #2861 ) ;
#1951 = AXIS2_PLACEMENT_3D ( 'NONE', #10209, #2267, #6143 ) ;
#1952 = CARTESIAN_POINT ( 'NONE',  ( 439.9999999999999432, 544.3835824202590175, 10.53586193310097663 ) ) ;
#1953 = DIRECTION ( 'NONE',  ( 1.483476476519634670E-16, 0.9852652672482559160, -0.1710331931357859103 ) ) ;
#1954 = CARTESIAN_POINT ( 'NONE',  ( 441.0000000000000568, 297.8666991613969230, -16.43387530324264034 ) ) ;
#1955 = EDGE_CURVE ( 'NONE', #4735, #8898, #1661, .T. ) ;
#1956 = CARTESIAN_POINT ( 'NONE',  ( 440.0000000000349019, 547.0173971447237591, 3.474558369834150451 ) ) ;
#1957 = ORIENTED_EDGE ( 'NONE', *, *, #7037, .F. ) ;
#1958 = DIRECTION ( 'NONE',  ( 0.000000000000000000, 1.000000000000000000, -1.374084517793742623E-16 ) ) ;
#1959 = DIRECTION ( 'NONE',  ( 1.000000000000000000, 0.000000000000000000, 0.000000000000000000 ) ) ;
#1960 = VECTOR ( 'NONE', #3562, 1000.000000000000000 ) ;
#1961 = DIRECTION ( 'NONE',  ( 0.000000000000000000, 1.000000000000000000, 0.000000000000000000 ) ) ;
#1962 = CARTESIAN_POINT ( 'NONE',  ( 336.0902124738105385, 413.6000000000000227, -30.64042097131219933 ) ) ;
#1963 = ORIENTED_EDGE ( 'NONE', *, *, #2262, .T. ) ;
#1964 = EDGE_CURVE ( 'NONE', #1315, #1224, #92, .T. ) ;
#1965 = CARTESIAN_POINT ( 'NONE',  ( 441.0000000000000000, 295.7003451882448530, 20.94775151309845995 ) ) ;
#1966 = CONICAL_SURFACE ( 'NONE', #786, 2.000000000000001776, 1.029744258676659197 ) ;
#1967 = FACE_OUTER_BOUND ( 'NONE', #263, .T. ) ;
#1968 = ORIENTED_EDGE ( 'NONE', *, *, #3789, .T. ) ;
#1969 =( BOUNDED_CURVE ( )  B_SPLINE_CURVE ( 3, ( #8493, #6165, #1419, #9405 ),
 .UNSPECIFIED., .F., .T. ) 
 B_SPLINE_CURVE_WITH_KNOTS ( ( 4, 4 ),
 ( 1.100842952118509466, 1.204982818594334759 ),
 .UNSPECIFIED. ) 
 CURVE ( )  GEOMETRIC_REPRESENTATION_ITEM ( )  RATIONAL_B_SPLINE_CURVE ( ( 1.000000000000000000, 0.9990964448609714887, 0.9990964448609714887, 1.000000000000000000 ) ) 
 REPRESENTATION_ITEM ( '' )  );
#1970 = DIRECTION ( 'NONE',  ( 0.8660254037844395958, 0.4999999999999985567, 0.000000000000000000 ) ) ;
#1971 = VERTEX_POINT ( 'NONE', #1710 ) ;
#1972 = CARTESIAN_POINT ( 'NONE',  ( 453.6999999999999318, 474.8203841816037993, 5.739228465968748694 ) ) ;
#1973 = FACE_OUTER_BOUND ( 'NONE', #9847, .T. ) ;
#1974 = ORIENTED_EDGE ( 'NONE', *, *, #422, .T. ) ;
#1975 = CARTESIAN_POINT ( 'NONE',  ( 440.9999999999998863, 436.1000000000004775, -43.41514919502154157 ) ) ;
#1976 = FACE_OUTER_BOUND ( 'NONE', #953, .T. ) ;
#1977 = ORIENTED_EDGE ( 'NONE', *, *, #1889, .T. ) ;
#1978 = CARTESIAN_POINT ( 'NONE',  ( 404.8962970026126413, 295.5648931574630183, -12.52519943940830238 ) ) ;
#1979 = EDGE_LOOP ( 'NONE', ( #189, #8329, #6703, #4466, #7111, #7384, #9466 ) ) ;
#1980 = CARTESIAN_POINT ( 'NONE',  ( 445.7499999999998863, 429.6000000000000227, 1.164662208042392733 ) ) ;
#1981 = CARTESIAN_POINT ( 'NONE',  ( 448.1066666666666833, 296.1228751062957372, 16.27387480217105065 ) ) ;
#1982 = CIRCLE ( 'NONE', #7748, 1.649999999999984812 ) ;
#1983 = ADVANCED_FACE ( 'NONE', ( #6410 ), #9554, .F. ) ;
#1984 = LINE ( 'NONE', #6777, #9942 ) ;
#1985 = DIRECTION ( 'NONE',  ( 0.000000000000000000, 0.000000000000000000, -1.000000000000000000 ) ) ;
#1986 = EDGE_LOOP ( 'NONE', ( #8429, #4797, #1248, #916 ) ) ;
#1987 = DIRECTION ( 'NONE',  ( 0.000000000000000000, 1.000000000000000000, 0.000000000000000000 ) ) ;
#1988 = FACE_OUTER_BOUND ( 'NONE', #7324, .T. ) ;
#1989 = ORIENTED_EDGE ( 'NONE', *, *, #9638, .F. ) ;
#1990 = DIRECTION ( 'NONE',  ( -1.000000000000000000, -0.000000000000000000, 0.000000000000000000 ) ) ;
#1991 = DIRECTION ( 'NONE',  ( -0.000000000000000000, -1.000000000000000000, -0.000000000000000000 ) ) ;
#1992 = CARTESIAN_POINT ( 'NONE',  ( 443.9999999999998295, 545.9711136446484261, -3.970778131129053090 ) ) ;
#1993 = CARTESIAN_POINT ( 'NONE',  ( 418.6891108675446276, 518.5886861333489151, 56.52505537264298852 ) ) ;
#1994 = DIRECTION ( 'NONE',  ( 0.000000000000000000, 2.960594732333742150E-14, -1.000000000000000000 ) ) ;
#1995 = CARTESIAN_POINT ( 'NONE',  ( 480.1515971469870578, 467.5497342536290830, 46.38400583084057871 ) ) ;
#1996 = ORIENTED_EDGE ( 'NONE', *, *, #8629, .T. ) ;
#1997 = B_SPLINE_CURVE_WITH_KNOTS ( 'NONE', 3,
 ( #10224, #8678, #3205, #5526, #7807, #1599 ),
 .UNSPECIFIED., .F., .F.,
 ( 4, 2, 4 ),
 ( 0.002853607062723429941, 0.01289767119069983557, 0.02294173531867624294 ),
 .UNSPECIFIED. ) ;
#1998 = CARTESIAN_POINT ( 'NONE',  ( 442.5999999999998522, 297.0952331286823664, -14.68605186448338529 ) ) ;
#1999 = ADVANCED_FACE ( 'NONE', ( #3113 ), #6262, .F. ) ;
#2000 = CARTESIAN_POINT ( 'NONE',  ( 441.0000000000000568, 297.0771938607572338, 24.83221490763450490 ) ) ;
#2001 = PLANE ( 'NONE',  #8490 ) ;
#2002 = EDGE_CURVE ( 'NONE', #1171, #6206, #704, .T. ) ;
#2003 = CIRCLE ( 'NONE', #7275, 4.000000000000000000 ) ;
#2004 = CARTESIAN_POINT ( 'NONE',  ( 419.3292571185267548, 524.1034027882833470, -15.03766668192264433 ) ) ;
#2005 = ORIENTED_EDGE ( 'NONE', *, *, #2516, .F. ) ;
#2006 = CARTESIAN_POINT ( 'NONE',  ( 445.4000000000141881, 294.0414308481920216, 21.52733859652228787 ) ) ;
#2007 = FACE_OUTER_BOUND ( 'NONE', #5322, .T. ) ;
#2008 = DIRECTION ( 'NONE',  ( -1.000000000000000000, 0.000000000000000000, -0.000000000000000000 ) ) ;
#2009 = CARTESIAN_POINT ( 'NONE',  ( 425.4412738947229400, 532.6544261428608706, -22.72892904972071904 ) ) ;
#2010 = VERTEX_POINT ( 'NONE', #1198 ) ;
#2011 = EDGE_CURVE ( 'NONE', #5595, #8771, #5015, .T. ) ;
#2012 = EDGE_CURVE ( 'NONE', #2958, #4552, #9821, .T. ) ;
#2013 = CARTESIAN_POINT ( 'NONE',  ( 441.0000000000001137, 295.7797950222998224, 20.48599559523000480 ) ) ;
#2014 = ADVANCED_FACE ( 'NONE', ( #8280 ), #9763, .F. ) ;
#2015 = LINE ( 'NONE', #5160, #9149 ) ;
#2016 = CIRCLE ( 'NONE', #8293, 10.70000000000004192 ) ;
#2017 = ORIENTED_EDGE ( 'NONE', *, *, #1652, .F. ) ;
#2018 = CARTESIAN_POINT ( 'NONE',  ( 459.3999999999999204, 276.9938854097435978, 0.1778581151391607218 ) ) ;
#2019 = ORIENTED_EDGE ( 'NONE', *, *, #2504, .T. ) ;
#2020 = CARTESIAN_POINT ( 'NONE',  ( 447.4999999999999432, 411.6000000000000227, 20.93922846596873910 ) ) ;
#2021 = EDGE_CURVE ( 'NONE', #3206, #6111, #4962, .T. ) ;
#2022 = CARTESIAN_POINT ( 'NONE',  ( 455.6979026605672516, 516.7254442744819016, 56.45771667345304934 ) ) ;
#2023 = VERTEX_POINT ( 'NONE', #4259 ) ;
#2024 = CARTESIAN_POINT ( 'NONE',  ( 413.9999999999999432, 417.8641142528620662, -45.59000416092386843 ) ) ;
#2025 = DIRECTION ( 'NONE',  ( 0.000000000000000000, 0.000000000000000000, 1.000000000000000000 ) ) ;
#2026 = ORIENTED_EDGE ( 'NONE', *, *, #9838, .T. ) ;
#2027 = VECTOR ( 'NONE', #8621, 1000.000000000000114 ) ;
#2028 = LINE ( 'NONE', #3630, #2812 ) ;
#2029 = EDGE_LOOP ( 'NONE', ( #3359, #8338, #6371, #7369, #9247, #4746, #8578 ) ) ;
#2030 = PLANE ( 'NONE',  #10123 ) ;
#2031 = CARTESIAN_POINT ( 'NONE',  ( 440.9999999999999432, 347.1206644405273209, -6.306332081159247593 ) ) ;
#2032 = CARTESIAN_POINT ( 'NONE',  ( 443.5000000000000000, 346.4394627972502008, 13.82533480644865342 ) ) ;
#2033 = CYLINDRICAL_SURFACE ( 'NONE', #8998, 15.00000000000000000 ) ;
#2034 = EDGE_CURVE ( 'NONE', #2203, #1932, #5907, .T. ) ;
#2035 = EDGE_LOOP ( 'NONE', ( #3085, #3185, #8196, #515, #10006, #288, #4037, #4740 ) ) ;
#2036 = CARTESIAN_POINT ( 'NONE',  ( 449.4682298853246039, 453.0999999999998522, 17.50099551871767289 ) ) ;
#2037 = FACE_OUTER_BOUND ( 'NONE', #5758, .T. ) ;
#2038 = VERTEX_POINT ( 'NONE', #7445 ) ;
#2039 = EDGE_CURVE ( 'NONE', #6773, #6635, #5867, .T. ) ;
#2040 = AXIS2_PLACEMENT_3D ( 'NONE', #7743, #650, #4636 ) ;
#2041 = CARTESIAN_POINT ( 'NONE',  ( 465.9999999999998863, 429.6000000000000227, -32.91514919502150605 ) ) ;
#2042 = CARTESIAN_POINT ( 'NONE',  ( 413.9989999999999668, 0.000000000000000000, 46.58485080497850106 ) ) ;
#2043 = CARTESIAN_POINT ( 'NONE',  ( 443.9999999999998295, 543.5065555408484670, -7.764660267118300929 ) ) ;
#2044 = CARTESIAN_POINT ( 'NONE',  ( 465.9999999999998863, 453.1000000000000796, 43.08485080497851527 ) ) ;
#2045 = VECTOR ( 'NONE', #1746, 1000.000000000000000 ) ;
#2046 = CARTESIAN_POINT ( 'NONE',  ( 451.3999999999134616, 297.4817943277211612, -24.38251542296174179 ) ) ;
#2047 = VECTOR ( 'NONE', #1094, 1000.000000000000000 ) ;
#2048 = CARTESIAN_POINT ( 'NONE',  ( 480.3642637630437662, 466.3084444579657770, 45.99769600402478886 ) ) ;
#2049 = EDGE_LOOP ( 'NONE', ( #4423, #4352, #2005, #9205 ) ) ;
#2050 = CARTESIAN_POINT ( 'NONE',  ( 441.0000000000001137, 297.1927488093832608, -18.08807768547674044 ) ) ;
#2051 = CIRCLE ( 'NONE', #2873, 4.000000000000000000 ) ;
#2052 = CARTESIAN_POINT ( 'NONE',  ( 440.9999999999996589, 295.6420594785541880, 21.79745177474345752 ) ) ;
#2053 = CIRCLE ( 'NONE', #8482, 10.69999999999998685 ) ;
#2054 = CARTESIAN_POINT ( 'NONE',  ( 421.2871870788980004, 520.0886861333490288, 42.39248229010332381 ) ) ;
#2055 = AXIS2_PLACEMENT_3D ( 'NONE', #4085, #2524, #3924 ) ;
#2056 = CARTESIAN_POINT ( 'NONE',  ( 439.9999999999997158, 538.3604643982992002, -3.763271607359760740 ) ) ;
#2057 = ORIENTED_EDGE ( 'NONE', *, *, #4664, .F. ) ;
#2058 = DIRECTION ( 'NONE',  ( 1.000000000000000000, 2.478716320810480276E-16, 0.000000000000000000 ) ) ;
#2059 = FACE_OUTER_BOUND ( 'NONE', #7593, .T. ) ;
#2060 = CARTESIAN_POINT ( 'NONE',  ( 336.0902124738105385, 413.6000000000000227, 40.03443545679897397 ) ) ;
#2061 = VECTOR ( 'NONE', #3280, 1000.000000000000000 ) ;
#2062 = CARTESIAN_POINT ( 'NONE',  ( 445.5295514771264607, 533.6332226600700324, -20.17714805793633559 ) ) ;
#2063 = VECTOR ( 'NONE', #8618, 1000.000000000000114 ) ;
#2064 = VECTOR ( 'NONE', #4149, 1000.000000000000000 ) ;
#2065 = ORIENTED_EDGE ( 'NONE', *, *, #6690, .F. ) ;
#2066 = CARTESIAN_POINT ( 'NONE',  ( 441.0000000000000000, 255.9938854097436547, 56.58485080497850817 ) ) ;
#2067 = CARTESIAN_POINT ( 'NONE',  ( 446.2227985363800258, 532.3604643982597509, -11.23507891194397246 ) ) ;
#2068 = CIRCLE ( 'NONE', #8821, 4.000000000000003553 ) ;
#2069 = ORIENTED_EDGE ( 'NONE', *, *, #5996, .T. ) ;
#2070 = PLANE ( 'NONE',  #1516 ) ;
#2071 = ORIENTED_EDGE ( 'NONE', *, *, #4704, .T. ) ;
#2072 = CARTESIAN_POINT ( 'NONE',  ( 440.9999999999999432, 347.1206644405273209, -7.956332081159231961 ) ) ;
#2073 = ADVANCED_FACE ( 'NONE', ( #5747 ), #202, .T. ) ;
#2074 = CARTESIAN_POINT ( 'NONE',  ( 431.3340154282913090, 524.5574245448091233, 54.35567746873036299 ) ) ;
#2075 = VERTEX_POINT ( 'NONE', #1037 ) ;
#2076 = DIRECTION ( 'NONE',  ( -0.000000000000000000, 1.000000000000000000, -0.000000000000000000 ) ) ;
#2077 = CARTESIAN_POINT ( 'NONE',  ( 444.5932000679999305, 389.2132045783018839, 48.59867026708830906 ) ) ;
#2078 = ADVANCED_FACE ( 'NONE', ( #1148 ), #3473, .F. ) ;
#2079 = ORIENTED_EDGE ( 'NONE', *, *, #8023, .F. ) ;
#2080 = CARTESIAN_POINT ( 'NONE',  ( 480.8647444446674513, 461.9507611280003516, -32.29695114589807758 ) ) ;
#2081 = EDGE_CURVE ( 'NONE', #7446, #127, #8976, .T. ) ;
#2082 = EDGE_LOOP ( 'NONE', ( #655, #2225, #1634, #8777 ) ) ;
#2083 = FACE_OUTER_BOUND ( 'NONE', #1570, .T. ) ;
#2084 = CARTESIAN_POINT ( 'NONE',  ( 440.4799999999999613, 290.5815479950528015, -23.49489489315302038 ) ) ;
#2085 = CARTESIAN_POINT ( 'NONE',  ( 447.5000000000000000, 362.4938854097437115, -10.90910849664849991 ) ) ;
#2086 = ORIENTED_EDGE ( 'NONE', *, *, #5156, .F. ) ;
#2087 = DIRECTION ( 'NONE',  ( -1.000000000000000000, -0.000000000000000000, -0.000000000000000000 ) ) ;
#2088 = ADVANCED_FACE ( 'NONE', ( #1976 ), #2366, .F. ) ;
#2089 = LINE ( 'NONE', #10032, #6971 ) ;
#2090 = ORIENTED_EDGE ( 'NONE', *, *, #7354, .F. ) ;
#2091 = ORIENTED_EDGE ( 'NONE', *, *, #284, .F. ) ;
#2092 = LINE ( 'NONE', #10077, #9962 ) ;
#2093 = ORIENTED_EDGE ( 'NONE', *, *, #5159, .F. ) ;
#2094 = ADVANCED_FACE ( 'NONE', ( #5852 ), #9715, .F. ) ;
#2095 = DIRECTION ( 'NONE',  ( 0.000000000000000000, 0.000000000000000000, 1.000000000000000000 ) ) ;
#2096 = DIRECTION ( 'NONE',  ( 0.000000000000000000, 0.000000000000000000, 1.000000000000000000 ) ) ;
#2097 = CARTESIAN_POINT ( 'NONE',  ( 447.5000000000000000, 308.7948825839263236, 19.09072618763480023 ) ) ;
#2098 = VECTOR ( 'NONE', #4230, 1000.000000000000000 ) ;
#2099 = CARTESIAN_POINT ( 'NONE',  ( 451.4000000000141313, 296.2834218042104908, -23.18838472434884324 ) ) ;
#2100 = CARTESIAN_POINT ( 'NONE',  ( 413.9999999999998863, 549.7868543992774448, 9.839998644369087444 ) ) ;
#2101 = EDGE_LOOP ( 'NONE', ( #2800, #7861, #32, #5459 ) ) ;
#2102 = AXIS2_PLACEMENT_3D ( 'NONE', #8264, #292, #8927 ) ;
#2103 = CARTESIAN_POINT ( 'NONE',  ( 441.0000000000001705, 297.0158188575459803, -18.92017992737766718 ) ) ;
#2104 = CARTESIAN_POINT ( 'NONE',  ( 440.9999999999996589, 296.0640685141630684, 23.72431668939741911 ) ) ;
#2105 = CARTESIAN_POINT ( 'NONE',  ( 421.5604838873381368, 519.6153221755733966, 46.79975757466880992 ) ) ;
#2106 = CARTESIAN_POINT ( 'NONE',  ( 440.0000000000000568, 544.3790801761730336, 9.259309760814748103 ) ) ;
#2107 = ORIENTED_EDGE ( 'NONE', *, *, #9215, .T. ) ;
#2108 = CARTESIAN_POINT ( 'NONE',  ( 422.8526740142684730, 526.0728315120054503, 0.1778581151391607218 ) ) ;
#2109 = DIRECTION ( 'NONE',  ( 0.7071067811865477948, 0.000000000000000000, -0.7071067811865473507 ) ) ;
#2110 = AXIS2_PLACEMENT_3D ( 'NONE', #34, #3984, #7760 ) ;
#2111 = CARTESIAN_POINT ( 'NONE',  ( 430.6324000950061190, 535.7099265939796169, -21.73166660699564900 ) ) ;
#2112 = ORIENTED_EDGE ( 'NONE', *, *, #419, .T. ) ;
#2113 = CARTESIAN_POINT ( 'NONE',  ( 480.9999999999999432, 276.9938854097435978, -16.42214188486084225 ) ) ;
#2114 = FACE_OUTER_BOUND ( 'NONE', #8142, .T. ) ;
#2115 = AXIS2_PLACEMENT_3D ( 'NONE', #1007, #9475, #7934 ) ;
#2116 = EDGE_LOOP ( 'NONE', ( #5106, #4903 ) ) ;
#2117 = CARTESIAN_POINT ( 'NONE',  ( 443.9999999999999432, 544.9442350452997061, -0.7814929195271776985 ) ) ;
#2118 = ORIENTED_EDGE ( 'NONE', *, *, #2158, .F. ) ;
#2119 = PLANE ( 'NONE',  #8476 ) ;
#2120 = CARTESIAN_POINT ( 'NONE',  ( 426.9545792194165870, 524.3966390918806155, 54.47591484543128360 ) ) ;
#2121 = ORIENTED_EDGE ( 'NONE', *, *, #4539, .F. ) ;
#2122 = CYLINDRICAL_SURFACE ( 'NONE', #2412, 10.00000000000000888 ) ;
#2123 = CARTESIAN_POINT ( 'NONE',  ( 441.3535533905932198, 405.1000000000000227, 14.23922846596874692 ) ) ;
#2124 = ORIENTED_EDGE ( 'NONE', *, *, #361, .T. ) ;
#2125 = ORIENTED_EDGE ( 'NONE', *, *, #6052, .F. ) ;
#2126 = CIRCLE ( 'NONE', #628, 3.999999999999999112 ) ;
#2127 = CARTESIAN_POINT ( 'NONE',  ( 444.0140279240281416, 538.3604643982594098, -7.763271607418591458 ) ) ;
#2128 = CARTESIAN_POINT ( 'NONE',  ( 480.9999999999999432, 451.1750022177633355, 9.584850804978508165 ) ) ;
#2129 = EDGE_CURVE ( 'NONE', #10020, #5595, #8797, .T. ) ;
#2130 = LINE ( 'NONE', #6059, #2994 ) ;
#2131 = ORIENTED_EDGE ( 'NONE', *, *, #8387, .F. ) ;
#2132 = DIRECTION ( 'NONE',  ( 0.000000000000000000, 0.000000000000000000, 1.000000000000000000 ) ) ;
#2133 = CARTESIAN_POINT ( 'NONE',  ( 443.5000000000000000, 267.3279936509835011, 9.176969373352910964 ) ) ;
#2134 = EDGE_CURVE ( 'NONE', #1050, #679, #4528, .T. ) ;
#2135 = ORIENTED_EDGE ( 'NONE', *, *, #5430, .T. ) ;
#2136 = AXIS2_PLACEMENT_3D ( 'NONE', #6926, #768, #7713 ) ;
#2137 = CARTESIAN_POINT ( 'NONE',  ( 438.0730317999999102, 504.1837287883886916, 46.58485080497850106 ) ) ;
#2138 = DIRECTION ( 'NONE',  ( 0.000000000000000000, 0.000000000000000000, -1.000000000000000000 ) ) ;
#2139 = ORIENTED_EDGE ( 'NONE', *, *, #3777, .T. ) ;
#2140 = EDGE_CURVE ( 'NONE', #194, #6835, #9620, .T. ) ;
#2141 = LINE ( 'NONE', #5291, #4642 ) ;
#2142 = DIRECTION ( 'NONE',  ( -2.410776604349946092E-16, 0.9725907656757107889, 0.2325235526185131241 ) ) ;
#2143 = EDGE_CURVE ( 'NONE', #6618, #7959, #5182, .T. ) ;
#2144 = AXIS2_PLACEMENT_3D ( 'NONE', #280, #120, #1949 ) ;
#2145 = CARTESIAN_POINT ( 'NONE',  ( 451.3999999999998067, 291.4538839713124503, -26.75560870777101030 ) ) ;
#2146 = CARTESIAN_POINT ( 'NONE',  ( 441.7748549659022501, 427.4419730684657566, -46.41514919502148473 ) ) ;
#2147 = ORIENTED_EDGE ( 'NONE', *, *, #7372, .F. ) ;
#2148 = CARTESIAN_POINT ( 'NONE',  ( 441.0000000000005684, 296.9493239301476137, -19.66811643844530266 ) ) ;
#2149 = CARTESIAN_POINT ( 'NONE',  ( 441.0000000000000568, 295.7742668067128875, 22.92275530622649171 ) ) ;
#2150 = CARTESIAN_POINT ( 'NONE',  ( 440.9999999999999432, 297.3724849278369220, -21.87804442606025290 ) ) ;
#2151 = CARTESIAN_POINT ( 'NONE',  ( 444.0000000000043769, 548.3168554133109183, 11.44190252061101454 ) ) ;
#2152 = ORIENTED_EDGE ( 'NONE', *, *, #5592, .F. ) ;
#2153 = DIRECTION ( 'NONE',  ( 1.000000000000000000, 2.478716320810481262E-16, 0.000000000000000000 ) ) ;
#2154 = DIRECTION ( 'NONE',  ( 0.000000000000000000, 0.000000000000000000, 1.000000000000000000 ) ) ;
#2155 = CARTESIAN_POINT ( 'NONE',  ( 452.5774101069482640, 527.3695753628617240, -24.45381283958438345 ) ) ;
#2156 = ORIENTED_EDGE ( 'NONE', *, *, #4980, .F. ) ;
#2157 = ADVANCED_FACE ( 'NONE', ( #1351 ), #9284, .F. ) ;
#2158 = EDGE_CURVE ( 'NONE', #679, #1050, #10118, .T. ) ;
#2159 = CARTESIAN_POINT ( 'NONE',  ( 336.0902124738105385, 370.4938854097436547, 29.72877838309286602 ) ) ;
#2160 = CARTESIAN_POINT ( 'NONE',  ( 443.5000000000000000, 267.3279936509835011, 9.176969373352953596 ) ) ;
#2161 = VERTEX_POINT ( 'NONE', #6201 ) ;
#2162 = CARTESIAN_POINT ( 'NONE',  ( 443.5000000000000000, 347.1206644405273209, -7.956332081159231961 ) ) ;
#2163 = ORIENTED_EDGE ( 'NONE', *, *, #6767, .T. ) ;
#2164 = CARTESIAN_POINT ( 'NONE',  ( 447.5000000000000000, 366.4938854097436547, -23.15758699032832979 ) ) ;
#2165 = DIRECTION ( 'NONE',  ( -1.000000000000000000, -2.478716320810480276E-16, -0.000000000000000000 ) ) ;
#2166 = ORIENTED_EDGE ( 'NONE', *, *, #8731, .T. ) ;
#2167 = DIRECTION ( 'NONE',  ( -1.000000000000000000, -0.000000000000000000, -0.000000000000000000 ) ) ;
#2168 = AXIS2_PLACEMENT_3D ( 'NONE', #3857, #7151, #7001 ) ;
#2169 = AXIS2_PLACEMENT_3D ( 'NONE', #2916, #8445, #1366 ) ;
#2170 = CARTESIAN_POINT ( 'NONE',  ( 450.5097510472694466, 293.4571271677189657, -23.99406958687734459 ) ) ;
#2171 = EDGE_CURVE ( 'NONE', #3811, #4681, #6818, .T. ) ;
#2172 = VERTEX_POINT ( 'NONE', #5369 ) ;
#2173 = ORIENTED_EDGE ( 'NONE', *, *, #3696, .T. ) ;
#2174 = AXIS2_PLACEMENT_3D ( 'NONE', #154, #5703, #8846 ) ;
#2175 = CARTESIAN_POINT ( 'NONE',  ( 442.5999999999996817, 294.9351214544629443, 18.09407121154723441 ) ) ;
#2176 = CARTESIAN_POINT ( 'NONE',  ( 455.4046841826892091, 516.4569719495649451, 56.58485080497850817 ) ) ;
#2177 = CALENDAR_DATE ( 2024, 29, 2 ) ;
#2178 = DIRECTION ( 'NONE',  ( -2.478716320810480276E-16, 1.000000000000000000, 0.000000000000000000 ) ) ;
#2179 = ORIENTED_EDGE ( 'NONE', *, *, #8023, .T. ) ;
#2180 = CARTESIAN_POINT ( 'NONE',  ( 459.3999999999999204, 308.7948825839263236, 19.09072618763480733 ) ) ;
#2181 = DIRECTION ( 'NONE',  ( 1.000000000000000000, 0.000000000000000000, 0.000000000000000000 ) ) ;
#2182 = ORIENTED_EDGE ( 'NONE', *, *, #1492, .F. ) ;
#2183 = LOCAL_TIME ( 20, 8, 0.000000000000000000, #7453 ) ;
#2184 = CARTESIAN_POINT ( 'NONE',  ( 445.4000000000000909, 297.3233250367959499, 26.62996359750182407 ) ) ;
#2185 = CIRCLE ( 'NONE', #1200, 4.000000000000003553 ) ;
#2186 = FACE_OUTER_BOUND ( 'NONE', #5957, .T. ) ;
#2187 = VERTEX_POINT ( 'NONE', #2123 ) ;
#2188 = EDGE_CURVE ( 'NONE', #9132, #5561, #7578, .T. ) ;
#2189 = CARTESIAN_POINT ( 'NONE',  ( 438.9089653438086316, 489.5668708588109439, -26.14600096997785172 ) ) ;
#2190 = CIRCLE ( 'NONE', #7957, 4.000000000000001776 ) ;
#2191 = DIRECTION ( 'NONE',  ( 0.000000000000000000, 1.000000000000000000, 0.000000000000000000 ) ) ;
#2192 = CARTESIAN_POINT ( 'NONE',  ( 429.6526740142684275, 554.7104643982598873, 1.199720804978484434 ) ) ;
#2193 = ADVANCED_FACE ( 'NONE', ( #10018 ), #5512, .F. ) ;
#2194 = CARTESIAN_POINT ( 'NONE',  ( 445.4000000000107207, 298.7461564515646160, -24.90746703946221885 ) ) ;
#2195 = VECTOR ( 'NONE', #1623, 1000.000000000000000 ) ;
#2196 = CARTESIAN_POINT ( 'NONE',  ( 414.0000000000000000, 544.0899191372245696, -5.703754385443071229 ) ) ;
#2197 = EDGE_CURVE ( 'NONE', #7939, #6412, #5851, .T. ) ;
#2198 = ORIENTED_EDGE ( 'NONE', *, *, #1910, .T. ) ;
#2199 = EDGE_CURVE ( 'NONE', #4656, #7355, #4598, .T. ) ;
#2200 = CARTESIAN_POINT ( 'NONE',  ( 441.0000000000000000, 296.9623383258014542, -20.23412248717301054 ) ) ;
#2201 = CARTESIAN_POINT ( 'NONE',  ( 424.9759070029588202, 522.5361231111141933, 46.45055597940695691 ) ) ;
#2202 = CARTESIAN_POINT ( 'NONE',  ( 439.9999999999999432, 544.1682403259386547, 12.10819675437365284 ) ) ;
#2203 = VERTEX_POINT ( 'NONE', #2077 ) ;
#2204 = CIRCLE ( 'NONE', #6006, 3.999999999999965361 ) ;
#2205 = EDGE_CURVE ( 'NONE', #9183, #3524, #1388, .T. ) ;
#2206 = CARTESIAN_POINT ( 'NONE',  ( 445.7499999999929514, 453.1000000000071282, 1.164662208045642133 ) ) ;
#2207 = DIRECTION ( 'NONE',  ( -1.934902151088186043E-17, -0.2325235526185132906, 0.9725907656757108999 ) ) ;
#2208 = CARTESIAN_POINT ( 'NONE',  ( 429.6602915124417450, 537.5376781930094694, -19.66822725118052873 ) ) ;
#2209 = ORIENTED_EDGE ( 'NONE', *, *, #4015, .F. ) ;
#2210 = AXIS2_PLACEMENT_3D ( 'NONE', #5695, #1767, #4150 ) ;
#2211 = EDGE_CURVE ( 'NONE', #6782, #6673, #5795, .T. ) ;
#2212 = CARTESIAN_POINT ( 'NONE',  ( 442.6000000000000227, 294.0447943017947523, 21.56097638436597208 ) ) ;
#2213 = DIRECTION ( 'NONE',  ( 1.000000000000000000, 0.000000000000000000, 0.000000000000000000 ) ) ;
#2214 = ORIENTED_EDGE ( 'NONE', *, *, #6547, .F. ) ;
#2215 = FACE_OUTER_BOUND ( 'NONE', #2734, .T. ) ;
#2216 = ORIENTED_EDGE ( 'NONE', *, *, #2199, .T. ) ;
#2217 = LINE ( 'NONE', #3816, #5003 ) ;
#2218 = AXIS2_PLACEMENT_3D ( 'NONE', #5374, #4645, #706 ) ;
#2219 = LINE ( 'NONE', #3142, #448 ) ;
#2220 = EDGE_CURVE ( 'NONE', #1873, #9648, #3701, .T. ) ;
#2221 = ORIENTED_EDGE ( 'NONE', *, *, #9310, .F. ) ;
#2222 = AXIS2_PLACEMENT_3D ( 'NONE', #4766, #1390, #3764 ) ;
#2223 = CARTESIAN_POINT ( 'NONE',  ( 448.9999999999999432, 536.0886861333490288, 0.1778581151391607218 ) ) ;
#2224 = DIRECTION ( 'NONE',  ( -0.000000000000000000, -1.000000000000000000, 1.374084517793742623E-16 ) ) ;
#2225 = ORIENTED_EDGE ( 'NONE', *, *, #668, .T. ) ;
#2226 = VECTOR ( 'NONE', #8042, 999.9999999999998863 ) ;
#2227 = CARTESIAN_POINT ( 'NONE',  ( 448.5932000679999305, 302.6526264331637321, 27.90407408404064427 ) ) ;
#2228 = LINE ( 'NONE', #9342, #5856 ) ;
#2229 = CARTESIAN_POINT ( 'NONE',  ( 441.7748549659022501, 427.4419730684657566, -46.41514919502148473 ) ) ;
#2230 = ORIENTED_EDGE ( 'NONE', *, *, #8776, .F. ) ;
#2231 = DIRECTION ( 'NONE',  ( 1.000000000000000000, 0.000000000000000000, 0.000000000000000000 ) ) ;
#2232 = CARTESIAN_POINT ( 'NONE',  ( 447.1398796206811426, 518.5163273279312079, 56.58485080497851527 ) ) ;
#2233 = VERTEX_POINT ( 'NONE', #3628 ) ;
#2234 = DIRECTION ( 'NONE',  ( 1.000000000000000000, 2.478716320810480276E-16, 0.000000000000000000 ) ) ;
#2235 = AXIS2_PLACEMENT_3D ( 'NONE', #9055, #7558, #520 ) ;
#2236 = CARTESIAN_POINT ( 'NONE',  ( 442.5999999999999659, 298.1756059512723027, -24.73583978244434078 ) ) ;
#2237 = VERTEX_POINT ( 'NONE', #6770 ) ;
#2238 = B_SPLINE_CURVE_WITH_KNOTS ( 'NONE', 3,
 ( #5467, #3933, #7074, #10173, #10223, #1454, #3154, #2376, #618, #3785 ),
 .UNSPECIFIED., .F., .F.,
 ( 4, 2, 2, 2, 4 ),
 ( 0.000000000000000000, 0.2500000000000000000, 0.5000000000000000000, 0.7500000000000000000, 1.000000000000000000 ),
 .UNSPECIFIED. ) ;
#2239 = DIRECTION ( 'NONE',  ( 0.000000000000000000, -1.000000000000000000, 8.285246452426540611E-16 ) ) ;
#2240 = CARTESIAN_POINT ( 'NONE',  ( 449.3123765943991543, 420.9572850653000273, 17.07339440704871691 ) ) ;
#2241 = CARTESIAN_POINT ( 'NONE',  ( 421.2871870788979436, 520.0886861333490288, 42.39248229010330249 ) ) ;
#2242 = FACE_OUTER_BOUND ( 'NONE', #6182, .T. ) ;
#2243 = CARTESIAN_POINT ( 'NONE',  ( 451.3999999999999204, 290.2766546065178659, -24.74296525565025462 ) ) ;
#2244 = CARTESIAN_POINT ( 'NONE',  ( 413.9999999999998863, 549.5839248186521218, 12.40850382041869615 ) ) ;
#2245 = ORIENTED_EDGE ( 'NONE', *, *, #613, .T. ) ;
#2246 = CARTESIAN_POINT ( 'NONE',  ( 442.5999999999997385, 297.5267859531400632, -24.40577078838267511 ) ) ;
#2247 = EDGE_CURVE ( 'NONE', #2550, #7906, #5494, .T. ) ;
#2248 = FACE_OUTER_BOUND ( 'NONE', #2896, .T. ) ;
#2249 = VECTOR ( 'NONE', #6385, 1000.000000000000114 ) ;
#2250 = ADVANCED_FACE ( 'NONE', ( #8770 ), #9297, .F. ) ;
#2251 = CARTESIAN_POINT ( 'NONE',  ( 439.9999999999823785, 548.0698389374297221, 6.860584270219820979 ) ) ;
#2252 = ORIENTED_EDGE ( 'NONE', *, *, #6505, .T. ) ;
#2253 = DIRECTION ( 'NONE',  ( 2.478716320810480276E-16, -1.000000000000000000, 0.000000000000000000 ) ) ;
#2254 = ADVANCED_FACE ( 'NONE', ( #9433 ), #8484, .F. ) ;
#2255 = DIRECTION ( 'NONE',  ( -1.000000000000000000, -2.478716320810480276E-16, -0.000000000000000000 ) ) ;
#2256 = CIRCLE ( 'NONE', #7704, 8.000000000000000000 ) ;
#2257 = DIRECTION ( 'NONE',  ( 1.000000000000000000, 0.000000000000000000, 0.000000000000000000 ) ) ;
#2258 = ORIENTED_EDGE ( 'NONE', *, *, #2456, .F. ) ;
#2259 = TOROIDAL_SURFACE ( 'NONE', #8043, 10.70000000000000462, 4.000000000000000000 ) ;
#2260 = CARTESIAN_POINT ( 'NONE',  ( 481.0009999999999764, 334.4206644405273323, -7.956332081159240843 ) ) ;
#2261 = EDGE_CURVE ( 'NONE', #1381, #9236, #7954, .T. ) ;
#2262 = EDGE_CURVE ( 'NONE', #6399, #7642, #7167, .T. ) ;
#2263 = EDGE_LOOP ( 'NONE', ( #999, #4312, #9936, #6351, #404, #7378, #802, #3638, #6045 ) ) ;
#2264 = CARTESIAN_POINT ( 'NONE',  ( 414.0772278974450842, 533.7648985628046603, -20.15700652282895078 ) ) ;
#2265 = VERTEX_POINT ( 'NONE', #10214 ) ;
#2266 = DIRECTION ( 'NONE',  ( -1.000000000000000000, -0.000000000000000000, 0.000000000000000000 ) ) ;
#2267 = DIRECTION ( 'NONE',  ( 1.000000000000000000, 0.000000000000000000, 0.000000000000000000 ) ) ;
#2268 = ORIENTED_EDGE ( 'NONE', *, *, #4356, .F. ) ;
#2269 = CARTESIAN_POINT ( 'NONE',  ( 442.3730669589464810, 492.8079696669677219, -29.94858873995661241 ) ) ;
#2270 = EDGE_CURVE ( 'NONE', #8389, #2586, #1491, .T. ) ;
#2271 = CARTESIAN_POINT ( 'NONE',  ( 446.1353366281414878, 298.3474610549619683, -24.84298758697217480 ) ) ;
#2272 = ORIENTED_EDGE ( 'NONE', *, *, #8080, .T. ) ;
#2273 = CIRCLE ( 'NONE', #5406, 7.500000000000003553 ) ;
#2274 = DIRECTION ( 'NONE',  ( -0.000000000000000000, -0.000000000000000000, 1.000000000000000000 ) ) ;
#2275 = LINE ( 'NONE', #3104, #2716 ) ;
#2276 = CARTESIAN_POINT ( 'NONE',  ( 443.9999999999999432, 470.5741852090087605, -32.99737038583335647 ) ) ;
#2277 = VERTEX_POINT ( 'NONE', #1590 ) ;
#2278 = CARTESIAN_POINT ( 'NONE',  ( 445.7499999999998863, 429.6000000000000227, 1.164662208042392733 ) ) ;
#2279 = CARTESIAN_POINT ( 'NONE',  ( 416.9592136629312904, 516.9657003170395910, 56.58485080497849395 ) ) ;
#2280 = EDGE_LOOP ( 'NONE', ( #4300, #2365, #6563, #2576 ) ) ;
#2281 = CARTESIAN_POINT ( 'NONE',  ( 447.4999999999999432, 413.6000000000000227, -30.64042097131219933 ) ) ;
#2282 = VECTOR ( 'NONE', #8966, 1000.000000000000000 ) ;
#2283 = DIRECTION ( 'NONE',  ( 1.000000000000000000, 0.000000000000000000, 0.000000000000000000 ) ) ;
#2284 = ORIENTED_EDGE ( 'NONE', *, *, #5980, .T. ) ;
#2285 = EDGE_CURVE ( 'NONE', #134, #4047, #382, .T. ) ;
#2286 = LINE ( 'NONE', #7866, #3657 ) ;
#2287 = CARTESIAN_POINT ( 'NONE',  ( 432.1989321978894623, 532.9493830998007979, -22.63266020601223261 ) ) ;
#2288 = VECTOR ( 'NONE', #2543, 1000.000000000000114 ) ;
#2289 = CARTESIAN_POINT ( 'NONE',  ( 450.1980010543890671, 295.2356818299969063, -13.31100957912907035 ) ) ;
#2290 = CARTESIAN_POINT ( 'NONE',  ( 445.4000000000143018, 294.6154312033187921, 24.40480092074934149 ) ) ;
#2291 = DIRECTION ( 'NONE',  ( -2.478716320810480276E-16, 1.000000000000000000, 0.000000000000000000 ) ) ;
#2292 = FACE_OUTER_BOUND ( 'NONE', #8062, .T. ) ;
#2293 = ORIENTED_EDGE ( 'NONE', *, *, #4852, .T. ) ;
#2294 = CARTESIAN_POINT ( 'NONE',  ( 442.5999999999999659, 295.4322364366017268, -18.68738794459803998 ) ) ;
#2295 = DIRECTION ( 'NONE',  ( 0.000000000000000000, 0.000000000000000000, -1.000000000000000000 ) ) ;
#2296 = CIRCLE ( 'NONE', #1813, 1.649999999999984812 ) ;
#2297 = CARTESIAN_POINT ( 'NONE',  ( 439.9999999999999432, 544.3395599628152013, 11.01183491345685894 ) ) ;
#2298 = ORIENTED_EDGE ( 'NONE', *, *, #6047, .T. ) ;
#2299 = LINE ( 'NONE', #1476, #2498 ) ;
#2300 = DIRECTION ( 'NONE',  ( -0.000000000000000000, 0.9725907656757097897, 0.2325235526185176205 ) ) ;
#2301 = DIRECTION ( 'NONE',  ( -1.000000000000000000, -2.478716320810480276E-16, -0.000000000000000000 ) ) ;
#2302 = CARTESIAN_POINT ( 'NONE',  ( 414.3406255210624636, 531.6945312440724365, -23.04222212455118424 ) ) ;
#2303 = ORIENTED_EDGE ( 'NONE', *, *, #8392, .T. ) ;
#2304 = VECTOR ( 'NONE', #5958, 1000.000000000000000 ) ;
#2305 = CARTESIAN_POINT ( 'NONE',  ( 428.9817069978604422, 537.5186806443892920, -19.67000922246354122 ) ) ;
#2306 = ADVANCED_FACE ( 'NONE', ( #7113 ), #757, .F. ) ;
#2307 = ORIENTED_EDGE ( 'NONE', *, *, #5468, .F. ) ;
#2308 = DIRECTION ( 'NONE',  ( -1.000000000000000000, -0.000000000000000000, 0.000000000000000000 ) ) ;
#2309 = ORIENTED_EDGE ( 'NONE', *, *, #2526, .F. ) ;
#2310 = DIRECTION ( 'NONE',  ( 0.000000000000000000, 0.000000000000000000, 1.000000000000000000 ) ) ;
#2311 = DIRECTION ( 'NONE',  ( -0.4811487826947033475, 0.8333741376271387447, 0.2719988890521943814 ) ) ;
#2312 = ORIENTED_EDGE ( 'NONE', *, *, #2339, .F. ) ;
#2313 = EDGE_CURVE ( 'NONE', #8316, #848, #4739, .T. ) ;
#2314 = EDGE_LOOP ( 'NONE', ( #8049, #1916, #2152, #1921, #3110 ) ) ;
#2315 = VECTOR ( 'NONE', #2724, 1000.000000000000227 ) ;
#2316 = ADVANCED_FACE ( 'NONE', ( #5678 ), #3145, .F. ) ;
#2317 = CYLINDRICAL_SURFACE ( 'NONE', #9293, 2.000000000000001776 ) ;
#2318 = CYLINDRICAL_SURFACE ( 'NONE', #5502, 4.000000000000003553 ) ;
#2319 = DIRECTION ( 'NONE',  ( 0.000000000000000000, -0.9725907656757108999, -0.2325235526185131241 ) ) ;
#2320 = DATE_AND_TIME ( #708, #3527 ) ;
#2321 = CYLINDRICAL_SURFACE ( 'NONE', #5473, 25.00000000000001421 ) ;
#2322 = VERTEX_POINT ( 'NONE', #7223 ) ;
#2323 = CARTESIAN_POINT ( 'NONE',  ( 449.2318862561203900, 293.8508234321434429, 25.79977022318336211 ) ) ;
#2324 = AXIS2_PLACEMENT_3D ( 'NONE', #8294, #5082, #1987 ) ;
#2325 = FACE_OUTER_BOUND ( 'NONE', #7809, .T. ) ;
#2326 = ORIENTED_EDGE ( 'NONE', *, *, #6798, .F. ) ;
#2327 = CIRCLE ( 'NONE', #10075, 4.000000000000003553 ) ;
#2328 = CARTESIAN_POINT ( 'NONE',  ( 453.6999999999999318, 429.6000000000000796, 0.9767284659687371917 ) ) ;
#2329 = CARTESIAN_POINT ( 'NONE',  ( 461.9999999999998863, 449.6000000000000796, 43.08485080497851527 ) ) ;
#2330 = ORIENTED_EDGE ( 'NONE', *, *, #6067, .F. ) ;
#2331 = EDGE_CURVE ( 'NONE', #6917, #4854, #8009, .T. ) ;
#2332 = FACE_OUTER_BOUND ( 'NONE', #2101, .T. ) ;
#2333 = CARTESIAN_POINT ( 'NONE',  ( 443.9999999999999432, 538.3604643982596372, 27.62334978965652965 ) ) ;
#2334 = CARTESIAN_POINT ( 'NONE',  ( 425.5494771298268120, 532.6774235985653831, -22.72142307836857356 ) ) ;
#2335 = CARTESIAN_POINT ( 'NONE',  ( 461.9999999999998863, 446.6000000000000227, 45.08485080497850817 ) ) ;
#2336 = AXIS2_PLACEMENT_3D ( 'NONE', #3748, #6887, #4476 ) ;
#2337 = CARTESIAN_POINT ( 'NONE',  ( 451.3999999999997499, 294.0987586173631598, 31.85048478119453108 ) ) ;
#2338 = EDGE_CURVE ( 'NONE', #3671, #1386, #2363, .T. ) ;
#2339 = EDGE_CURVE ( 'NONE', #6780, #15, #2377, .T. ) ;
#2340 = CARTESIAN_POINT ( 'NONE',  ( 451.3999999999999204, 298.8735077233947095, -24.93376165197786065 ) ) ;
#2341 = DIRECTION ( 'NONE',  ( 0.000000000000000000, 0.000000000000000000, 1.000000000000000000 ) ) ;
#2342 = ORIENTED_EDGE ( 'NONE', *, *, #7256, .F. ) ;
#2343 = AXIS2_PLACEMENT_3D ( 'NONE', #5913, #5964, #2805 ) ;
#2344 = CARTESIAN_POINT ( 'NONE',  ( 442.5999999999997954, 295.5911689865139920, -17.88978517281584502 ) ) ;
#2345 = DIRECTION ( 'NONE',  ( 1.000000000000000000, -0.000000000000000000, -0.000000000000000000 ) ) ;
#2346 = CARTESIAN_POINT ( 'NONE',  ( 419.9661071201499567, 522.5880565152248209, 40.95493908261732230 ) ) ;
#2347 = ORIENTED_EDGE ( 'NONE', *, *, #2247, .F. ) ;
#2348 = VECTOR ( 'NONE', #6194, 1000.000000000000000 ) ;
#2349 = DIRECTION ( 'NONE',  ( 1.000000000000000000, 2.478716320810480276E-16, 0.000000000000000000 ) ) ;
#2350 = CARTESIAN_POINT ( 'NONE',  ( 445.7499999999999432, 429.6000000000000796, 10.31379472389522967 ) ) ;
#2351 = CARTESIAN_POINT ( 'NONE',  ( 443.4999999999999432, 368.9938854097437115, 17.49089150335155551 ) ) ;
#2352 = CARTESIAN_POINT ( 'NONE',  ( 411.3061157701058619, 532.3982884348165499, -20.38869434279525805 ) ) ;
#2353 = ORIENTED_EDGE ( 'NONE', *, *, #1876, .F. ) ;
#2354 = CARTESIAN_POINT ( 'NONE',  ( 442.5999999999999659, 296.1228751062957372, 16.27387480217103288 ) ) ;
#2355 = VECTOR ( 'NONE', #3726, 1000.000000000000114 ) ;
#2356 = VERTEX_POINT ( 'NONE', #7016 ) ;
#2357 = FACE_OUTER_BOUND ( 'NONE', #4837, .T. ) ;
#2358 = VERTEX_POINT ( 'NONE', #3096 ) ;
#2359 = CYLINDRICAL_SURFACE ( 'NONE', #3028, 4.000000000000003553 ) ;
#2360 = DIRECTION ( 'NONE',  ( 0.000000000000000000, 0.000000000000000000, -1.000000000000000000 ) ) ;
#2361 = ORIENTED_EDGE ( 'NONE', *, *, #9570, .F. ) ;
#2362 = DIRECTION ( 'NONE',  ( -1.000000000000000000, 0.000000000000000000, -0.000000000000000000 ) ) ;
#2363 = LINE ( 'NONE', #4839, #9141 ) ;
#2364 = AXIS2_PLACEMENT_3D ( 'NONE', #6602, #1958, #9029 ) ;
#2365 = ORIENTED_EDGE ( 'NONE', *, *, #892, .T. ) ;
#2366 = TOROIDAL_SURFACE ( 'NONE', #3543, 10.70000000000000107, 4.000000000000000000 ) ;
#2367 = DIRECTION ( 'NONE',  ( 0.000000000000000000, 0.000000000000000000, -1.000000000000000000 ) ) ;
#2368 = CARTESIAN_POINT ( 'NONE',  ( 442.5999999999997385, 294.8465056042556398, 24.82139862172706657 ) ) ;
#2369 = CARTESIAN_POINT ( 'NONE',  ( 431.1432231267988868, 519.6285839488989495, 56.58485080497849395 ) ) ;
#2370 = EDGE_CURVE ( 'NONE', #3324, #504, #7133, .T. ) ;
#2371 = VECTOR ( 'NONE', #9692, 1000.000000000000000 ) ;
#2372 = ORIENTED_EDGE ( 'NONE', *, *, #2380, .T. ) ;
#2373 = CARTESIAN_POINT ( 'NONE',  ( 443.9997657662720485, 471.7992120585117846, -36.80542174012848733 ) ) ;
#2375 = EDGE_LOOP ( 'NONE', ( #9948, #9059, #7726, #958 ) ) ;
#2374 = CIRCLE ( 'NONE', #5688, 9.999999999999998224 ) ;
#2376 = CARTESIAN_POINT ( 'NONE',  ( 446.9704873061556896, 296.0033847703338665, 16.17333010681131000 ) ) ;
#2377 = CIRCLE ( 'NONE', #8171, 6.199999999999983302 ) ;
#2378 = CARTESIAN_POINT ( 'NONE',  ( 429.6526740142684275, 542.0104643982598418, 9.929720804978487081 ) ) ;
#2379 = EDGE_LOOP ( 'NONE', ( #2481, #7543 ) ) ;
#2380 = EDGE_CURVE ( 'NONE', #9600, #4, #1182, .T. ) ;
#2381 = CARTESIAN_POINT ( 'NONE',  ( 449.5000000000000000, 429.5999999999999659, 38.58485080497850106 ) ) ;
#2382 = ADVANCED_FACE ( 'NONE', ( #5055 ), #340, .F. ) ;
#2383 = CARTESIAN_POINT ( 'NONE',  ( 442.5999999999999091, 295.8177985692867082, -22.32185803305583960 ) ) ;
#2384 = VERTEX_POINT ( 'NONE', #8115 ) ;
#2385 = AXIS2_PLACEMENT_3D ( 'NONE', #2097, #5244, #629 ) ;
#2386 = AXIS2_PLACEMENT_3D ( 'NONE', #9572, #8799, #2613 ) ;
#2387 = FACE_OUTER_BOUND ( 'NONE', #2633, .T. ) ;
#2388 = ADVANCED_FACE ( 'NONE', ( #5894 ), #1752, .F. ) ;
#2389 = CARTESIAN_POINT ( 'NONE',  ( 440.9999999999996589, 296.0070272667171025, 19.67443292192730908 ) ) ;
#2390 = ORIENTED_EDGE ( 'NONE', *, *, #3207, .F. ) ;
#2391 = CARTESIAN_POINT ( 'NONE',  ( 417.7995351726682998, 529.7530311951189788, -23.67589412441626351 ) ) ;
#2392 = CARTESIAN_POINT ( 'NONE',  ( 443.9999999999999432, 545.4432890935280511, 24.73619905907075633 ) ) ;
#2393 = CIRCLE ( 'NONE', #8185, 2.000000000000001776 ) ;
#2394 = CARTESIAN_POINT ( 'NONE',  ( 451.3999999999999204, 295.0724249558222141, 32.22382190628427878 ) ) ;
#2395 = DIRECTION ( 'NONE',  ( -1.000000000000000000, 0.000000000000000000, 0.000000000000000000 ) ) ;
#2396 = DIRECTION ( 'NONE',  ( 0.000000000000000000, 0.9391474736242002574, 0.3435142250115448270 ) ) ;
#2397 = ADVANCED_FACE ( 'NONE', ( #2632 ), #396, .T. ) ;
#2398 = DIRECTION ( 'NONE',  ( -1.000000000000000000, -0.000000000000000000, 0.000000000000000000 ) ) ;
#2399 = ORIENTED_EDGE ( 'NONE', *, *, #8472, .T. ) ;
#2400 = CIRCLE ( 'NONE', #6363, 2.000000000000001776 ) ;
#2401 = B_SPLINE_CURVE_WITH_KNOTS ( 'NONE', 3,
 ( #1162, #998, #5918, #3539 ),
 .UNSPECIFIED., .F., .F.,
 ( 4, 4 ),
 ( 2.037219683699956570E-07, 0.0001755098254172428730 ),
 .UNSPECIFIED. ) ;
#2402 = CARTESIAN_POINT ( 'NONE',  ( 442.6000000000003638, 297.0770870738636518, -24.08000782528620931 ) ) ;
#2403 = LINE ( 'NONE', #7091, #9139 ) ;
#2404 = CARTESIAN_POINT ( 'NONE',  ( 448.7637662047588378, 527.9593792962376710, -23.97998241206743231 ) ) ;
#2405 = DIRECTION ( 'NONE',  ( -1.000000000000000000, 0.000000000000000000, -0.000000000000000000 ) ) ;
#2406 = CARTESIAN_POINT ( 'NONE',  ( 440.9999999999998863, 446.6000000000004206, -43.41514919502154157 ) ) ;
#2407 = CARTESIAN_POINT ( 'NONE',  ( 444.1221079761732540, 537.3099343264603931, -7.632013134806117982 ) ) ;
#2408 = DIRECTION ( 'NONE',  ( -1.000000000000000000, -0.000000000000000000, 0.000000000000000000 ) ) ;
#2409 = DIRECTION ( 'NONE',  ( 0.000000000000000000, -1.000000000000000000, 0.000000000000000000 ) ) ;
#2410 = ORIENTED_EDGE ( 'NONE', *, *, #2529, .F. ) ;
#2411 = DIRECTION ( 'NONE',  ( 0.000000000000000000, 0.000000000000000000, 1.000000000000000000 ) ) ;
#2412 = AXIS2_PLACEMENT_3D ( 'NONE', #5318, #1347, #5456 ) ;
#2413 = ORIENTED_EDGE ( 'NONE', *, *, #5926, .F. ) ;
#2414 = DIRECTION ( 'NONE',  ( 0.000000000000000000, 1.000000000000000000, -1.387778780781445922E-16 ) ) ;
#2416 = ORIENTED_EDGE ( 'NONE', *, *, #3603, .F. ) ;
#2415 = B_SPLINE_CURVE_WITH_KNOTS ( 'NONE', 3,
 ( #5175, #4361, #7502, #416, #3632, #1257, #7401, #9928 ),
 .UNSPECIFIED., .F., .F.,
 ( 4, 2, 2, 4 ),
 ( 0.0008293987642354174253, 0.004709269744621201806, 0.006649205234814089226, 0.008589140725006976645 ),
 .UNSPECIFIED. ) ;
#2417 = FACE_OUTER_BOUND ( 'NONE', #8261, .T. ) ;
#2418 = EDGE_CURVE ( 'NONE', #6756, #7955, #8061, .T. ) ;
#2419 = CARTESIAN_POINT ( 'NONE',  ( 413.9999999999999432, 429.2186253693425897, 0.5848508049785047236 ) ) ;
#2420 = ORIENTED_EDGE ( 'NONE', *, *, #429, .F. ) ;
#2421 = DIRECTION ( 'NONE',  ( -0.000000000000000000, -0.000000000000000000, 1.000000000000000000 ) ) ;
#2422 = DIRECTION ( 'NONE',  ( 0.000000000000000000, -1.000000000000000000, -1.049630672089169658E-15 ) ) ;
#2423 = ORIENTED_EDGE ( 'NONE', *, *, #9321, .F. ) ;
#2424 = CARTESIAN_POINT ( 'NONE',  ( 455.0300438908445813, 517.1058679696058107, 56.31294384227135197 ) ) ;
#2425 = CARTESIAN_POINT ( 'NONE',  ( 449.5000000000000568, 446.6000000000000227, 38.58485080497850817 ) ) ;
#2426 = ORIENTED_EDGE ( 'NONE', *, *, #8588, .T. ) ;
#2427 = CARTESIAN_POINT ( 'NONE',  ( 440.5652368680117092, 486.6981244277616270, -27.18086899353036756 ) ) ;
#2428 = ORIENTED_EDGE ( 'NONE', *, *, #1438, .F. ) ;
#2429 = DIRECTION ( 'NONE',  ( 0.000000000000000000, 0.000000000000000000, 1.000000000000000000 ) ) ;
#2430 = CARTESIAN_POINT ( 'NONE',  ( 421.1889169776056292, 517.6014905983421386, 56.58485080497849395 ) ) ;
#2431 = ORIENTED_EDGE ( 'NONE', *, *, #1713, .F. ) ;
#2432 = CARTESIAN_POINT ( 'NONE',  ( 449.3674642945387632, 429.6000000000002501, 16.75761231235359361 ) ) ;
#2433 = CARTESIAN_POINT ( 'NONE',  ( 442.5999999999999659, 297.7369724100539656, -24.52882449103435292 ) ) ;
#2434 = ORIENTED_EDGE ( 'NONE', *, *, #2338, .F. ) ;
#2435 = VECTOR ( 'NONE', #2895, 1000.000000000000000 ) ;
#2436 = EDGE_CURVE ( 'NONE', #7961, #8129, #7332, .T. ) ;
#2437 = CARTESIAN_POINT ( 'NONE',  ( 423.0380999787108749, 526.8426620145733068, -18.84025445190140502 ) ) ;
#2438 = FACE_BOUND ( 'NONE', #3143, .T. ) ;
#2439 = EDGE_CURVE ( 'NONE', #6689, #1821, #3458, .T. ) ;
#2440 = CARTESIAN_POINT ( 'NONE',  ( 447.4999999999999432, 413.6000000000000227, 48.03443545679897397 ) ) ;
#2441 = VERTEX_POINT ( 'NONE', #9032 ) ;
#2442 = DIRECTION ( 'NONE',  ( 1.000000000000000000, 0.000000000000000000, 0.000000000000000000 ) ) ;
#2443 = CARTESIAN_POINT ( 'NONE',  ( 443.9999999999999432, 550.7701448638190413, 7.607727675239062570 ) ) ;
#2444 = CARTESIAN_POINT ( 'NONE',  ( 445.4000000000141881, 295.6609736361959335, 25.77857283513138853 ) ) ;
#2445 = LINE ( 'NONE', #4059, #9068 ) ;
#2446 = CARTESIAN_POINT ( 'NONE',  ( 451.3999999999993520, 298.9409977354520720, -24.94601993826367803 ) ) ;
#2447 = EDGE_LOOP ( 'NONE', ( #4267, #6606, #4715, #8292 ) ) ;
#2448 = ADVANCED_FACE ( 'NONE', ( #4343, #5732, #5783, #8928, #8983 ), #2581, .T. ) ;
#2449 = EDGE_CURVE ( 'NONE', #1743, #2023, #8332, .T. ) ;
#2450 = CARTESIAN_POINT ( 'NONE',  ( 414.0000000000000568, 539.1588422871022885, 32.85405824467148506 ) ) ;
#2451 = ORIENTED_EDGE ( 'NONE', *, *, #8080, .F. ) ;
#2452 = VECTOR ( 'NONE', #6414, 1000.000000000000000 ) ;
#2453 = CARTESIAN_POINT ( 'NONE',  ( 442.6000000000001364, 295.8940788700307394, -16.90048791804175821 ) ) ;
#2454 = PLANE ( 'NONE',  #1237 ) ;
#2455 = DIRECTION ( 'NONE',  ( 0.000000000000000000, 0.000000000000000000, 1.000000000000000000 ) ) ;
#2456 = EDGE_CURVE ( 'NONE', #2739, #2879, #2733, .T. ) ;
#2457 = DIRECTION ( 'NONE',  ( 0.000000000000000000, 1.000000000000000000, 0.000000000000000000 ) ) ;
#2458 = CARTESIAN_POINT ( 'NONE',  ( 480.9999999999999432, 350.6256198646573239, -27.82827543812757654 ) ) ;
#2459 = CARTESIAN_POINT ( 'NONE',  ( 445.0079419767802165, 534.5141654425773368, 24.75810778885121977 ) ) ;
#2460 = LINE ( 'NONE', #744, #3581 ) ;
#2461 = CARTESIAN_POINT ( 'NONE',  ( 461.9999999999998863, 433.1000000000000227, -32.91514919502149894 ) ) ;
#2462 = ORIENTED_EDGE ( 'NONE', *, *, #9188, .T. ) ;
#2463 = DIRECTION ( 'NONE',  ( 0.000000000000000000, 1.000000000000000000, 0.000000000000000000 ) ) ;
#2464 = ADVANCED_FACE ( 'NONE', ( #8825, #4294 ), #8219, .T. ) ;
#2465 = ORIENTED_EDGE ( 'NONE', *, *, #1551, .T. ) ;
#2466 = EDGE_LOOP ( 'NONE', ( #2747, #8457 ) ) ;
#2467 = DIRECTION ( 'NONE',  ( -0.7071067811865477948, -1.752717119082861079E-16, 0.7071067811865473507 ) ) ;
#2468 = ORIENTED_EDGE ( 'NONE', *, *, #946, .T. ) ;
#2469 = DIRECTION ( 'NONE',  ( 0.000000000000000000, 0.000000000000000000, -1.000000000000000000 ) ) ;
#2470 = AXIS2_PLACEMENT_3D ( 'NONE', #8048, #5825, #9792 ) ;
#2471 = EDGE_CURVE ( 'NONE', #981, #7278, #713, .T. ) ;
#2472 = ADVANCED_FACE ( 'NONE', ( #1858 ), #971, .T. ) ;
#2473 = CARTESIAN_POINT ( 'NONE',  ( 451.4000000000002046, 288.0431111468986956, 22.32825769340567490 ) ) ;
#2474 = ORIENTED_EDGE ( 'NONE', *, *, #7182, .T. ) ;
#2475 = DIRECTION ( 'NONE',  ( -1.000000000000000000, -0.000000000000000000, 0.000000000000000000 ) ) ;
#2476 = CARTESIAN_POINT ( 'NONE',  ( 438.9089653438086316, 489.5668708588109439, 56.58485080497850817 ) ) ;
#2477 = EDGE_LOOP ( 'NONE', ( #9473, #8177, #6074, #4422 ) ) ;
#2478 = DIRECTION ( 'NONE',  ( 0.000000000000000000, 0.1710331931357861601, 0.9852652672482558049 ) ) ;
#2479 = ORIENTED_EDGE ( 'NONE', *, *, #2886, .T. ) ;
#2480 = CARTESIAN_POINT ( 'NONE',  ( 447.2128381421861150, 518.7335752582431496, 56.58485080497913344 ) ) ;
#2481 = ORIENTED_EDGE ( 'NONE', *, *, #2735, .F. ) ;
#2482 = ADVANCED_FACE ( 'NONE', ( #6502 ), #7636, .T. ) ;
#2483 = DIRECTION ( 'NONE',  ( -1.000000000000000000, 0.000000000000000000, 0.000000000000000000 ) ) ;
#2484 = EDGE_CURVE ( 'NONE', #2277, #5845, #7494, .T. ) ;
#2485 = CARTESIAN_POINT ( 'NONE',  ( 442.5999999999999091, 295.9764896778228263, -16.68773782788659688 ) ) ;
#2486 = VERTEX_POINT ( 'NONE', #7099 ) ;
#2487 = CARTESIAN_POINT ( 'NONE',  ( 447.9999999999999432, 465.3500000000000227, -29.18954201200539700 ) ) ;
#2488 = DIRECTION ( 'NONE',  ( 0.000000000000000000, 1.000000000000000000, -0.000000000000000000 ) ) ;
#2489 = CARTESIAN_POINT ( 'NONE',  ( 441.0000000000001137, 295.7797950222998224, 20.48599559523000480 ) ) ;
#2490 = AXIS2_PLACEMENT_3D ( 'NONE', #162, #8146, #1165 ) ;
#2491 = EDGE_LOOP ( 'NONE', ( #6134, #2214, #9825 ) ) ;
#2492 = DIRECTION ( 'NONE',  ( 0.000000000000000000, 0.000000000000000000, -1.000000000000000000 ) ) ;
#2493 = CARTESIAN_POINT ( 'NONE',  ( 429.6526740142684275, 537.0104643982598418, 5.104720804978488680 ) ) ;
#2494 = CARTESIAN_POINT ( 'NONE',  ( 451.3999999999998067, 290.9798521291752991, 29.59218818419478225 ) ) ;
#2495 = CARTESIAN_POINT ( 'NONE',  ( 479.3999999999999204, 276.9938854097435978, 15.17785811513916450 ) ) ;
#2496 = CARTESIAN_POINT ( 'NONE',  ( 445.3999999999999204, 298.9617389438055284, -24.94962070628939443 ) ) ;
#2497 = ORIENTED_EDGE ( 'NONE', *, *, #7966, .T. ) ;
#2498 = VECTOR ( 'NONE', #1676, 999.9999999999998863 ) ;
#2499 = DIRECTION ( 'NONE',  ( -1.000000000000000000, 0.000000000000000000, 0.000000000000000000 ) ) ;
#2500 = CARTESIAN_POINT ( 'NONE',  ( 480.9999999999999432, 421.6000000000000227, 40.03443545679896687 ) ) ;
#2501 = CIRCLE ( 'NONE', #6464, 6.499999999999970690 ) ;
#2502 = CARTESIAN_POINT ( 'NONE',  ( 419.2553621553818743, 524.2863370075740477, -14.98542344067794296 ) ) ;
#2503 = CARTESIAN_POINT ( 'NONE',  ( 336.0902124738105385, 309.9190292061907712, -16.70215687251036840 ) ) ;
#2504 = EDGE_CURVE ( 'NONE', #2384, #3369, #5556, .T. ) ;
#2505 = CARTESIAN_POINT ( 'NONE',  ( 439.9999999999999432, 539.0699211491995584, 22.57432390270618328 ) ) ;
#2506 = DIRECTION ( 'NONE',  ( 0.000000000000000000, 0.000000000000000000, 1.000000000000000000 ) ) ;
#2507 = CARTESIAN_POINT ( 'NONE',  ( 475.0493545357292646, 285.7438236647383292, 17.84122402630375959 ) ) ;
#2508 = EDGE_CURVE ( 'NONE', #2161, #10061, #7828, .T. ) ;
#2509 = CARTESIAN_POINT ( 'NONE',  ( 450.9360406167314750, 421.5616633808355687, -3.480279887438689101 ) ) ;
#2510 = ADVANCED_FACE ( 'NONE', ( #7211 ), #5188, .F. ) ;
#2511 = CARTESIAN_POINT ( 'NONE',  ( 429.6526740142684275, 554.7104643982598873, 9.929720804978485305 ) ) ;
#2512 = VERTEX_POINT ( 'NONE', #6234 ) ;
#2513 = DIRECTION ( 'NONE',  ( -0.000000000000000000, -0.2325235526185131518, 0.9725907656757107889 ) ) ;
#2514 = CARTESIAN_POINT ( 'NONE',  ( 449.5000000000000000, 436.1000000000004775, -34.91514919502153447 ) ) ;
#2516 = EDGE_CURVE ( 'NONE', #15, #6780, #5681, .T. ) ;
#2515 = CIRCLE ( 'NONE', #1686, 4.000000000000000000 ) ;
#2517 = ORIENTED_EDGE ( 'NONE', *, *, #5875, .F. ) ;
#2518 = CARTESIAN_POINT ( 'NONE',  ( 421.2871870788978867, 520.0886861333490288, 42.39248229010329538 ) ) ;
#2519 = EDGE_LOOP ( 'NONE', ( #3423, #8604, #8901, #508, #9286 ) ) ;
#2520 = DIRECTION ( 'NONE',  ( 0.000000000000000000, 0.000000000000000000, 1.000000000000000000 ) ) ;
#2521 = LINE ( 'NONE', #8873, #3094 ) ;
#2522 = ORIENTED_EDGE ( 'NONE', *, *, #5962, .T. ) ;
#2523 = CARTESIAN_POINT ( 'NONE',  ( 443.9999999999998863, 538.4970423418396877, -14.67887087560071535 ) ) ;
#2524 = DIRECTION ( 'NONE',  ( 0.000000000000000000, 0.000000000000000000, 1.000000000000000000 ) ) ;
#2525 = ORIENTED_EDGE ( 'NONE', *, *, #3137, .F. ) ;
#2526 = EDGE_CURVE ( 'NONE', #8905, #6833, #5277, .T. ) ;
#2527 = CARTESIAN_POINT ( 'NONE',  ( 461.9999999999998863, 453.1000000000000796, -32.91514919502149894 ) ) ;
#2528 = CARTESIAN_POINT ( 'NONE',  ( 442.5999999999999659, 294.2695330743572981, 23.49250917975765418 ) ) ;
#2529 = EDGE_CURVE ( 'NONE', #5344, #9033, #8734, .T. ) ;
#2530 = VERTEX_POINT ( 'NONE', #903 ) ;
#2531 = DIRECTION ( 'NONE',  ( 1.000000000000000000, 2.478716320810480276E-16, 0.000000000000000000 ) ) ;
#2532 = EDGE_LOOP ( 'NONE', ( #9492, #368, #811, #1806 ) ) ;
#2533 = CARTESIAN_POINT ( 'NONE',  ( 447.4999999999999432, 411.6000000000000227, -9.460771534031254149 ) ) ;
#2534 = CARTESIAN_POINT ( 'NONE',  ( 435.2529868857477595, 520.6949286704626729, 56.58485080497850106 ) ) ;
#2535 = ORIENTED_EDGE ( 'NONE', *, *, #4986, .F. ) ;
#2536 = AXIS2_PLACEMENT_3D ( 'NONE', #3041, #697, #3091 ) ;
#2537 = LINE ( 'NONE', #1765, #4865 ) ;
#2538 = AXIS2_PLACEMENT_3D ( 'NONE', #6672, #8333, #3576 ) ;
#2539 = CARTESIAN_POINT ( 'NONE',  ( 447.5000000000000568, 11.44820855162338624, -47.88513591612858988 ) ) ;
#2540 = ORIENTED_EDGE ( 'NONE', *, *, #1251, .F. ) ;
#2541 = AXIS2_PLACEMENT_3D ( 'NONE', #443, #7581, #8550 ) ;
#2542 = CIRCLE ( 'NONE', #6827, 4.762500000000011724 ) ;
#2543 = DIRECTION ( 'NONE',  ( -0.7071067811865522357, 1.333577304374952826E-16, -0.7071067811865426878 ) ) ;
#2544 = AXIS2_PLACEMENT_3D ( 'NONE', #7430, #4894, #1805 ) ;
#2545 = FACE_OUTER_BOUND ( 'NONE', #1811, .T. ) ;
#2546 = DIRECTION ( 'NONE',  ( 0.000000000000000000, -1.000000000000000000, 0.000000000000000000 ) ) ;
#2547 = VERTEX_POINT ( 'NONE', #4776 ) ;
#2548 = DIRECTION ( 'NONE',  ( -0.000000000000000000, -0.000000000000000000, 1.000000000000000000 ) ) ;
#2549 = CARTESIAN_POINT ( 'NONE',  ( 417.2443393057448020, 521.3697476063251770, 55.58020948556419683 ) ) ;
#2550 = VERTEX_POINT ( 'NONE', #6388 ) ;
#2551 = CARTESIAN_POINT ( 'NONE',  ( 445.3999999999981583, 297.2545799191867673, 26.61297827585686804 ) ) ;
#2552 = AXIS2_PLACEMENT_3D ( 'NONE', #1321, #3645, #9164 ) ;
#2553 = DIRECTION ( 'NONE',  ( -0.000000000000000000, -1.000000000000000000, -0.000000000000000000 ) ) ;
#2554 = VECTOR ( 'NONE', #5786, 1000.000000000000000 ) ;
#2555 = VECTOR ( 'NONE', #982, 1000.000000000000000 ) ;
#2556 = DIRECTION ( 'NONE',  ( 0.000000000000000000, 0.000000000000000000, 1.000000000000000000 ) ) ;
#2557 = ORIENTED_EDGE ( 'NONE', *, *, #2261, .F. ) ;
#2558 = DIRECTION ( 'NONE',  ( 1.000000000000000000, 2.478716320810480276E-16, 0.000000000000000000 ) ) ;
#2559 = CIRCLE ( 'NONE', #6192, 3.999999999999984901 ) ;
#2560 = DIRECTION ( 'NONE',  ( -1.000000000000000000, -0.000000000000000000, -0.000000000000000000 ) ) ;
#2561 = CARTESIAN_POINT ( 'NONE',  ( 481.0009999999999195, 368.9938854097437115, -0.2091084966484926810 ) ) ;
#2562 = DIRECTION ( 'NONE',  ( 0.000000000000000000, 1.000000000000000000, -1.387778780781444256E-14 ) ) ;
#2563 = ORIENTED_EDGE ( 'NONE', *, *, #9791, .F. ) ;
#2564 = CARTESIAN_POINT ( 'NONE',  ( 444.6451000980844128, 535.3510712333704760, -6.411032179718112900 ) ) ;
#2565 = CARTESIAN_POINT ( 'NONE',  ( 451.3999999999997499, 289.3594052678391222, -18.69690753905739555 ) ) ;
#2566 = AXIS2_PLACEMENT_3D ( 'NONE', #4253, #5009, #4094 ) ;
#2567 = LINE ( 'NONE', #1792, #7250 ) ;
#2568 = ORIENTED_EDGE ( 'NONE', *, *, #9894, .F. ) ;
#2569 = CARTESIAN_POINT ( 'NONE',  ( 445.3999999999999204, 296.1228751062957372, 16.27387480217103288 ) ) ;
#2570 = EDGE_CURVE ( 'NONE', #3034, #1932, #4071, .T. ) ;
#2571 = DIRECTION ( 'NONE',  ( -1.000000000000000000, 0.000000000000000000, -0.000000000000000000 ) ) ;
#2572 = CARTESIAN_POINT ( 'NONE',  ( 440.9999999999996589, 297.1100878840622954, -21.16713487218001788 ) ) ;
#2573 = ADVANCED_FACE ( 'NONE', ( #7938 ), #847, .T. ) ;
#2574 = EDGE_LOOP ( 'NONE', ( #6565, #7339, #10124, #3962 ) ) ;
#2575 = LINE ( 'NONE', #9482, #3687 ) ;
#2576 = ORIENTED_EDGE ( 'NONE', *, *, #8755, .F. ) ;
#2577 = DIRECTION ( 'NONE',  ( 0.000000000000000000, -1.000000000000000000, 8.673617379884027583E-15 ) ) ;
#2578 = CARTESIAN_POINT ( 'NONE',  ( 419.2970544991604811, 517.5336153051374595, 56.58475975450618733 ) ) ;
#2579 = ORIENTED_EDGE ( 'NONE', *, *, #1575, .T. ) ;
#2580 = CARTESIAN_POINT ( 'NONE',  ( 443.5000000000000000, 308.7948825839263236, 19.09072618763478602 ) ) ;
#2581 = PLANE ( 'NONE',  #8804 ) ;
#2582 = ORIENTED_EDGE ( 'NONE', *, *, #2645, .T. ) ;
#2583 = ADVANCED_FACE ( 'NONE', ( #7154 ), #7053, .F. ) ;
#2584 = CARTESIAN_POINT ( 'NONE',  ( 442.5999999999996817, 294.6351752155924260, 24.44562270036028195 ) ) ;
#2585 = CARTESIAN_POINT ( 'NONE',  ( 448.2133370919794970, 364.1982926658848783, 11.19085003156318869 ) ) ;
#2586 = VERTEX_POINT ( 'NONE', #6186 ) ;
#2587 = ORIENTED_EDGE ( 'NONE', *, *, #1674, .F. ) ;
#2588 = CARTESIAN_POINT ( 'NONE',  ( 475.4999999999999432, 285.7438236647383292, 18.59122402630373472 ) ) ;
#2590 = ADVANCED_FACE ( 'NONE', ( #1681 ), #10200, .F. ) ;
#2589 = CIRCLE ( 'NONE', #3905, 3.999999999999965361 ) ;
#2591 = CARTESIAN_POINT ( 'NONE',  ( 439.3691920214477591, 521.9797210181144465, 56.15523283046093894 ) ) ;
#2592 = ORIENTED_EDGE ( 'NONE', *, *, #8221, .F. ) ;
#2593 = DIRECTION ( 'NONE',  ( -1.000000000000000000, 2.996186134945139640E-16, 0.000000000000000000 ) ) ;
#2594 = VECTOR ( 'NONE', #3575, 1000.000000000000000 ) ;
#2595 = CARTESIAN_POINT ( 'NONE',  ( 440.9999999999999432, 436.1000000000000227, 38.58485080497850817 ) ) ;
#2596 = ORIENTED_EDGE ( 'NONE', *, *, #5404, .T. ) ;
#2597 = AXIS2_PLACEMENT_3D ( 'NONE', #3759, #10050, #6804 ) ;
#2598 = CARTESIAN_POINT ( 'NONE',  ( 451.3999999999999773, 289.6863072163129686, -22.84216714522661817 ) ) ;
#2599 = CARTESIAN_POINT ( 'NONE',  ( 440.9999999999999432, 411.6000000000000227, -2.760771534031255303 ) ) ;
#2600 = CARTESIAN_POINT ( 'NONE',  ( 429.6526740142684275, 554.7104643982598873, -0.07027919502151230846 ) ) ;
#2601 = ORIENTED_EDGE ( 'NONE', *, *, #9283, .T. ) ;
#2602 = DIRECTION ( 'NONE',  ( 0.000000000000000000, 1.000000000000000000, 0.000000000000000000 ) ) ;
#2603 = CARTESIAN_POINT ( 'NONE',  ( 416.3057598895950377, 523.5953511287792708, 53.39954649820949584 ) ) ;
#2604 = EDGE_LOOP ( 'NONE', ( #6932, #10048, #519 ) ) ;
#2605 = CARTESIAN_POINT ( 'NONE',  ( 441.3535533905932198, 405.1000000000000227, -2.760771534031255303 ) ) ;
#2606 = CIRCLE ( 'NONE', #8384, 7.500000000000000000 ) ;
#2607 = CARTESIAN_POINT ( 'NONE',  ( 440.9999999999997158, 297.6020384447172091, 25.05152634947827650 ) ) ;
#2608 = CARTESIAN_POINT ( 'NONE',  ( 447.5000000000000000, 350.1336969887955206, 33.08659008728884032 ) ) ;
#2609 = EDGE_LOOP ( 'NONE', ( #1470, #8558, #9365, #1352, #6715, #5889, #2268, #877, #8838, #3515 ) ) ;
#2610 = EDGE_CURVE ( 'NONE', #5240, #20, #9063, .T. ) ;
#2611 = DIRECTION ( 'NONE',  ( -1.000000000000000000, -0.000000000000000000, 0.000000000000000000 ) ) ;
#2612 = AXIS2_PLACEMENT_3D ( 'NONE', #8100, #8806, #7209 ) ;
#2613 = DIRECTION ( 'NONE',  ( 0.000000000000000000, 1.000000000000000000, 0.000000000000000000 ) ) ;
#2614 = CARTESIAN_POINT ( 'NONE',  ( 479.1789189533377566, 471.8321976163135218, -36.79471755196289706 ) ) ;
#2615 = DIRECTION ( 'NONE',  ( 1.000000000000000000, 0.000000000000000000, 0.000000000000000000 ) ) ;
#2616 = ORIENTED_EDGE ( 'NONE', *, *, #482, .T. ) ;
#2617 = CARTESIAN_POINT ( 'NONE',  ( 444.5145165638956541, 535.7176600197618654, -6.777018160481555142 ) ) ;
#2618 = CARTESIAN_POINT ( 'NONE',  ( 445.4000000000287969, 295.3611897805298554, -20.34111362466534345 ) ) ;
#2619 = CARTESIAN_POINT ( 'NONE',  ( 444.4666666666666970, 298.9431832186263023, -24.94639959920905525 ) ) ;
#2620 = AXIS2_PLACEMENT_3D ( 'NONE', #9611, #827, #938 ) ;
#2621 = ORIENTED_EDGE ( 'NONE', *, *, #6803, .F. ) ;
#2622 = CARTESIAN_POINT ( 'NONE',  ( 440.0000000000002274, 541.0617153014109135, 0.4810623812678349598 ) ) ;
#2623 = CARTESIAN_POINT ( 'NONE',  ( 447.7026409533747255, 365.2278845616323792, -5.509898293798568325 ) ) ;
#2624 = CARTESIAN_POINT ( 'NONE',  ( 480.9999999999999432, 413.6000000000000227, -30.64042097131219933 ) ) ;
#2625 = CARTESIAN_POINT ( 'NONE',  ( 420.4691390977331480, 521.5976552460897437, 41.67005201591395291 ) ) ;
#2626 = ORIENTED_EDGE ( 'NONE', *, *, #3472, .T. ) ;
#2627 = DIRECTION ( 'NONE',  ( 1.000000000000000000, 0.000000000000000000, 0.000000000000000000 ) ) ;
#2628 = AXIS2_PLACEMENT_3D ( 'NONE', #4436, #7867, #4659 ) ;
#2629 = CYLINDRICAL_SURFACE ( 'NONE', #4112, 56.00000000000000000 ) ;
#2630 =( BOUNDED_CURVE ( )  B_SPLINE_CURVE ( 3, ( #3170, #733, #634, #3800 ),
 .UNSPECIFIED., .F., .T. ) 
 B_SPLINE_CURVE_WITH_KNOTS ( ( 4, 4 ),
 ( 1.570796326794892783, 3.141592653589798001 ),
 .UNSPECIFIED. ) 
 CURVE ( )  GEOMETRIC_REPRESENTATION_ITEM ( )  RATIONAL_B_SPLINE_CURVE ( ( 1.000000000000000000, 0.8047378541243628280, 0.8047378541243628280, 1.000000000000000000 ) ) 
 REPRESENTATION_ITEM ( '' )  );
#2631 = DIRECTION ( 'NONE',  ( 0.000000000000000000, 0.000000000000000000, -1.000000000000000000 ) ) ;
#2632 = FACE_OUTER_BOUND ( 'NONE', #6066, .T. ) ;
#2633 = EDGE_LOOP ( 'NONE', ( #1505, #5273, #4491, #1745 ) ) ;
#2634 = ADVANCED_FACE ( 'NONE', ( #1479 ), #3084, .F. ) ;
#2635 = CARTESIAN_POINT ( 'NONE',  ( 442.5999999999993975, 296.1433403680927086, 26.13894093305255950 ) ) ;
#2636 = DIRECTION ( 'NONE',  ( 0.000000000000000000, 0.000000000000000000, 1.000000000000000000 ) ) ;
#2637 = ORIENTED_EDGE ( 'NONE', *, *, #4050, .F. ) ;
#2638 = CARTESIAN_POINT ( 'NONE',  ( 443.3207242709575553, 478.5398188610484453, -34.60546611688842944 ) ) ;
#2639 = ORIENTED_EDGE ( 'NONE', *, *, #1685, .F. ) ;
#2640 = CARTESIAN_POINT ( 'NONE',  ( 424.2460347689931268, 525.1376050467771393, 45.36576482285821044 ) ) ;
#2641 = VECTOR ( 'NONE', #3752, 1000.000000000000000 ) ;
#2642 = EDGE_CURVE ( 'NONE', #1971, #691, #5773, .T. ) ;
#2643 = CARTESIAN_POINT ( 'NONE',  ( 435.3775397499404107, 521.7188385545942992, 56.48898587660051618 ) ) ;
#2644 = ORIENTED_EDGE ( 'NONE', *, *, #6449, .F. ) ;
#2645 = EDGE_CURVE ( 'NONE', #8335, #9276, #4305, .T. ) ;
#2646 = CARTESIAN_POINT ( 'NONE',  ( 456.0231999999999175, 374.0769747633160023, 38.81086406350270579 ) ) ;
#2647 = EDGE_CURVE ( 'NONE', #127, #7446, #1982, .T. ) ;
#2648 = ORIENTED_EDGE ( 'NONE', *, *, #8559, .F. ) ;
#2649 = EDGE_CURVE ( 'NONE', #3693, #7425, #8254, .T. ) ;
#2650 = ORIENTED_EDGE ( 'NONE', *, *, #4597, .T. ) ;
#2651 = AXIS2_PLACEMENT_3D ( 'NONE', #2066, #6190, #8369 ) ;
#2652 = CARTESIAN_POINT ( 'NONE',  ( 422.9731500198848835, 527.1642419844422420, -18.73529631773751092 ) ) ;
#2653 = FACE_OUTER_BOUND ( 'NONE', #1926, .T. ) ;
#2654 = CARTESIAN_POINT ( 'NONE',  ( 0.000000000000000000, 0.000000000000000000, 0.000000000000000000 ) ) ;
#2655 = DIRECTION ( 'NONE',  ( 1.000000000000000000, 2.478716320810480276E-16, 0.000000000000000000 ) ) ;
#2656 = DIRECTION ( 'NONE',  ( 0.000000000000000000, 1.374084517793742623E-16, 1.000000000000000000 ) ) ;
#2657 = ORIENTED_EDGE ( 'NONE', *, *, #7171, .T. ) ;
#2658 = CARTESIAN_POINT ( 'NONE',  ( 451.4000000000000909, 295.9228362071719403, 32.46422902218561291 ) ) ;
#2659 = LINE ( 'NONE', #1048, #3983 ) ;
#2660 = CARTESIAN_POINT ( 'NONE',  ( 451.7769596335613755, 522.7403751845192801, 46.58485080497849395 ) ) ;
#2661 = ORIENTED_EDGE ( 'NONE', *, *, #2667, .T. ) ;
#2662 = EDGE_CURVE ( 'NONE', #9966, #1646, #6921, .T. ) ;
#2663 = VECTOR ( 'NONE', #7412, 1000.000000000000000 ) ;
#2664 = CARTESIAN_POINT ( 'NONE',  ( 422.8526740142684730, 528.3604643982597509, -11.23507891194398134 ) ) ;
#2665 = CARTESIAN_POINT ( 'NONE',  ( 419.1847772373462817, 524.4659484350980847, -14.92298782977196758 ) ) ;
#2666 = DIRECTION ( 'NONE',  ( 1.000000000000000000, 0.000000000000000000, 0.000000000000000000 ) ) ;
#2667 = EDGE_CURVE ( 'NONE', #848, #10113, #1322, .T. ) ;
#2668 = CARTESIAN_POINT ( 'NONE',  ( 441.3535533905932198, 415.1000000000000227, -9.260771534031261965 ) ) ;
#2669 = VECTOR ( 'NONE', #742, 1000.000000000000114 ) ;
#2670 = CARTESIAN_POINT ( 'NONE',  ( 480.9999999999999432, 449.6000000000000796, -40.41514919502149894 ) ) ;
#2671 = CIRCLE ( 'NONE', #8443, 4.762500000000011724 ) ;
#2672 = DIRECTION ( 'NONE',  ( 0.000000000000000000, 0.000000000000000000, 1.000000000000000000 ) ) ;
#2673 = CARTESIAN_POINT ( 'NONE',  ( 453.6999999999999318, 453.0999999999999659, 0.9767284659687371917 ) ) ;
#2674 = ORIENTED_EDGE ( 'NONE', *, *, #9702, .F. ) ;
#2675 = DIRECTION ( 'NONE',  ( -0.000000000000000000, -0.000000000000000000, 1.000000000000000000 ) ) ;
#2676 = CARTESIAN_POINT ( 'NONE',  ( 448.2133353242656426, 364.1982952352653911, -4.609069793101466139 ) ) ;
#2677 = CARTESIAN_POINT ( 'NONE',  ( 465.9999999999998863, 449.6000000000000796, -40.41514919502149894 ) ) ;
#2678 = CARTESIAN_POINT ( 'NONE',  ( 440.9999999999999432, 346.4394627972502008, 13.82533480644865342 ) ) ;
#2679 = ORIENTED_EDGE ( 'NONE', *, *, #6265, .T. ) ;
#2680 = DIRECTION ( 'NONE',  ( -0.7071067811865526798, -0.7071067811865424657, -0.000000000000000000 ) ) ;
#2681 = VECTOR ( 'NONE', #6319, 1000.000000000000227 ) ;
#2682 = CARTESIAN_POINT ( 'NONE',  ( 447.4999999999999432, 417.6000000000000227, 20.23922846596874692 ) ) ;
#2683 = CARTESIAN_POINT ( 'NONE',  ( 445.3999999999999204, 296.1228751062957372, 16.27387480217103288 ) ) ;
#2684 = DIRECTION ( 'NONE',  ( -2.601736677730715002E-31, 1.049630672089176363E-15, -1.000000000000000000 ) ) ;
#2685 = ORIENTED_EDGE ( 'NONE', *, *, #6112, .F. ) ;
#2686 = CARTESIAN_POINT ( 'NONE',  ( 442.6000000000000796, 296.7140275664259548, 26.43499130457930235 ) ) ;
#2687 = VECTOR ( 'NONE', #7709, 1000.000000000000000 ) ;
#2688 = CARTESIAN_POINT ( 'NONE',  ( 419.1173417305925000, 524.6419951375278288, 39.47190577165515890 ) ) ;
#2689 = ORIENTED_EDGE ( 'NONE', *, *, #3804, .F. ) ;
#2690 = CARTESIAN_POINT ( 'NONE',  ( 443.9999999999999432, 548.3741802034222701, 10.86363067232139024 ) ) ;
#2691 = ORIENTED_EDGE ( 'NONE', *, *, #8946, .F. ) ;
#2692 = CARTESIAN_POINT ( 'NONE',  ( 424.0354967105164974, 525.9549197069491129, 44.75525322684931240 ) ) ;
#2693 = CARTESIAN_POINT ( 'NONE',  ( 415.7051285787886741, 521.3883982265202803, 55.56883060097813143 ) ) ;
#2694 = VERTEX_POINT ( 'NONE', #3445 ) ;
#2695 = LINE ( 'NONE', #5850, #8370 ) ;
#2696 = DIRECTION ( 'NONE',  ( 1.000000000000000000, 2.478716320810480276E-16, 0.000000000000000000 ) ) ;
#2697 = ORIENTED_EDGE ( 'NONE', *, *, #9374, .T. ) ;
#2698 = CARTESIAN_POINT ( 'NONE',  ( 429.6526740142684275, 554.7104643982598873, 18.65972080497848395 ) ) ;
#2699 = ORIENTED_EDGE ( 'NONE', *, *, #9325, .F. ) ;
#2700 = EDGE_CURVE ( 'NONE', #4072, #4047, #9556, .T. ) ;
#2701 = CARTESIAN_POINT ( 'NONE',  ( 447.2732091643576950, 429.6000000000000796, -0.9335588002702763788 ) ) ;
#2702 = LINE ( 'NONE', #8736, #6677 ) ;
#2703 = EDGE_CURVE ( 'NONE', #4349, #3040, #7420, .T. ) ;
#2704 = CARTESIAN_POINT ( 'NONE',  ( 449.5000000000000568, 436.1000000000000227, 38.58485080497850817 ) ) ;
#2705 = CIRCLE ( 'NONE', #2040, 2.000000000000001776 ) ;
#2706 = LINE ( 'NONE', #1776, #3050 ) ;
#2707 = EDGE_CURVE ( 'NONE', #30, #3818, #1473, .T. ) ;
#2708 = ORIENTED_EDGE ( 'NONE', *, *, #4909, .T. ) ;
#2709 = CARTESIAN_POINT ( 'NONE',  ( 451.3999999999999773, 297.4363009242990188, 26.65697347220940827 ) ) ;
#2710 = DIRECTION ( 'NONE',  ( 0.000000000000000000, 1.000000000000000000, 9.912705577010318647E-16 ) ) ;
#2711 = CARTESIAN_POINT ( 'NONE',  ( 480.9999999999999432, 285.7438236647383292, 15.34122402630373116 ) ) ;
#2712 = EDGE_LOOP ( 'NONE', ( #3861, #8716, #907 ) ) ;
#2713 = EDGE_CURVE ( 'NONE', #3618, #4530, #1164, .T. ) ;
#2714 = CARTESIAN_POINT ( 'NONE',  ( 451.3999999999999204, 285.7438236647383292, 15.34122402630373116 ) ) ;
#2715 = DIRECTION ( 'NONE',  ( -0.4999999999999985012, 0.8660254037844395958, -6.938893903907214178E-15 ) ) ;
#2716 = VECTOR ( 'NONE', #6920, 1000.000000000000000 ) ;
#2717 = AXIS2_PLACEMENT_3D ( 'NONE', #5360, #8749, #5548 ) ;
#2718 = EDGE_CURVE ( 'NONE', #562, #199, #4124, .T. ) ;
#2719 = DIRECTION ( 'NONE',  ( -1.000000000000000000, -0.000000000000000000, -0.000000000000000000 ) ) ;
#2720 = CARTESIAN_POINT ( 'NONE',  ( 445.3999999999999204, 297.0952331286824233, -14.68605186448338706 ) ) ;
#2721 = FACE_OUTER_BOUND ( 'NONE', #9312, .T. ) ;
#2722 = VERTEX_POINT ( 'NONE', #2673 ) ;
#2723 = AXIS2_PLACEMENT_3D ( 'NONE', #1838, #2666, #6535 ) ;
#2724 = DIRECTION ( 'NONE',  ( 0.000000000000000000, 0.9725907656757107889, 0.2325235526185131518 ) ) ;
#2725 = DIRECTION ( 'NONE',  ( 0.000000000000000000, 1.000000000000000000, 0.000000000000000000 ) ) ;
#2726 = FACE_BOUND ( 'NONE', #8575, .T. ) ;
#2727 = CARTESIAN_POINT ( 'NONE',  ( 439.9999999998256044, 543.1260719920675228, -3.814282441937005608 ) ) ;
#2728 = ORIENTED_EDGE ( 'NONE', *, *, #640, .T. ) ;
#2729 = CARTESIAN_POINT ( 'NONE',  ( 445.3999999999999204, 296.1228751062957372, 16.27387480217104709 ) ) ;
#2730 = AXIS2_PLACEMENT_3D ( 'NONE', #9393, #6207, #3055 ) ;
#2731 = CARTESIAN_POINT ( 'NONE',  ( 449.5000000000000000, 446.6000000000000227, -28.41514919502149539 ) ) ;
#2732 = CARTESIAN_POINT ( 'NONE',  ( 443.5000000000000000, 333.7394627972502121, 12.17533480644861577 ) ) ;
#2733 = LINE ( 'NONE', #6660, #9975 ) ;
#2734 = EDGE_LOOP ( 'NONE', ( #4956, #8733, #8841, #9329 ) ) ;
#2735 = EDGE_CURVE ( 'NONE', #4638, #6250, #1899, .T. ) ;
#2736 = B_SPLINE_CURVE_WITH_KNOTS ( 'NONE', 3,
 ( #5530, #8680, #1708, #38, #7184, #3208, #6364, #9499, #90, #2432, #929, #3259 ),
 .UNSPECIFIED., .F., .F.,
 ( 4, 2, 2, 2, 2, 4 ),
 ( 0.02032382098429208472, 0.02255603150056680051, 0.02478824201684151976, 0.02590434727497888112, 0.02702045253311623901, 0.02925266304939102419 ),
 .UNSPECIFIED. ) ;
#2737 = CARTESIAN_POINT ( 'NONE',  ( 440.9999999999999432, 296.1038504775490878, 19.40881699242295255 ) ) ;
#2738 = CARTESIAN_POINT ( 'NONE',  ( 443.5000000000000000, 366.4938854097437115, 17.49089150335156262 ) ) ;
#2739 = VERTEX_POINT ( 'NONE', #4935 ) ;
#2740 = CARTESIAN_POINT ( 'NONE',  ( 443.9999999999999432, 547.9878796594526875, 6.487203734993208570 ) ) ;
#2741 = ORIENTED_EDGE ( 'NONE', *, *, #597, .F. ) ;
#2742 = CARTESIAN_POINT ( 'NONE',  ( 440.9999999999999432, 346.4394627972502008, 10.52533480644868469 ) ) ;
#2743 = CARTESIAN_POINT ( 'NONE',  ( 415.0169675211037088, 523.8144623618590003, 52.72974250566680610 ) ) ;
#2744 = ORIENTED_EDGE ( 'NONE', *, *, #7735, .F. ) ;
#2745 = CARTESIAN_POINT ( 'NONE',  ( 447.5000000000000568, 5.567196476600564381, 32.07076488355568245 ) ) ;
#2746 = CARTESIAN_POINT ( 'NONE',  ( 336.0902124738105385, 305.3569369434741816, 17.04609180141902769 ) ) ;
#2747 = ORIENTED_EDGE ( 'NONE', *, *, #2081, .T. ) ;
#2748 = CARTESIAN_POINT ( 'NONE',  ( 438.0730317999999102, 504.1837287883886916, 46.58485080497850106 ) ) ;
#2749 = ORIENTED_EDGE ( 'NONE', *, *, #9447, .F. ) ;
#2750 = DIRECTION ( 'NONE',  ( -0.000000000000000000, -1.000000000000000000, -8.285246452426540611E-16 ) ) ;
#2751 = VECTOR ( 'NONE', #8295, 1000.000000000000000 ) ;
#2752 = DIRECTION ( 'NONE',  ( 0.000000000000000000, 0.9725907656757107889, 0.2325235526185136237 ) ) ;
#2753 = FACE_BOUND ( 'NONE', #7661, .T. ) ;
#2754 = PLANE ( 'NONE',  #8829 ) ;
#2755 = ORIENTED_EDGE ( 'NONE', *, *, #1955, .F. ) ;
#2756 = AXIS2_PLACEMENT_3D ( 'NONE', #7063, #4785, #8668 ) ;
#2757 = CYLINDRICAL_SURFACE ( 'NONE', #9922, 3.999999999999969358 ) ;
#2758 = DIRECTION ( 'NONE',  ( 2.478716320810480276E-16, -1.000000000000000000, -2.602085213965208669E-15 ) ) ;
#2759 = ORIENTED_EDGE ( 'NONE', *, *, #5677, .T. ) ;
#2760 = AXIS2_PLACEMENT_3D ( 'NONE', #5941, #2008, #8314 ) ;
#2761 = EDGE_CURVE ( 'NONE', #6412, #1637, #7418, .T. ) ;
#2762 = ADVANCED_FACE ( 'NONE', ( #2721 ), #4332, .F. ) ;
#2763 = FACE_OUTER_BOUND ( 'NONE', #6228, .T. ) ;
#2764 = CARTESIAN_POINT ( 'NONE',  ( 448.6568617711365050, 525.3818923139050412, -25.10255817109322507 ) ) ;
#2765 = CARTESIAN_POINT ( 'NONE',  ( 459.3999999999999204, 304.9045195212235058, 18.16063197716074740 ) ) ;
#2766 = CARTESIAN_POINT ( 'NONE',  ( 455.1439899509343263, 516.9105030071420970, 56.47992879623573259 ) ) ;
#2767 = EDGE_CURVE ( 'NONE', #8383, #5948, #5416, .T. ) ;
#2768 = CARTESIAN_POINT ( 'NONE',  ( 451.4000000002882302, 296.7292075039012502, -15.18105004328899632 ) ) ;
#2769 = CARTESIAN_POINT ( 'NONE',  ( 413.9999999999999432, 549.7107268354391181, 8.554576225309059367 ) ) ;
#2770 = EDGE_CURVE ( 'NONE', #4735, #6782, #4925, .T. ) ;
#2771 = ORIENTED_EDGE ( 'NONE', *, *, #6429, .F. ) ;
#2772 = CIRCLE ( 'NONE', #8544, 4.000000000000015099 ) ;
#2773 = EDGE_CURVE ( 'NONE', #4565, #139, #2803, .T. ) ;
#2774 = CARTESIAN_POINT ( 'NONE',  ( 441.0000000000002274, 298.5866224337474932, -23.16694636734617774 ) ) ;
#2775 = CARTESIAN_POINT ( 'NONE',  ( 456.0231999999999175, 377.1649504443363980, 39.54912634306648300 ) ) ;
#2776 = CARTESIAN_POINT ( 'NONE',  ( 441.0000000000000000, 298.3817193826943139, -15.63734210317915085 ) ) ;
#2777 = DIRECTION ( 'NONE',  ( 0.000000000000000000, 1.000000000000000000, 0.000000000000000000 ) ) ;
#2778 = ORIENTED_EDGE ( 'NONE', *, *, #124, .T. ) ;
#2779 = FACE_OUTER_BOUND ( 'NONE', #4697, .T. ) ;
#2780 = DIRECTION ( 'NONE',  ( -1.000000000000000000, 0.000000000000000000, 0.000000000000000000 ) ) ;
#2781 = AXIS2_PLACEMENT_3D ( 'NONE', #5496, #3081, #9417 ) ;
#2782 = DIRECTION ( 'NONE',  ( 0.000000000000000000, 0.000000000000000000, -1.000000000000000000 ) ) ;
#2783 = CARTESIAN_POINT ( 'NONE',  ( 441.3535533905932198, 415.1000000000000227, 14.23922846596874514 ) ) ;
#2784 = VERTEX_POINT ( 'NONE', #9633 ) ;
#2785 = EDGE_CURVE ( 'NONE', #9186, #1386, #2567, .T. ) ;
#2786 = CARTESIAN_POINT ( 'NONE',  ( 442.5999999999997954, 295.6905494934885041, 25.80326340690687204 ) ) ;
#2787 = AXIS2_PLACEMENT_3D ( 'NONE', #2487, #8211, #8815 ) ;
#2788 = DIRECTION ( 'NONE',  ( 0.000000000000000000, 0.000000000000000000, 1.000000000000000000 ) ) ;
#2789 = ORIENTED_EDGE ( 'NONE', *, *, #9677, .T. ) ;
#2790 = DIRECTION ( 'NONE',  ( 1.000000000000000000, 0.000000000000000000, 0.000000000000000000 ) ) ;
#2791 = EDGE_LOOP ( 'NONE', ( #8547, #5915, #4140, #2135 ) ) ;
#2792 = FACE_OUTER_BOUND ( 'NONE', #6973, .T. ) ;
#2793 = EDGE_CURVE ( 'NONE', #7746, #10052, #1566, .T. ) ;
#2794 = CARTESIAN_POINT ( 'NONE',  ( 416.9379468140053291, 524.1345561166983771, 52.98096544405151320 ) ) ;
#2795 = EDGE_LOOP ( 'NONE', ( #1211, #563, #4272, #7916, #6457 ) ) ;
#2796 = DIRECTION ( 'NONE',  ( -2.601736677730715002E-31, 1.049630672089176363E-15, -1.000000000000000000 ) ) ;
#2797 = CARTESIAN_POINT ( 'NONE',  ( 429.6526740142684275, 532.3604643982598645, 9.929720804978488857 ) ) ;
#2798 = EDGE_LOOP ( 'NONE', ( #2410, #8324, #2179, #1016 ) ) ;
#2799 = CARTESIAN_POINT ( 'NONE',  ( 443.9999978872959900, 470.5814935684470015, -32.99476238704799158 ) ) ;
#2800 = ORIENTED_EDGE ( 'NONE', *, *, #4050, .T. ) ;
#2801 = FACE_OUTER_BOUND ( 'NONE', #1687, .T. ) ;
#2802 = DIRECTION ( 'NONE',  ( -0.000000000000000000, -0.2325235526185132073, 0.9725907656757110109 ) ) ;
#2803 = CIRCLE ( 'NONE', #9729, 3.999999999999948042 ) ;
#2804 = DIRECTION ( 'NONE',  ( -2.601736677730715002E-31, 1.049630672089176363E-15, -1.000000000000000000 ) ) ;
#2805 = DIRECTION ( 'NONE',  ( -2.478716320810480276E-16, 1.000000000000000000, 0.000000000000000000 ) ) ;
#2806 = CARTESIAN_POINT ( 'NONE',  ( 480.9999999999999432, 534.3604643982597509, 0.000000000000000000 ) ) ;
#2807 = ORIENTED_EDGE ( 'NONE', *, *, #6567, .F. ) ;
#2808 = VERTEX_POINT ( 'NONE', #3604 ) ;
#2809 = DIRECTION ( 'NONE',  ( -0.000000000000000000, -0.000000000000000000, -1.000000000000000000 ) ) ;
#2810 = PLANE ( 'NONE',  #8523 ) ;
#2811 = ORIENTED_EDGE ( 'NONE', *, *, #8810, .T. ) ;
#2812 = VECTOR ( 'NONE', #8336, 1000.000000000000114 ) ;
#2813 = CARTESIAN_POINT ( 'NONE',  ( 461.9999999999998863, 433.1000000000000227, -32.91514919502149894 ) ) ;
#2814 = CARTESIAN_POINT ( 'NONE',  ( 442.3387993405888210, 529.2795867162387822, -23.83041820486104001 ) ) ;
#2815 = DIRECTION ( 'NONE',  ( 0.000000000000000000, 0.000000000000000000, 1.000000000000000000 ) ) ;
#2816 = DIRECTION ( 'NONE',  ( 0.000000000000000000, -0.1710331931357804147, -0.9852652672482568041 ) ) ;
#2817 = CARTESIAN_POINT ( 'NONE',  ( 445.3999999999853685, 297.1481178936497827, -24.13628899029527020 ) ) ;
#2818 = CARTESIAN_POINT ( 'NONE',  ( 413.9999999999998863, 549.0523746589478833, 4.721411961203269669 ) ) ;
#2819 = ORIENTED_EDGE ( 'NONE', *, *, #5294, .F. ) ;
#2820 = CARTESIAN_POINT ( 'NONE',  ( 440.9999999999997726, 298.3817193826943139, -15.63734210317915796 ) ) ;
#2821 = LINE ( 'NONE', #3941, #9368 ) ;
#2822 = CARTESIAN_POINT ( 'NONE',  ( 441.0000000000000000, 299.2168363276435912, -23.36997517161197635 ) ) ;
#2823 = AXIS2_PLACEMENT_3D ( 'NONE', #7563, #475, #4320 ) ;
#2824 = AXIS2_PLACEMENT_3D ( 'NONE', #4065, #6177, #5394 ) ;
#2825 = EDGE_CURVE ( 'NONE', #7199, #2784, #6744, .T. ) ;
#2826 = CARTESIAN_POINT ( 'NONE',  ( 451.3999999999999204, 272.1108908047548880, 20.60226419432907718 ) ) ;
#2827 = ORIENTED_EDGE ( 'NONE', *, *, #6626, .F. ) ;
#2828 = DIRECTION ( 'NONE',  ( 0.000000000000000000, 0.000000000000000000, 1.000000000000000000 ) ) ;
#2829 = CARTESIAN_POINT ( 'NONE',  ( 441.0000000000000000, 340.6206644405273209, -7.956332081159240843 ) ) ;
#2830 = EDGE_CURVE ( 'NONE', #3994, #8139, #8405, .T. ) ;
#2831 = CYLINDRICAL_SURFACE ( 'NONE', #1277, 6.350000000000000533 ) ;
#2832 = CARTESIAN_POINT ( 'NONE',  ( 427.1238858537433885, 532.9384270847957623, -22.63623605961179308 ) ) ;
#2833 = ORIENTED_EDGE ( 'NONE', *, *, #6758, .F. ) ;
#2834 = CARTESIAN_POINT ( 'NONE',  ( 442.5999999999999091, 294.0744208732925813, 21.07952663254484449 ) ) ;
#2835 = EDGE_CURVE ( 'NONE', #9808, #5309, #5296, .T. ) ;
#2836 = CARTESIAN_POINT ( 'NONE',  ( 416.5980762113532592, 528.2104643982597736, 42.58485080497850817 ) ) ;
#2837 = CIRCLE ( 'NONE', #5818, 4.762500000000011724 ) ;
#2838 = ORIENTED_EDGE ( 'NONE', *, *, #10098, .T. ) ;
#2839 = CARTESIAN_POINT ( 'NONE',  ( 443.9999999999999432, 542.6442709351117628, 24.42931872862527598 ) ) ;
#2840 = VERTEX_POINT ( 'NONE', #9066 ) ;
#2841 = CARTESIAN_POINT ( 'NONE',  ( 419.1173417305925000, 524.6419951375278288, -14.85001997201148782 ) ) ;
#2842 = CARTESIAN_POINT ( 'NONE',  ( 431.3201624048657550, 524.2002784193700791, 54.76194455355427237 ) ) ;
#2843 = ORIENTED_EDGE ( 'NONE', *, *, #5677, .F. ) ;
#2844 = DIRECTION ( 'NONE',  ( 0.000000000000000000, 0.000000000000000000, 1.000000000000000000 ) ) ;
#2845 = EDGE_CURVE ( 'NONE', #8407, #1950, #10100, .T. ) ;
#2846 = CARTESIAN_POINT ( 'NONE',  ( 423.5264491666962385, 525.6337057658861340, -19.23483683898133734 ) ) ;
#2847 = CC_DESIGN_SECURITY_CLASSIFICATION ( #9260, ( #9940 ) ) ;
#2848 = VERTEX_POINT ( 'NONE', #5198 ) ;
#2849 = AXIS2_PLACEMENT_3D ( 'NONE', #6762, #5999, #3514 ) ;
#2850 = CARTESIAN_POINT ( 'NONE',  ( 421.2871870788979436, 520.0886861333490288, 56.58485080497850817 ) ) ;
#2851 = VERTEX_POINT ( 'NONE', #9947 ) ;
#2852 = CARTESIAN_POINT ( 'NONE',  ( 443.9999999999999432, 538.8899563225709244, 34.01692291315411154 ) ) ;
#2853 = CARTESIAN_POINT ( 'NONE',  ( 448.1066666666661717, 289.0692543060682169, 24.65660962622504826 ) ) ;
#2854 =( NAMED_UNIT ( * ) SI_UNIT ( $, .STERADIAN. ) SOLID_ANGLE_UNIT ( ) );
#2855 = LINE ( 'NONE', #5076, #4177 ) ;
#2856 = DIRECTION ( 'NONE',  ( 1.000000000000000000, -0.000000000000000000, 0.000000000000000000 ) ) ;
#2857 = AXIS2_PLACEMENT_3D ( 'NONE', #3917, #9228, #1392 ) ;
#2858 = CARTESIAN_POINT ( 'NONE',  ( 480.9999999999999432, 351.9938854097436547, 25.30586396188315490 ) ) ;
#2859 = EDGE_LOOP ( 'NONE', ( #6667, #912, #8058, #1918 ) ) ;
#2860 = ORIENTED_EDGE ( 'NONE', *, *, #4826, .F. ) ;
#2861 = CARTESIAN_POINT ( 'NONE',  ( 479.7885988607569629, 469.3500000000000227, 46.58485080497850106 ) ) ;
#2862 = VERTEX_POINT ( 'NONE', #5141 ) ;
#2863 = AXIS2_PLACEMENT_3D ( 'NONE', #18, #6196, #9330 ) ;
#2864 = DIRECTION ( 'NONE',  ( 1.000000000000000000, 0.000000000000000000, 0.000000000000000000 ) ) ;
#2865 = DIRECTION ( 'NONE',  ( 0.000000000000000000, 0.9725907656757107889, 0.2325235526185136237 ) ) ;
#2866 = DIRECTION ( 'NONE',  ( 0.000000000000000000, 1.000000000000000000, -1.374084517793742623E-16 ) ) ;
#2867 = AXIS2_PLACEMENT_3D ( 'NONE', #8262, #9907, #2828 ) ;
#2868 = CARTESIAN_POINT ( 'NONE',  ( 451.3999999999996930, 293.3831949122612173, -28.81060571629538458 ) ) ;
#2869 = VECTOR ( 'NONE', #5119, 1000.000000000000000 ) ;
#2870 = CARTESIAN_POINT ( 'NONE',  ( 447.5000000000000000, 255.9938854097437115, 20.73922846596853375 ) ) ;
#2871 = VERTEX_POINT ( 'NONE', #1374 ) ;
#2872 = CARTESIAN_POINT ( 'NONE',  ( 441.0000000000001705, 297.6105540343394296, -16.93880789949375298 ) ) ;
#2873 = AXIS2_PLACEMENT_3D ( 'NONE', #3735, #6877, #10025 ) ;
#2874 = CARTESIAN_POINT ( 'NONE',  ( 429.6526740142684275, 554.7104643982598873, 3.579720804978485660 ) ) ;
#2875 = VECTOR ( 'NONE', #9131, 1000.000000000000114 ) ;
#2876 = DIRECTION ( 'NONE',  ( -0.000000000000000000, -1.000000000000000000, -0.000000000000000000 ) ) ;
#2877 = AXIS2_PLACEMENT_3D ( 'NONE', #9700, #2684, #3407 ) ;
#2878 = CARTESIAN_POINT ( 'NONE',  ( 440.0000000000882210, 547.3145877901696394, 15.62169286276032310 ) ) ;
#2879 = VERTEX_POINT ( 'NONE', #6892 ) ;
#2880 = DIRECTION ( 'NONE',  ( 0.000000000000000000, 6.832141690000923907E-14, -1.000000000000000000 ) ) ;
#2881 = DIRECTION ( 'NONE',  ( 0.000000000000000000, 0.9725907656757110109, 0.2325235526185125690 ) ) ;
#2882 = CIRCLE ( 'NONE', #7163, 6.499999999999999112 ) ;
#2883 = CARTESIAN_POINT ( 'NONE',  ( 441.6865966827622856, 533.1498713909162461, -22.56722429913982353 ) ) ;
#2884 = VECTOR ( 'NONE', #5765, 1000.000000000000000 ) ;
#2885 = EDGE_LOOP ( 'NONE', ( #9598, #414, #6661, #5768 ) ) ;
#2886 = EDGE_CURVE ( 'NONE', #6250, #4638, #9736, .T. ) ;
#2887 = FACE_OUTER_BOUND ( 'NONE', #4781, .T. ) ;
#2888 = ADVANCED_FACE ( 'NONE', ( #2292 ), #5438, .F. ) ;
#2889 = DIRECTION ( 'NONE',  ( -2.410776604349946092E-16, 0.9725907656757107889, 0.2325235526185131241 ) ) ;
#2890 = AXIS2_PLACEMENT_3D ( 'NONE', #6579, #5025, #6526 ) ;
#2891 = EDGE_LOOP ( 'NONE', ( #1365, #8924, #2525, #4043 ) ) ;
#2892 = CARTESIAN_POINT ( 'NONE',  ( 441.3535533905932198, 421.5999999999999659, 14.23922846596874869 ) ) ;
#2893 = VERTEX_POINT ( 'NONE', #3021 ) ;
#2894 = LINE ( 'NONE', #2742, #9121 ) ;
#2895 = DIRECTION ( 'NONE',  ( 1.000000000000000000, 0.000000000000000000, 0.000000000000000000 ) ) ;
#2896 = EDGE_LOOP ( 'NONE', ( #2679, #6958, #3309, #6175 ) ) ;
#2897 = CARTESIAN_POINT ( 'NONE',  ( 480.9999999999999432, 298.8664056459464859, -14.78352078243895562 ) ) ;
#2898 = EDGE_CURVE ( 'NONE', #8110, #1020, #1569, .T. ) ;
#2899 = ADVANCED_FACE ( 'NONE', ( #7038 ), #7829, .T. ) ;
#2900 = CARTESIAN_POINT ( 'NONE',  ( 418.6891108675446276, 518.5886861333489151, -27.31974304735396686 ) ) ;
#2901 = ORIENTED_EDGE ( 'NONE', *, *, #1187, .T. ) ;
#2902 = CARTESIAN_POINT ( 'NONE',  ( 480.8305071390215062, 462.3888429690360908, -33.14472527486945097 ) ) ;
#2903 = VERTEX_POINT ( 'NONE', #677 ) ;
#2904 = CARTESIAN_POINT ( 'NONE',  ( 449.4682298853245470, 429.6000000000000227, -6.022538586780879832 ) ) ;
#2905 = EDGE_CURVE ( 'NONE', #6917, #6263, #5431, .T. ) ;
#2906 = CARTESIAN_POINT ( 'NONE',  ( 445.4792002342499586, 533.6484144379709278, -20.17580490523829084 ) ) ;
#2907 = FACE_BOUND ( 'NONE', #6097, .T. ) ;
#2908 = ORIENTED_EDGE ( 'NONE', *, *, #9662, .T. ) ;
#2909 = DIRECTION ( 'NONE',  ( 0.000000000000000000, 1.000000000000000000, 0.000000000000000000 ) ) ;
#2910 = FACE_BOUND ( 'NONE', #1391, .T. ) ;
#2911 = ORIENTED_EDGE ( 'NONE', *, *, #7567, .T. ) ;
#2912 = FACE_OUTER_BOUND ( 'NONE', #9039, .T. ) ;
#2913 = DIRECTION ( 'NONE',  ( 0.000000000000000000, 1.000000000000000000, 0.000000000000000000 ) ) ;
#2914 = ORIENTED_EDGE ( 'NONE', *, *, #7450, .T. ) ;
#2915 = VECTOR ( 'NONE', #700, 1000.000000000000000 ) ;
#2916 = CARTESIAN_POINT ( 'NONE',  ( 447.5000000000000000, 351.0637911992695877, 29.19622702458599406 ) ) ;
#2917 = FACE_OUTER_BOUND ( 'NONE', #3526, .T. ) ;
#2918 = LINE ( 'NONE', #3796, #9306 ) ;
#2919 = ADVANCED_FACE ( 'NONE', ( #8592 ), #10091, .F. ) ;
#2920 = EDGE_CURVE ( 'NONE', #818, #4165, #2630, .T. ) ;
#2921 = CARTESIAN_POINT ( 'NONE',  ( 451.3999999999997499, 296.7971314640343508, -30.60013323598339241 ) ) ;
#2922 = AXIS2_PLACEMENT_3D ( 'NONE', #2897, #2167, #8426 ) ;
#2923 = CARTESIAN_POINT ( 'NONE',  ( 480.0074329351203346, 468.3160483243411818, 46.53482234155313080 ) ) ;
#2924 = VERTEX_POINT ( 'NONE', #4620 ) ;
#2925 = CARTESIAN_POINT ( 'NONE',  ( 440.9999999999999432, 297.4616680298474307, -17.28426547338402131 ) ) ;
#2926 = CARTESIAN_POINT ( 'NONE',  ( 441.0000000000000000, 295.8104598419417925, 23.06133921676470067 ) ) ;
#2927 = DIRECTION ( 'NONE',  ( -0.7071067811865475727, 0.7071067811865475727, 0.000000000000000000 ) ) ;
#2928 = CARTESIAN_POINT ( 'NONE',  ( 440.0000000000000568, 547.0405280089521511, 16.32755615634434321 ) ) ;
#2929 = ORIENTED_EDGE ( 'NONE', *, *, #10068, .T. ) ;
#2930 = CARTESIAN_POINT ( 'NONE',  ( 447.4999999999999432, 411.6000000000000227, 24.93922846596874621 ) ) ;
#2931 = DIRECTION ( 'NONE',  ( 1.000000000000000000, 2.478716320810480276E-16, 0.000000000000000000 ) ) ;
#2932 = AXIS2_PLACEMENT_3D ( 'NONE', #10072, #8624, #1500 ) ;
#2933 = CARTESIAN_POINT ( 'NONE',  ( 430.7449136500679856, 537.5181216763043039, -19.66999613108552225 ) ) ;
#2934 = ORIENTED_EDGE ( 'NONE', *, *, #9215, .F. ) ;
#2935 = CARTESIAN_POINT ( 'NONE',  ( 447.4999999999999432, 368.9938854097437115, 13.49089150335155729 ) ) ;
#2936 = CARTESIAN_POINT ( 'NONE',  ( 424.7512886940357362, 522.0886861333490288, 42.39248229010330249 ) ) ;
#2937 = VECTOR ( 'NONE', #3284, 1000.000000000000000 ) ;
#2938 = EDGE_LOOP ( 'NONE', ( #2216, #460, #5969, #7589 ) ) ;
#2939 = DIRECTION ( 'NONE',  ( -1.000000000000000000, -2.478716320810480276E-16, -0.000000000000000000 ) ) ;
#2940 = ORIENTED_EDGE ( 'NONE', *, *, #4376, .T. ) ;
#2941 = DIRECTION ( 'NONE',  ( 0.000000000000000000, 0.9996675406832047361, 0.02578387295177124797 ) ) ;
#2942 = CARTESIAN_POINT ( 'NONE',  ( 443.4744798350860151, 521.9798812518249633, 55.23262153553496745 ) ) ;
#2943 = VERTEX_POINT ( 'NONE', #7875 ) ;
#2944 = CARTESIAN_POINT ( 'NONE',  ( 447.4999999999999432, 366.4938854097437115, -6.209108496648497955 ) ) ;
#2945 = EDGE_CURVE ( 'NONE', #1703, #5286, #3070, .T. ) ;
#2946 = DIRECTION ( 'NONE',  ( 1.000000000000000000, 1.821231995776175085E-15, 4.553079989440437711E-16 ) ) ;
#2947 = EDGE_LOOP ( 'NONE', ( #4262, #341, #664, #5364 ) ) ;
#2948 = VERTEX_POINT ( 'NONE', #9311 ) ;
#2949 = AXIS2_PLACEMENT_3D ( 'NONE', #3531, #6681, #9828 ) ;
#2950 = DIRECTION ( 'NONE',  ( 1.000000000000000000, 0.000000000000000000, 0.000000000000000000 ) ) ;
#2951 = CARTESIAN_POINT ( 'NONE',  ( 447.1398796206811426, 518.5163273279312079, 56.58485080497851527 ) ) ;
#2952 = EDGE_CURVE ( 'NONE', #134, #1950, #10140, .T. ) ;
#2953 = DATE_TIME_ROLE ( 'classification_date' ) ;
#2954 = CARTESIAN_POINT ( 'NONE',  ( 443.9999999999999432, 471.7837417176215808, -36.81036225997797118 ) ) ;
#2955 = ORIENTED_EDGE ( 'NONE', *, *, #1185, .T. ) ;
#2956 = DIRECTION ( 'NONE',  ( 0.000000000000000000, 0.000000000000000000, 1.000000000000000000 ) ) ;
#2957 = CYLINDRICAL_SURFACE ( 'NONE', #10107, 4.000000000000007105 ) ;
#2958 = VERTEX_POINT ( 'NONE', #1469 ) ;
#2959 = EDGE_CURVE ( 'NONE', #4240, #6635, #6324, .T. ) ;
#2960 = DIRECTION ( 'NONE',  ( 1.000000000000000000, 0.000000000000000000, 0.000000000000000000 ) ) ;
#2961 = EDGE_CURVE ( 'NONE', #8871, #4014, #979, .T. ) ;
#2962 = CARTESIAN_POINT ( 'NONE',  ( 443.5000000000000000, 334.4206644405273323, -7.956332081159240843 ) ) ;
#2963 = ORIENTED_EDGE ( 'NONE', *, *, #6015, .T. ) ;
#2964 = CARTESIAN_POINT ( 'NONE',  ( 424.7512886940357362, 522.0886861333490288, -16.18420893480786305 ) ) ;
#2965 = CARTESIAN_POINT ( 'NONE',  ( 444.5932000679999305, 306.5429894958665500, 28.83416829451469710 ) ) ;
#2966 = CARTESIAN_POINT ( 'NONE',  ( 442.5999999999999659, 298.9431832186263023, -24.94639959920905525 ) ) ;
#2967 = AXIS2_PLACEMENT_3D ( 'NONE', #7995, #5401, #8557 ) ;
#2968 = CARTESIAN_POINT ( 'NONE',  ( 451.3999999999562078, 298.2016598185419980, -24.74818064764929204 ) ) ;
#2969 = EDGE_CURVE ( 'NONE', #7431, #8281, #1150, .T. ) ;
#2970 = CARTESIAN_POINT ( 'NONE',  ( 414.0000000000000000, 542.0150531322915413, -8.896870789194540663 ) ) ;
#2971 = VERTEX_POINT ( 'NONE', #5854 ) ;
#2972 = CARTESIAN_POINT ( 'NONE',  ( 440.9999999999997158, 299.1223550119721608, -23.35357250715258459 ) ) ;
#2973 = EDGE_CURVE ( 'NONE', #3553, #10228, #2296, .T. ) ;
#2974 = CARTESIAN_POINT ( 'NONE',  ( 421.9947515573464898, 518.8631485070451390, 42.58485080497849395 ) ) ;
#2975 = CARTESIAN_POINT ( 'NONE',  ( 443.9999999999823785, 547.7915456692229554, 14.11790038924627488 ) ) ;
#2976 = EDGE_LOOP ( 'NONE', ( #2017, #7864, #9750, #9701 ) ) ;
#2977 = PLANE ( 'NONE',  #780 ) ;
#2978 = DIRECTION ( 'NONE',  ( 2.442193098255954051E-16, -0.9852652672482568041, 0.1710331931357803315 ) ) ;
#2979 = CARTESIAN_POINT ( 'NONE',  ( 429.6595079849817012, 535.7281638933574186, -21.72571426824113416 ) ) ;
#2980 = VERTEX_POINT ( 'NONE', #2698 ) ;
#2981 = CARTESIAN_POINT ( 'NONE',  ( 442.5999999999999659, 294.1000593282378190, 20.84376000384779815 ) ) ;
#2982 = DIRECTION ( 'NONE',  ( 0.000000000000000000, 0.000000000000000000, -1.000000000000000000 ) ) ;
#2983 = ORIENTED_EDGE ( 'NONE', *, *, #3665, .F. ) ;
#2984 = CARTESIAN_POINT ( 'NONE',  ( 440.9999999999999432, 404.7464466094067461, 5.739228465968743365 ) ) ;
#2985 = VERTEX_POINT ( 'NONE', #9926 ) ;
#2986 = DIRECTION ( 'NONE',  ( -1.000000000000000000, -0.000000000000000000, -0.000000000000000000 ) ) ;
#2987 = CARTESIAN_POINT ( 'NONE',  ( 443.5622471567971274, 475.5071503367786363, -41.38081039544139372 ) ) ;
#2988 = ORIENTED_EDGE ( 'NONE', *, *, #9372, .F. ) ;
#2989 = DIRECTION ( 'NONE',  ( -1.000000000000000000, 2.996186134945139640E-16, 0.000000000000000000 ) ) ;
#2990 = AXIS2_PLACEMENT_3D ( 'NONE', #9057, #7512, #6732 ) ;
#2991 = AXIS2_PLACEMENT_3D ( 'NONE', #4755, #2239, #3794 ) ;
#2992 = CARTESIAN_POINT ( 'NONE',  ( 441.5000000000001137, 368.9938854097437115, -0.2091084966484926810 ) ) ;
#2993 = ORIENTED_EDGE ( 'NONE', *, *, #1824, .F. ) ;
#2994 = VECTOR ( 'NONE', #6878, 1000.000000000000000 ) ;
#2995 = DIRECTION ( 'NONE',  ( 0.000000000000000000, 0.000000000000000000, -1.000000000000000000 ) ) ;
#2996 = CYLINDRICAL_SURFACE ( 'NONE', #50, 4.000000000000003553 ) ;
#2997 = APPROVAL_STATUS ( 'not_yet_approved' ) ;
#2998 = ORIENTED_EDGE ( 'NONE', *, *, #7214, .T. ) ;
#2999 = CARTESIAN_POINT ( 'NONE',  ( 475.4999999999999432, 285.7438236647383292, 16.59122402630373116 ) ) ;
#3000 = ORIENTED_EDGE ( 'NONE', *, *, #9532, .T. ) ;
#3001 = CARTESIAN_POINT ( 'NONE',  ( 461.9999999999998863, 433.1000000000000227, -32.91514919502149894 ) ) ;
#3002 = CARTESIAN_POINT ( 'NONE',  ( 438.9138968553711493, 519.6281464585648564, 56.58485080497848685 ) ) ;
#3003 = EDGE_LOOP ( 'NONE', ( #8349, #8505, #501, #4703 ) ) ;
#3004 = LOCAL_TIME ( 20, 8, 0.000000000000000000, #5326 ) ;
#3005 = DIRECTION ( 'NONE',  ( 0.000000000000000000, 0.000000000000000000, 1.000000000000000000 ) ) ;
#3006 = VECTOR ( 'NONE', #6714, 1000.000000000000000 ) ;
#3007 = CARTESIAN_POINT ( 'NONE',  ( 447.4999999999999432, 368.9938854097437115, 17.49089150335155551 ) ) ;
#3008 = ORIENTED_EDGE ( 'NONE', *, *, #7115, .F. ) ;
#3009 = EDGE_CURVE ( 'NONE', #8538, #153, #8186, .T. ) ;
#3010 = EDGE_CURVE ( 'NONE', #3975, #2441, #8282, .T. ) ;
#3011 = PLANE ( 'NONE',  #2991 ) ;
#3012 = CIRCLE ( 'NONE', #5330, 4.000000000000000000 ) ;
#3013 = EDGE_CURVE ( 'NONE', #2358, #848, #5909, .T. ) ;
#3014 = CARTESIAN_POINT ( 'NONE',  ( 441.5000000000001137, 368.9938854097437115, 6.790891503351495828 ) ) ;
#3015 = PLANE ( 'NONE',  #8158 ) ;
#3016 =( BOUNDED_SURFACE ( )  B_SPLINE_SURFACE ( 3, 2, ( 
 ( #1545, #2954, #3152 ),
 ( #2276, #2373, #5465 ),
 ( #4647, #817, #3107 ),
 ( #8574, #3783, #1497 ) ),
 .UNSPECIFIED., .F., .F., .T. ) 
 B_SPLINE_SURFACE_WITH_KNOTS ( ( 4, 4 ),
 ( 3, 3 ),
 ( 0.000000000000000000, 2.545943441168564789E-05 ),
 ( 0.000000000000000000, 1.000000000000000000 ),
 .UNSPECIFIED. ) 
 GEOMETRIC_REPRESENTATION_ITEM ( )  RATIONAL_B_SPLINE_SURFACE ( (
 ( 1.000000000000000000, 0.7071067811865475727, 1.000000000000000000),
 ( 1.000000000000000000, 0.7070860782638108688, 1.000000000000000000),
 ( 1.000000000000000000, 0.7070649830650295176, 1.000000000000000000),
 ( 1.000000000000000000, 0.7070434980240223322, 1.000000000000000000) ) ) 
 REPRESENTATION_ITEM ( '' )  SURFACE ( )  );
#3017 = CARTESIAN_POINT ( 'NONE',  ( 451.3999999999998067, 291.9148029385701761, -27.37221429587290800 ) ) ;
#3019 = EDGE_CURVE ( 'NONE', #1361, #5240, #9854, .T. ) ;
#3018 = VECTOR ( 'NONE', #9934, 1000.000000000000000 ) ;
#3020 = EDGE_CURVE ( 'NONE', #6055, #5267, #9047, .T. ) ;
#3021 = CARTESIAN_POINT ( 'NONE',  ( 480.9999999999999432, 457.1000000000000796, -32.91514919502149894 ) ) ;
#3022 = ORIENTED_EDGE ( 'NONE', *, *, #9704, .F. ) ;
#3023 = CARTESIAN_POINT ( 'NONE',  ( 442.5999999999999659, 295.6806215255846269, -17.55443089977968896 ) ) ;
#3024 = CARTESIAN_POINT ( 'NONE',  ( 440.9999999999999432, 298.6295566919700946, -23.18747924257829496 ) ) ;
#3025 = EDGE_CURVE ( 'NONE', #1159, #7257, #7984, .T. ) ;
#3026 = CARTESIAN_POINT ( 'NONE',  ( 439.9999999999999432, 544.3960401170588739, 9.575977893880345704 ) ) ;
#3027 = EDGE_LOOP ( 'NONE', ( #1441, #9006 ) ) ;
#3028 = AXIS2_PLACEMENT_3D ( 'NONE', #1486, #3769, #6292 ) ;
#3029 = CIRCLE ( 'NONE', #3365, 4.000000000000003553 ) ;
#3030 = AXIS2_PLACEMENT_3D ( 'NONE', #9990, #1460, #2913 ) ;
#3031 = CARTESIAN_POINT ( 'NONE',  ( 440.9999999999998295, 424.8500000000000796, 8.317661049476738455 ) ) ;
#3032 = CARTESIAN_POINT ( 'NONE',  ( 447.9999930119811893, 471.8321976163135218, -36.79471755196289706 ) ) ;
#3033 = DIRECTION ( 'NONE',  ( 0.000000000000000000, 0.000000000000000000, 1.000000000000000000 ) ) ;
#3034 = VERTEX_POINT ( 'NONE', #4311 ) ;
#3035 = AXIS2_PLACEMENT_3D ( 'NONE', #1155, #2802, #2752 ) ;
#3036 = CONICAL_SURFACE ( 'NONE', #4374, 6.500000000000117240, 0.7853981633974418397 ) ;
#3037 = CARTESIAN_POINT ( 'NONE',  ( 442.6000000000000796, 294.3679832325256598, 23.81203254904205835 ) ) ;
#3038 = EDGE_LOOP ( 'NONE', ( #4063, #7615, #8519, #9138 ) ) ;
#3039 = CARTESIAN_POINT ( 'NONE',  ( 481.0009999999999195, 405.1000000000000227, -2.760771534031255303 ) ) ;
#3040 = VERTEX_POINT ( 'NONE', #9095 ) ;
#3041 = CARTESIAN_POINT ( 'NONE',  ( 413.9999999999999432, 446.6000000000000227, 45.08485080497850817 ) ) ;
#3042 = AXIS2_PLACEMENT_3D ( 'NONE', #1510, #4709, #3944 ) ;
#3043 = DIRECTION ( 'NONE',  ( 2.601736677730715002E-31, -1.049630672089176363E-15, 1.000000000000000000 ) ) ;
#3044 = ORIENTED_EDGE ( 'NONE', *, *, #1502, .T. ) ;
#3045 = AXIS2_PLACEMENT_3D ( 'NONE', #5058, #6760, #5997 ) ;
#3046 = CARTESIAN_POINT ( 'NONE',  ( 422.8526740142684730, 526.0728315120054503, -14.85001997201148960 ) ) ;
#3047 = ADVANCED_FACE ( 'NONE', ( #5121 ), #7755, .F. ) ;
#3048 = CARTESIAN_POINT ( 'NONE',  ( 446.8807187998689869, 297.7583426860641680, -24.74072193414046339 ) ) ;
#3049 = ORIENTED_EDGE ( 'NONE', *, *, #5066, .T. ) ;
#3050 = VECTOR ( 'NONE', #6470, 1000.000000000000227 ) ;
#3051 = CYLINDRICAL_SURFACE ( 'NONE', #9627, 6.499999999999970690 ) ;
#3052 = CARTESIAN_POINT ( 'NONE',  ( 442.9704475995686721, 534.7642728534395928, -20.00190160704636710 ) ) ;
#3053 = DIRECTION ( 'NONE',  ( 0.000000000000000000, 0.000000000000000000, 1.000000000000000000 ) ) ;
#3054 = VERTEX_POINT ( 'NONE', #3578 ) ;
#3055 = DIRECTION ( 'NONE',  ( 0.000000000000000000, 1.000000000000000000, 0.000000000000000000 ) ) ;
#3056 = CARTESIAN_POINT ( 'NONE',  ( 455.5636150706594663, 516.4246026596583761, 56.58485080497849395 ) ) ;
#3057 = VERTEX_POINT ( 'NONE', #360 ) ;
#3058 = DIRECTION ( 'NONE',  ( 0.000000000000000000, 1.000000000000000000, 0.000000000000000000 ) ) ;
#3059 = AXIS2_PLACEMENT_3D ( 'NONE', #5329, #5233, #10029 ) ;
#3060 = CARTESIAN_POINT ( 'NONE',  ( 418.8526740142684730, 526.9063499982117946, 38.78409237919146335 ) ) ;
#3061 = ORIENTED_EDGE ( 'NONE', *, *, #1091, .F. ) ;
#3062 = AXIS2_PLACEMENT_3D ( 'NONE', #7715, #770, #7811 ) ;
#3063 = CARTESIAN_POINT ( 'NONE',  ( 441.5000000000001137, 375.4938854097437684, -0.2091084966484805241 ) ) ;
#3064 = CARTESIAN_POINT ( 'NONE',  ( 420.8089688347579340, 531.1771911313993542, -23.21107297985341589 ) ) ;
#3065 = DIRECTION ( 'NONE',  ( 0.000000000000000000, -1.000000000000000000, 9.912705577010318647E-16 ) ) ;
#3066 = CARTESIAN_POINT ( 'NONE',  ( 451.3999999999998067, 289.2330427705764464, 27.05998245043818073 ) ) ;
#3067 = EDGE_CURVE ( 'NONE', #8420, #3210, #3525, .T. ) ;
#3068 = CARTESIAN_POINT ( 'NONE',  ( 451.3999999999999204, 297.7440199527865161, -30.82661866733539924 ) ) ;
#3069 = EDGE_CURVE ( 'NONE', #10113, #8139, #5782, .T. ) ;
#3070 = LINE ( 'NONE', #784, #4126 ) ;
#3071 = VERTEX_POINT ( 'NONE', #4062 ) ;
#3072 = CARTESIAN_POINT ( 'NONE',  ( 442.5999999999999659, 295.9913759840310377, -22.69520354593164058 ) ) ;
#3073 = PRODUCT_RELATED_PRODUCT_CATEGORY ( 'detail', '', ( #4413 ) ) ;
#3074 = FACE_OUTER_BOUND ( 'NONE', #1649, .T. ) ;
#3075 = CONICAL_SURFACE ( 'NONE', #7706, 25.00000000000001421, 0.7853981633974298493 ) ;
#3076 = EDGE_CURVE ( 'NONE', #3811, #9594, #2028, .T. ) ;
#3077 = EDGE_CURVE ( 'NONE', #1159, #6098, #7085, .T. ) ;
#3078 = CARTESIAN_POINT ( 'NONE',  ( 444.0000000000529212, 547.3145877881759134, 15.62169286211732810 ) ) ;
#3079 = ORIENTED_EDGE ( 'NONE', *, *, #8731, .F. ) ;
#3080 = CARTESIAN_POINT ( 'NONE',  ( 440.9999999999999432, 375.9938854097438252, 56.58485080497850817 ) ) ;
#3081 = DIRECTION ( 'NONE',  ( -1.000000000000000000, -0.000000000000000000, -0.000000000000000000 ) ) ;
#3082 = ADVANCED_FACE ( 'NONE', ( #6625 ), #5172, .F. ) ;
#3083 = CARTESIAN_POINT ( 'NONE',  ( 447.5000000000000568, 417.9425652311292083, -8.618036021060762053 ) ) ;
#3084 = CYLINDRICAL_SURFACE ( 'NONE', #6426, 4.000000000000000000 ) ;
#3085 = ORIENTED_EDGE ( 'NONE', *, *, #3597, .T. ) ;
#3086 = CIRCLE ( 'NONE', #8858, 9.999999999999998224 ) ;
#3087 = CARTESIAN_POINT ( 'NONE',  ( 440.9999999999998863, 461.5999999999999659, -6.760771534031158048 ) ) ;
#3088 = ORIENTED_EDGE ( 'NONE', *, *, #5288, .F. ) ;
#3089 = CARTESIAN_POINT ( 'NONE',  ( 448.5932000679999305, 303.3501970910192540, 24.98630178701351312 ) ) ;
#3090 = ORIENTED_EDGE ( 'NONE', *, *, #7168, .F. ) ;
#3091 = DIRECTION ( 'NONE',  ( -1.000000000000000000, 0.000000000000000000, 0.000000000000000000 ) ) ;
#3092 = DIRECTION ( 'NONE',  ( 0.000000000000000000, 0.000000000000000000, -1.000000000000000000 ) ) ;
#3093 = EDGE_LOOP ( 'NONE', ( #4372, #5864, #4020, #5609 ) ) ;
#3094 = VECTOR ( 'NONE', #5617, 1000.000000000000000 ) ;
#3095 = CARTESIAN_POINT ( 'NONE',  ( 444.0140279240281416, 538.3604643982594098, -7.763271607418591458 ) ) ;
#3096 = CARTESIAN_POINT ( 'NONE',  ( 443.9999999999999432, 534.3604643982597509, 23.62334978965654386 ) ) ;
#3097 = ORIENTED_EDGE ( 'NONE', *, *, #917, .F. ) ;
#3098 = EDGE_CURVE ( 'NONE', #473, #7121, #5652, .T. ) ;
#3099 = B_SPLINE_CURVE_WITH_KNOTS ( 'NONE', 3,
 ( #9649, #6397, #6500, #8824, #9432, #7222, #132, #4838, #2523, #3972 ),
 .UNSPECIFIED., .F., .F.,
 ( 4, 2, 2, 2, 4 ),
 ( 0.0003383442541685450686, 0.002282452152606518053, 0.004226560051044490549, 0.006170667949482463478, 0.008114775847920436408 ),
 .UNSPECIFIED. ) ;
#3100 = FACE_OUTER_BOUND ( 'NONE', #3236, .T. ) ;
#3101 = VECTOR ( 'NONE', #9464, 1000.000000000000000 ) ;
#3102 = VECTOR ( 'NONE', #4627, 1000.000000000000000 ) ;
#3103 = CARTESIAN_POINT ( 'NONE',  ( 442.5999999999999659, 294.8850411698556400, 18.19730792473597702 ) ) ;
#3104 = CARTESIAN_POINT ( 'NONE',  ( 336.0902124738105385, 350.1336969887955206, 33.08659008728884032 ) ) ;
#3105 = EDGE_CURVE ( 'NONE', #2958, #168, #5072, .T. ) ;
#3106 = COORDINATED_UNIVERSAL_TIME_OFFSET ( 8, 0, .BEHIND. ) ;
#3107 = CARTESIAN_POINT ( 'NONE',  ( 447.9999976658888841, 471.8160622474409820, -36.79998385698680607 ) ) ;
#3108 = ORIENTED_EDGE ( 'NONE', *, *, #595, .T. ) ;
#3109 = CARTESIAN_POINT ( 'NONE',  ( 480.9999999999999432, 368.6336969887955775, 37.50950450849854434 ) ) ;
#3110 = ORIENTED_EDGE ( 'NONE', *, *, #10229, .F. ) ;
#3111 = CARTESIAN_POINT ( 'NONE',  ( 441.0000000000000000, 327.5394627972502235, 12.17533480644861577 ) ) ;
#3112 = CIRCLE ( 'NONE', #3615, 1.250000000000028866 ) ;
#3113 = FACE_OUTER_BOUND ( 'NONE', #8273, .T. ) ;
#3114 = ORIENTED_EDGE ( 'NONE', *, *, #9012, .F. ) ;
#3115 = DIRECTION ( 'NONE',  ( 0.000000000000000000, 0.000000000000000000, 1.000000000000000000 ) ) ;
#3116 = FACE_OUTER_BOUND ( 'NONE', #5332, .T. ) ;
#3117 = CARTESIAN_POINT ( 'NONE',  ( 447.4999999999999432, 417.9425647428518573, 20.09649315644715983 ) ) ;
#3118 = AXIS2_PLACEMENT_3D ( 'NONE', #4486, #9950, #8635 ) ;
#3119 = CARTESIAN_POINT ( 'NONE',  ( 429.6526740142684275, 542.0104643982598418, 18.20972080497858059 ) ) ;
#3120 = CARTESIAN_POINT ( 'NONE',  ( 445.3999999999422243, 294.3674953516547816, 23.87077005160977805 ) ) ;
#3121 = CARTESIAN_POINT ( 'NONE',  ( 451.3999999999999773, 299.0256672298665421, -24.96071808205227072 ) ) ;
#3122 = CARTESIAN_POINT ( 'NONE',  ( 413.9999999999998863, 549.6252293931913755, 12.08754566221175253 ) ) ;
#3123 = ORIENTED_EDGE ( 'NONE', *, *, #4539, .T. ) ;
#3124 = CARTESIAN_POINT ( 'NONE',  ( 442.5999999999998522, 297.2635907012974599, -24.22514246907164548 ) ) ;
#3125 = DIRECTION ( 'NONE',  ( 1.000000000000000000, 0.000000000000000000, 0.000000000000000000 ) ) ;
#3126 = CARTESIAN_POINT ( 'NONE',  ( 449.5000000000000568, 429.6000000000001364, 38.58485080497851527 ) ) ;
#3127 = EDGE_LOOP ( 'NONE', ( #5129, #7664 ) ) ;
#3128 = DIRECTION ( 'NONE',  ( 1.000000000000000000, 0.000000000000000000, 0.000000000000000000 ) ) ;
#3129 = CARTESIAN_POINT ( 'NONE',  ( 463.3999999999999204, 297.8844405247982081, 16.48229637546774029 ) ) ;
#3130 = CARTESIAN_POINT ( 'NONE',  ( 451.0482109007587042, 421.5760112465589486, -3.336991566325835379 ) ) ;
#3131 = CARTESIAN_POINT ( 'NONE',  ( 447.5000000000000568, 12.37830276209743730, -51.77549897883143615 ) ) ;
#3132 = VERTEX_POINT ( 'NONE', #943 ) ;
#3133 = CIRCLE ( 'NONE', #8911, 4.000000000000003553 ) ;
#3134 = EDGE_CURVE ( 'NONE', #559, #8110, #3133, .T. ) ;
#3135 = FACE_OUTER_BOUND ( 'NONE', #9675, .T. ) ;
#3136 = ADVANCED_FACE ( 'NONE', ( #8035 ), #4163, .T. ) ;
#3137 = EDGE_CURVE ( 'NONE', #1171, #3293, #1724, .T. ) ;
#3138 = EDGE_LOOP ( 'NONE', ( #3301, #1905, #9371, #6121 ) ) ;
#3139 = CARTESIAN_POINT ( 'NONE',  ( 443.9999999999999432, 538.8899563225710381, -7.728071514360776106 ) ) ;
#3140 = ORIENTED_EDGE ( 'NONE', *, *, #6198, .F. ) ;
#3141 = LINE ( 'NONE', #5315, #8317 ) ;
#3142 = CARTESIAN_POINT ( 'NONE',  ( 481.0009999999999195, 421.6000000000000227, -2.760771534031253527 ) ) ;
#3143 = EDGE_LOOP ( 'NONE', ( #5280, #5789 ) ) ;
#3144 = LINE ( 'NONE', #5676, #5388 ) ;
#3145 = CYLINDRICAL_SURFACE ( 'NONE', #1549, 4.000000000000003553 ) ;
#3146 = VERTEX_POINT ( 'NONE', #2495 ) ;
#3147 = AXIS2_PLACEMENT_3D ( 'NONE', #323, #2558, #5711 ) ;
#3148 = LINE ( 'NONE', #80, #3864 ) ;
#3149 = FACE_OUTER_BOUND ( 'NONE', #2082, .T. ) ;
#3150 = CARTESIAN_POINT ( 'NONE',  ( 421.4648463447682047, 517.6814599718105683, 56.58485080497849395 ) ) ;
#3151 = ORIENTED_EDGE ( 'NONE', *, *, #187, .T. ) ;
#3152 = CARTESIAN_POINT ( 'NONE',  ( 447.9999999999999432, 471.7837417176215808, -36.81036225997797118 ) ) ;
#3153 = VERTEX_POINT ( 'NONE', #52 ) ;
#3154 = CARTESIAN_POINT ( 'NONE',  ( 448.4217138822252764, 295.5434337758791230, 15.78630606636774125 ) ) ;
#3155 = EDGE_CURVE ( 'NONE', #4302, #9868, #2445, .T. ) ;
#3156 = AXIS2_PLACEMENT_3D ( 'NONE', #3007, #6975, #9246 ) ;
#3157 = DIRECTION ( 'NONE',  ( 0.000000000000000000, -1.000000000000000000, 1.374084517793742623E-16 ) ) ;
#3158 = ORIENTED_EDGE ( 'NONE', *, *, #9251, .T. ) ;
#3159 = CARTESIAN_POINT ( 'NONE',  ( 479.3999999999999204, 276.9938854097435978, 0.1778581151391607218 ) ) ;
#3160 = CARTESIAN_POINT ( 'NONE',  ( 442.6000000000000796, 296.4465794984730564, -23.41691735930663754 ) ) ;
#3161 = ORIENTED_EDGE ( 'NONE', *, *, #428, .F. ) ;
#3162 = CARTESIAN_POINT ( 'NONE',  ( 429.6526740142684275, 504.7104643982598304, 9.929720804978485305 ) ) ;
#3163 = FACE_OUTER_BOUND ( 'NONE', #7268, .T. ) ;
#3164 = CARTESIAN_POINT ( 'NONE',  ( 444.5932000679999305, 306.5429894958665500, 28.83416829451469710 ) ) ;
#3165 = CARTESIAN_POINT ( 'NONE',  ( 448.4217138822252764, 296.4863378419894389, -14.23580520167411656 ) ) ;
#3166 = AXIS2_PLACEMENT_3D ( 'NONE', #9561, #4972, #4916 ) ;
#3167 = CARTESIAN_POINT ( 'NONE',  ( 445.3999999999780925, 296.8832207816361688, 26.49911636458377018 ) ) ;
#3168 = CARTESIAN_POINT ( 'NONE',  ( 440.9999999999997158, 296.7276207966301058, 24.58445347889115595 ) ) ;
#3169 = CARTESIAN_POINT ( 'NONE',  ( 451.3999999999999773, 298.9417613544109713, -24.94615277636340167 ) ) ;
#3170 = CARTESIAN_POINT ( 'NONE',  ( 463.3999999999999204, 309.2348964336476911, -20.64321794150336586 ) ) ;
#3171 = ORIENTED_EDGE ( 'NONE', *, *, #4964, .F. ) ;
#3172 = VECTOR ( 'NONE', #10221, 1000.000000000000000 ) ;
#3173 = CARTESIAN_POINT ( 'NONE',  ( 442.5999999999999091, 296.1260130476450740, -22.93974557765985267 ) ) ;
#3174 = CARTESIAN_POINT ( 'NONE',  ( 465.9999999999998863, 433.1000000000000227, 46.58485080497851527 ) ) ;
#3175 = DIRECTION ( 'NONE',  ( -1.000000000000000000, 2.996186134945139640E-16, 0.000000000000000000 ) ) ;
#3176 = CARTESIAN_POINT ( 'NONE',  ( 420.4691390977331480, 521.5976552460897437, 41.67005201591393870 ) ) ;
#3177 = ORIENTED_EDGE ( 'NONE', *, *, #8620, .F. ) ;
#3178 = VECTOR ( 'NONE', #126, 1000.000000000000000 ) ;
#3179 = FACE_OUTER_BOUND ( 'NONE', #3689, .T. ) ;
#3180 = DIRECTION ( 'NONE',  ( -1.000000000000000000, -2.478716320810480276E-16, -0.000000000000000000 ) ) ;
#3181 = CARTESIAN_POINT ( 'NONE',  ( 465.9999999999998863, 449.6000000000000796, 50.58485080497851527 ) ) ;
#3182 = CARTESIAN_POINT ( 'NONE',  ( 447.4999999999999432, 413.6000000000000227, 40.03443545679897397 ) ) ;
#3183 = EDGE_LOOP ( 'NONE', ( #883, #9688, #7531, #3733, #6885, #8016, #3266, #609, #3703, #5452, #5883 ) ) ;
#3184 = CARTESIAN_POINT ( 'NONE',  ( 416.5503496965765748, 534.8501219588828235, -19.98953217022540940 ) ) ;
#3185 = ORIENTED_EDGE ( 'NONE', *, *, #7504, .F. ) ;
#3186 = FACE_OUTER_BOUND ( 'NONE', #71, .T. ) ;
#3187 = VERTEX_POINT ( 'NONE', #7247 ) ;
#3188 = FACE_OUTER_BOUND ( 'NONE', #2116, .T. ) ;
#3189 = CARTESIAN_POINT ( 'NONE',  ( 418.9975017104545714, 518.0522280882328232, 56.56942353198849815 ) ) ;
#3190 = ORIENTED_EDGE ( 'NONE', *, *, #1819, .T. ) ;
#3191 = LINE ( 'NONE', #8060, #1935 ) ;
#3192 = CARTESIAN_POINT ( 'NONE',  ( 447.5000000000000000, 366.4938854097437115, 3.846832232592027189E-13 ) ) ;
#3193 = EDGE_CURVE ( 'NONE', #9648, #9972, #8850, .T. ) ;
#3194 = VERTEX_POINT ( 'NONE', #8794 ) ;
#3195 = AXIS2_PLACEMENT_3D ( 'NONE', #7496, #9045, #6516 ) ;
#3196 = ADVANCED_FACE ( 'NONE', ( #7139 ), #4761, .F. ) ;
#3197 = CARTESIAN_POINT ( 'NONE',  ( 441.0000000000000000, 361.9938854097435978, 6.790891503351486058 ) ) ;
#3198 = CARTESIAN_POINT ( 'NONE',  ( 442.6000000000000227, 295.1973276245042257, 25.30717258053860874 ) ) ;
#3199 = VECTOR ( 'NONE', #8480, 1000.000000000000000 ) ;
#3200 = ORIENTED_EDGE ( 'NONE', *, *, #9677, .F. ) ;
#3201 = CARTESIAN_POINT ( 'NONE',  ( 438.9089653438085747, 489.5668708588109439, -26.14600096997788725 ) ) ;
#3203 = ORIENTED_EDGE ( 'NONE', *, *, #5698, .T. ) ;
#3202 = CIRCLE ( 'NONE', #6836, 6.499999999999839240 ) ;
#3204 = CARTESIAN_POINT ( 'NONE',  ( 449.7984095478692552, 293.1067011202007393, 25.62186809860848768 ) ) ;
#3205 = CARTESIAN_POINT ( 'NONE',  ( 414.1782761396821115, 532.0103095167042966, 42.33019106464630710 ) ) ;
#3206 = VERTEX_POINT ( 'NONE', #3322 ) ;
#3207 = EDGE_CURVE ( 'NONE', #6403, #4656, #6473, .T. ) ;
#3208 = CARTESIAN_POINT ( 'NONE',  ( 448.4179425595643806, 429.6000000000001364, 14.32620404654364421 ) ) ;
#3209 = CARTESIAN_POINT ( 'NONE',  ( 442.5999999999999659, 295.4014444798511931, -18.91834944538880947 ) ) ;
#3210 = VERTEX_POINT ( 'NONE', #7086 ) ;
#3211 = CIRCLE ( 'NONE', #1070, 6.499999999999995559 ) ;
#3212 = ADVANCED_FACE ( 'NONE', ( #8742 ), #833, .F. ) ;
#3213 = DIRECTION ( 'NONE',  ( 0.000000000000000000, 0.000000000000000000, 1.000000000000000000 ) ) ;
#3214 = CARTESIAN_POINT ( 'NONE',  ( 440.9999999999999432, 461.5999999999999659, 30.00000000000000000 ) ) ;
#3215 = CARTESIAN_POINT ( 'NONE',  ( 440.9999999999998295, 297.1022979693036632, 17.59510752995336347 ) ) ;
#3216 = VERTEX_POINT ( 'NONE', #7299 ) ;
#3217 = CARTESIAN_POINT ( 'NONE',  ( 440.9999999999999432, 415.1000000000000227, 21.09278185656203419 ) ) ;
#3218 = CARTESIAN_POINT ( 'NONE',  ( 451.2438360600098690, 293.5336661333057009, -12.05245674708752901 ) ) ;
#3219 = AXIS2_PLACEMENT_3D ( 'NONE', #941, #1105, #4266 ) ;
#3220 = CARTESIAN_POINT ( 'NONE',  ( 451.4000000000000341, 288.0406347723335898, 21.32335695500114880 ) ) ;
#3221 = B_SPLINE_CURVE_WITH_KNOTS ( 'NONE', 3,
 ( #4946, #9647, #3189, #2578, #4188, #8822 ),
 .UNSPECIFIED., .F., .F.,
 ( 4, 2, 4 ),
 ( 0.000000000000000000, 0.5000000000000000000, 1.000000000000000000 ),
 .UNSPECIFIED. ) ;
#3222 = DIRECTION ( 'NONE',  ( 1.000000000000000000, 0.000000000000000000, 0.000000000000000000 ) ) ;
#3223 = CARTESIAN_POINT ( 'NONE',  ( 451.3999999999999204, 297.8796161676560246, -30.85143515588125140 ) ) ;
#3224 = CARTESIAN_POINT ( 'NONE',  ( 413.9999999999997726, 546.4121948366251900, 21.50254833934983978 ) ) ;
#3225 = VERTEX_POINT ( 'NONE', #213 ) ;
#3226 = CIRCLE ( 'NONE', #906, 3.999999999999982681 ) ;
#3227 = CARTESIAN_POINT ( 'NONE',  ( 442.5999999999999659, 297.6655527246024917, -24.48897417013451161 ) ) ;
#3228 = DIRECTION ( 'NONE',  ( -2.478716320810480276E-16, 1.000000000000000000, 0.000000000000000000 ) ) ;
#3229 = LINE ( 'NONE', #4818, #2061 ) ;
#3230 = EDGE_CURVE ( 'NONE', #9866, #753, #7980, .T. ) ;
#3231 = CARTESIAN_POINT ( 'NONE',  ( 451.4999999999999432, 362.4938854097437115, -10.90910849664849991 ) ) ;
#3232 = DIRECTION ( 'NONE',  ( 0.000000000000000000, 1.387778780781445922E-16, 1.000000000000000000 ) ) ;
#3233 = CARTESIAN_POINT ( 'NONE',  ( 444.3264072501831947, 536.3460352271023339, -7.228670408435866612 ) ) ;
#3234 = DIRECTION ( 'NONE',  ( -0.000000000000000000, -0.000000000000000000, -1.000000000000000000 ) ) ;
#3235 = CARTESIAN_POINT ( 'NONE',  ( 441.3535533905932198, 415.1000000000000227, -2.760771534031255303 ) ) ;
#3236 = EDGE_LOOP ( 'NONE', ( #1076, #79, #6503, #2057 ) ) ;
#3237 = CARTESIAN_POINT ( 'NONE',  ( 440.9999999999999432, 375.9938854097438252, 6.790891503351500269 ) ) ;
#3238 = ADVANCED_FACE ( 'NONE', ( #10236 ), #1840, .F. ) ;
#3239 = B_SPLINE_CURVE_WITH_KNOTS ( 'NONE', 3,
 ( #2776, #5049, #5146, #1796, #1954, #4994, #5776, #5886, #8868, #1229, #8212, #8921, #7423, #4940, #5722, #8107, #3343, #1851, #9640, #5097, #6491, #3451, #6599, #9742, #1125, #4287, #9026, #4390, #176, #2572, #4182, #7321, #238, #2150, #6945, #4534, #490, #9118, #637, #8360, #9903, #1472, #8455, #3709, #6124, #586, #7529, #7678, #1378, #1426, #3024, #6078, #4577, #7729, #5254, #2822 ),
 .UNSPECIFIED., .F., .F.,
 ( 4, 2, 2, 2, 2, 2, 2, 2, 2, 2, 2, 2, 2, 2, 2, 2, 2, 2, 2, 2, 2, 2, 2, 2, 2, 2, 2, 4 ),
 ( 0.000000000000000000, 0.06250000000000000000, 0.1250000000000000000, 0.1875000000000000000, 0.2500000000000000000, 0.2812500000000000000, 0.3125000000000000000, 0.3437499999999999445, 0.3750000000000000000, 0.4375000000000000000, 0.5000000000000000000, 0.5312500000000000000, 0.5625000000000000000, 0.5937500000000000000, 0.6250000000000000000, 0.6874999999999998890, 0.7187499999999998890, 0.7500000000000000000, 0.7812500000000001110, 0.8125000000000001110, 0.8437500000000001110, 0.8750000000000000000, 0.8906250000000001110, 0.9062500000000000000, 0.9218749999999998890, 0.9375000000000000000, 0.9687500000000000000, 1.000000000000000000 ),
 .UNSPECIFIED. ) ;
#3240 = VERTEX_POINT ( 'NONE', #6087 ) ;
#3241 = DIRECTION ( 'NONE',  ( 0.000000000000000000, -1.000000000000000000, 0.000000000000000000 ) ) ;
#3242 = ORIENTED_EDGE ( 'NONE', *, *, #2270, .T. ) ;
#3243 = CARTESIAN_POINT ( 'NONE',  ( 480.9999999999999432, 298.1822728734032921, -18.72458185143196019 ) ) ;
#3244 = DIRECTION ( 'NONE',  ( -0.7071067811865477948, 7.009341333409702739E-16, -0.7071067811865473507 ) ) ;
#3245 = AXIS2_PLACEMENT_3D ( 'NONE', #4596, #2362, #10211 ) ;
#3246 = VERTEX_POINT ( 'NONE', #5403 ) ;
#3247 = CARTESIAN_POINT ( 'NONE',  ( 452.8607769611309095, 520.8631485070452527, 46.58485080497850106 ) ) ;
#3248 = CIRCLE ( 'NONE', #9334, 25.00000000000001421 ) ;
#3249 = DIRECTION ( 'NONE',  ( 0.000000000000000000, 0.000000000000000000, -1.000000000000000000 ) ) ;
#3250 = ORIENTED_EDGE ( 'NONE', *, *, #1406, .T. ) ;
#3251 = FACE_OUTER_BOUND ( 'NONE', #2795, .T. ) ;
#3252 = CARTESIAN_POINT ( 'NONE',  ( 442.5999999999996817, 294.6351752155924260, 24.44562270036028195 ) ) ;
#3253 = ORIENTED_EDGE ( 'NONE', *, *, #5350, .T. ) ;
#3254 = DIRECTION ( 'NONE',  ( 0.000000000000000000, 0.000000000000000000, -1.000000000000000000 ) ) ;
#3255 = EDGE_LOOP ( 'NONE', ( #3171, #9954, #1177, #348 ) ) ;
#3256 = DIRECTION ( 'NONE',  ( 0.000000000000000000, -1.000000000000000000, 0.000000000000000000 ) ) ;
#3257 = CARTESIAN_POINT ( 'NONE',  ( 455.5814202878559058, 516.4644913193277489, 56.58485080498473963 ) ) ;
#3258 = VERTEX_POINT ( 'NONE', #2113 ) ;
#3259 = CARTESIAN_POINT ( 'NONE',  ( 449.5000000000000000, 429.5999999999999659, 18.23922846596880731 ) ) ;
#3260 = DIRECTION ( 'NONE',  ( 2.410776604349946092E-16, -0.9725907656757107889, -0.2325235526185131241 ) ) ;
#3261 = ORIENTED_EDGE ( 'NONE', *, *, #2508, .T. ) ;
#3262 = AXIS2_PLACEMENT_3D ( 'NONE', #6197, #4734, #9280 ) ;
#3263 = CARTESIAN_POINT ( 'NONE',  ( 445.7500000000000568, 453.1000000000000227, -28.41514919502152381 ) ) ;
#3264 = CARTESIAN_POINT ( 'NONE',  ( 448.0000000000000568, 8.427883362387744087E-15, 46.58485080497850106 ) ) ;
#3265 = CARTESIAN_POINT ( 'NONE',  ( 441.1523006980261812, 421.8012526925670045, 14.23922846596874692 ) ) ;
#3266 = ORIENTED_EDGE ( 'NONE', *, *, #4769, .T. ) ;
#3267 = EDGE_CURVE ( 'NONE', #8155, #3034, #6765, .T. ) ;
#3268 = CARTESIAN_POINT ( 'NONE',  ( 413.9999999999999432, 451.1750022177633355, 9.584850804978508165 ) ) ;
#3269 = FACE_OUTER_BOUND ( 'NONE', #5516, .T. ) ;
#3270 = ADVANCED_FACE ( 'NONE', ( #1239 ), #3763, .F. ) ;
#3271 = CARTESIAN_POINT ( 'NONE',  ( 451.3999999999641659, 294.8370256258197628, 24.80441335283294890 ) ) ;
#3272 = CIRCLE ( 'NONE', #5750, 4.000000000000027534 ) ;
#3273 = DIRECTION ( 'NONE',  ( 1.000000000000000000, 0.000000000000000000, 0.000000000000000000 ) ) ;
#3274 = EDGE_LOOP ( 'NONE', ( #2998, #9629, #5762 ) ) ;
#3275 = DIRECTION ( 'NONE',  ( 1.000000000000000000, 0.000000000000000000, 0.000000000000000000 ) ) ;
#3276 = ADVANCED_FACE ( 'NONE', ( #4497 ), #1290, .F. ) ;
#3277 = VECTOR ( 'NONE', #6796, 1000.000000000000000 ) ;
#3278 = FACE_BOUND ( 'NONE', #8283, .T. ) ;
#3279 = CARTESIAN_POINT ( 'NONE',  ( 475.0732000679998919, 389.2132045783019407, 48.59867026708832327 ) ) ;
#3280 = DIRECTION ( 'NONE',  ( 1.000000000000000000, 0.000000000000000000, 0.000000000000000000 ) ) ;
#3281 = CARTESIAN_POINT ( 'NONE',  ( 418.0162180190541790, 527.5165816530764005, 43.46658114719797084 ) ) ;
#3282 = ADVANCED_FACE ( 'NONE', ( #2887 ), #3619, .F. ) ;
#3283 = DIRECTION ( 'NONE',  ( 0.000000000000000000, 0.000000000000000000, 1.000000000000000000 ) ) ;
#3284 = DIRECTION ( 'NONE',  ( -0.000000000000000000, 2.365499919840624750E-15, 1.000000000000000000 ) ) ;
#3285 = CARTESIAN_POINT ( 'NONE',  ( 422.8526740142684730, 526.0728315120054503, 39.47190577165515890 ) ) ;
#3286 = DIRECTION ( 'NONE',  ( 0.000000000000000000, 0.000000000000000000, -1.000000000000000000 ) ) ;
#3287 = EDGE_LOOP ( 'NONE', ( #8918, #1230, #6815, #1401 ) ) ;
#3288 = ADVANCED_FACE ( 'NONE', ( #8418 ), #1338, .T. ) ;
#3289 = AXIS2_PLACEMENT_3D ( 'NONE', #7004, #9370, #7784 ) ;
#3290 = CARTESIAN_POINT ( 'NONE',  ( 424.2802384986607649, 537.0835584806934548, -19.71235276770266864 ) ) ;
#3291 = ORIENTED_EDGE ( 'NONE', *, *, #7815, .F. ) ;
#3292 = DIRECTION ( 'NONE',  ( -0.000000000000000000, -1.000000000000000000, 1.374084517793742623E-16 ) ) ;
#3293 = VERTEX_POINT ( 'NONE', #10008 ) ;
#3294 = DIRECTION ( 'NONE',  ( 0.5150380749100501587, 0.000000000000000000, 0.8571673007021147761 ) ) ;
#3295 = DIRECTION ( 'NONE',  ( -1.000000000000000000, -0.000000000000000000, -0.000000000000000000 ) ) ;
#3296 = VERTEX_POINT ( 'NONE', #6906 ) ;
#3297 = MANIFOLD_SOLID_BREP ( '<Left Front Suspension Upright (Updated)>-<Fillet42>', #7682 ) ;
#3298 = CARTESIAN_POINT ( 'NONE',  ( 451.3999999999999204, 285.7438236647383292, 16.59122402630373116 ) ) ;
#3299 = VECTOR ( 'NONE', #8560, 1000.000000000000114 ) ;
#3300 = CARTESIAN_POINT ( 'NONE',  ( 443.4999999999999432, 400.9000000000000341, -2.760771534031251750 ) ) ;
#3301 = ORIENTED_EDGE ( 'NONE', *, *, #9202, .T. ) ;
#3302 = DIRECTION ( 'NONE',  ( -1.000000000000000000, 2.996186134945139640E-16, 0.000000000000000000 ) ) ;
#3303 = CARTESIAN_POINT ( 'NONE',  ( 442.5999999999999091, 296.2815942312703328, 26.22196826072065790 ) ) ;
#3304 = VERTEX_POINT ( 'NONE', #2935 ) ;
#3305 = CARTESIAN_POINT ( 'NONE',  ( 480.9999999999999432, 362.4938854097437115, 3.804847005708461026E-13 ) ) ;
#3306 = ORIENTED_EDGE ( 'NONE', *, *, #286, .T. ) ;
#3307 = DIRECTION ( 'NONE',  ( 1.000000000000000000, 0.000000000000000000, 0.000000000000000000 ) ) ;
#3308 = CARTESIAN_POINT ( 'NONE',  ( 455.6718540235854107, 516.6670881127839721, 56.53205741521449568 ) ) ;
#3309 = ORIENTED_EDGE ( 'NONE', *, *, #1948, .F. ) ;
#3310 = DIRECTION ( 'NONE',  ( 1.000000000000000000, 0.000000000000000000, 0.000000000000000000 ) ) ;
#3311 = CARTESIAN_POINT ( 'NONE',  ( 442.6000000000003070, 295.3491956303533357, -19.62133764064270380 ) ) ;
#3312 = ORIENTED_EDGE ( 'NONE', *, *, #8960, .F. ) ;
#3313 = CARTESIAN_POINT ( 'NONE',  ( 445.7499999999998863, 429.6000000000000227, -28.41514919502152026 ) ) ;
#3314 = DIRECTION ( 'NONE',  ( 0.000000000000000000, -0.9852652672482568041, 0.1710331931357803315 ) ) ;
#3315 = CARTESIAN_POINT ( 'NONE',  ( 440.9999999999997726, 296.2114205811120655, 19.14568563947667457 ) ) ;
#3316 = AXIS2_PLACEMENT_3D ( 'NONE', #4873, #8855, #3544 ) ;
#3317 = ORIENTED_EDGE ( 'NONE', *, *, #1581, .F. ) ;
#3318 = DIRECTION ( 'NONE',  ( 1.000000000000000000, -2.996186134945139640E-16, -0.000000000000000000 ) ) ;
#3319 = CARTESIAN_POINT ( 'NONE',  ( 418.0906542444878369, 519.6599541746506929, 56.35330583367064605 ) ) ;
#3320 = CARTESIAN_POINT ( 'NONE',  ( 451.4000000000000341, 295.5694271387422987, 32.37357907479351837 ) ) ;
#3321 = EDGE_CURVE ( 'NONE', #8129, #8357, #7102, .T. ) ;
#3322 = CARTESIAN_POINT ( 'NONE',  ( 447.5000000000000000, 305.3569369434741816, 17.04609180141902769 ) ) ;
#3323 = CARTESIAN_POINT ( 'NONE',  ( 449.9210414882144278, 525.9549197069491129, 44.75525322684931240 ) ) ;
#3324 = VERTEX_POINT ( 'NONE', #9423 ) ;
#3325 = EDGE_CURVE ( 'NONE', #3153, #4081, #5054, .T. ) ;
#3326 = ADVANCED_FACE ( 'NONE', ( #5611 ), #1482, .F. ) ;
#3327 = LINE ( 'NONE', #111, #665 ) ;
#3328 = CIRCLE ( 'NONE', #7117, 32.99999999999997158 ) ;
#3329 = CYLINDRICAL_SURFACE ( 'NONE', #1069, 1.649999999999984812 ) ;
#3330 = FACE_OUTER_BOUND ( 'NONE', #7564, .T. ) ;
#3331 = CARTESIAN_POINT ( 'NONE',  ( 423.5953439355988621, 526.8215204128699725, 44.04014062729103074 ) ) ;
#3332 = ORIENTED_EDGE ( 'NONE', *, *, #1317, .T. ) ;
#3333 = CARTESIAN_POINT ( 'NONE',  ( 444.8302274578362017, 534.8975159846060023, -5.781802598048585651 ) ) ;
#3334 = EDGE_CURVE ( 'NONE', #7023, #9644, #7158, .T. ) ;
#3335 = AXIS2_PLACEMENT_3D ( 'NONE', #2654, #1102, #5178 ) ;
#3336 = CARTESIAN_POINT ( 'NONE',  ( 451.4000000000000341, 289.4824923668378460, -17.68061603624871125 ) ) ;
#3337 = CIRCLE ( 'NONE', #1027, 2.000000000000001776 ) ;
#3338 = CARTESIAN_POINT ( 'NONE',  ( 447.5000000000000000, 366.4938854097437115, -10.90910849664849813 ) ) ;
#3339 = ORIENTED_EDGE ( 'NONE', *, *, #7582, .F. ) ;
#3340 = EDGE_CURVE ( 'NONE', #645, #4681, #4631, .T. ) ;
#3341 = CARTESIAN_POINT ( 'NONE',  ( 440.0000000000001137, 539.7592284206298245, 21.51422962158718732 ) ) ;
#3342 = DIRECTION ( 'NONE',  ( 1.000000000000000000, 2.478716320810480276E-16, 0.000000000000000000 ) ) ;
#3343 = CARTESIAN_POINT ( 'NONE',  ( 440.9999999999998295, 297.0645775986882313, -18.64177747230913340 ) ) ;
#3344 = AXIS2_PLACEMENT_3D ( 'NONE', #6140, #5451, #1440 ) ;
#3345 = ORIENTED_EDGE ( 'NONE', *, *, #5936, .F. ) ;
#3346 = DIRECTION ( 'NONE',  ( 0.000000000000000000, -0.2325235526185134294, 0.9725907656757108999 ) ) ;
#3347 = ORIENTED_EDGE ( 'NONE', *, *, #607, .F. ) ;
#3348 = LINE ( 'NONE', #1079, #8865 ) ;
#3349 = ORIENTED_EDGE ( 'NONE', *, *, #3013, .T. ) ;
#3350 = DIRECTION ( 'NONE',  ( 0.7071067811865449082, 0.000000000000000000, 0.7071067811865502373 ) ) ;
#3351 = CARTESIAN_POINT ( 'NONE',  ( 413.9999999999999432, 422.6174999999979605, 56.58485080497850817 ) ) ;
#3352 = ORIENTED_EDGE ( 'NONE', *, *, #4097, .F. ) ;
#3353 = APPLICATION_CONTEXT ( 'configuration controlled 3d designs of mechanical parts and assemblies' ) ;
#3354 = AXIS2_PLACEMENT_3D ( 'NONE', #2072, #3624, #405 ) ;
#3355 = CARTESIAN_POINT ( 'NONE',  ( 441.0000000000001705, 295.8506276817383878, 23.19857366956432543 ) ) ;
#3356 = FACE_OUTER_BOUND ( 'NONE', #604, .T. ) ;
#3357 = ORIENTED_EDGE ( 'NONE', *, *, #1652, .T. ) ;
#3358 = DIRECTION ( 'NONE',  ( 1.000000000000000000, 2.478716320810480276E-16, 0.000000000000000000 ) ) ;
#3359 = ORIENTED_EDGE ( 'NONE', *, *, #6876, .F. ) ;
#3360 = DIRECTION ( 'NONE',  ( 0.000000000000000000, 0.000000000000000000, 1.000000000000000000 ) ) ;
#3361 = CARTESIAN_POINT ( 'NONE',  ( 426.9753764296418126, 523.9843731883154305, 54.94592712773053478 ) ) ;
#3362 = EDGE_CURVE ( 'NONE', #410, #3822, #8710, .T. ) ;
#3363 = VERTEX_POINT ( 'NONE', #8605 ) ;
#3364 = AXIS2_PLACEMENT_3D ( 'NONE', #6823, #9981, #7449 ) ;
#3365 = AXIS2_PLACEMENT_3D ( 'NONE', #8379, #9090, #6620 ) ;
#3366 = CARTESIAN_POINT ( 'NONE',  ( 449.5000000000000568, 436.1000000000000227, 38.58485080497850817 ) ) ;
#3367 = VECTOR ( 'NONE', #1504, 1000.000000000000114 ) ;
#3368 = CARTESIAN_POINT ( 'NONE',  ( 444.5932000679999305, 389.9107752361574057, 45.68089797006117436 ) ) ;
#3369 = VERTEX_POINT ( 'NONE', #3237 ) ;
#3370 = VECTOR ( 'NONE', #5419, 1000.000000000000000 ) ;
#3371 = TOROIDAL_SURFACE ( 'NONE', #878, 37.00000000000000711, 4.000000000000000000 ) ;
#3372 = CARTESIAN_POINT ( 'NONE',  ( 451.3999999999998636, 289.7623305892093981, -16.42843820952666434 ) ) ;
#3373 = VECTOR ( 'NONE', #6398, 1000.000000000000000 ) ;
#3374 = CARTESIAN_POINT ( 'NONE',  ( 453.6999999999999318, 421.6000000000000227, 5.739228465968748694 ) ) ;
#3375 = CARTESIAN_POINT ( 'NONE',  ( 440.9999999999997726, 295.8677609391153283, 20.12226997264427553 ) ) ;
#3376 = ORIENTED_EDGE ( 'NONE', *, *, #1848, .T. ) ;
#3377 = DIRECTION ( 'NONE',  ( -1.000000000000000000, -2.478716320810480276E-16, -0.000000000000000000 ) ) ;
#3378 = CARTESIAN_POINT ( 'NONE',  ( 417.5963988340251376, 520.6347239830034823, 55.98319443019916264 ) ) ;
#3379 = ORIENTED_EDGE ( 'NONE', *, *, #9564, .T. ) ;
#3380 = CARTESIAN_POINT ( 'NONE',  ( 451.3999999999999204, 295.9267801478018782, 32.46517263023097399 ) ) ;
#3381 = CIRCLE ( 'NONE', #4685, 3.999999999999998668 ) ;
#3382 = CARTESIAN_POINT ( 'NONE',  ( 453.6999999999999318, 474.8203841816037993, 10.50172846596876042 ) ) ;
#3383 = AXIS2_PLACEMENT_3D ( 'NONE', #8015, #29, #9491 ) ;
#3384 = CARTESIAN_POINT ( 'NONE',  ( 445.3397459621555754, 533.8899563225709244, 39.79744898804732145 ) ) ;
#3385 = ORIENTED_EDGE ( 'NONE', *, *, #10031, .F. ) ;
#3386 = LINE ( 'NONE', #6430, #6452 ) ;
#3387 = CIRCLE ( 'NONE', #3219, 4.000000000000003553 ) ;
#3388 = DIRECTION ( 'NONE',  ( -0.7071067811865477948, 7.009341333409702739E-16, 0.7071067811865473507 ) ) ;
#3389 = CARTESIAN_POINT ( 'NONE',  ( 440.9999999999999432, 461.5999999999999659, 30.00000000000000000 ) ) ;
#3390 = DIRECTION ( 'NONE',  ( 0.000000000000000000, 0.000000000000000000, 1.000000000000000000 ) ) ;
#3391 = CARTESIAN_POINT ( 'NONE',  ( 448.0637398590612861, 453.1000000000001364, 13.67749705611316458 ) ) ;
#3392 = CARTESIAN_POINT ( 'NONE',  ( 445.0846366923383357, 534.3604643982596372, 23.62334978965654386 ) ) ;
#3393 = ADVANCED_FACE ( 'NONE', ( #905 ), #1631, .F. ) ;
#3394 = CARTESIAN_POINT ( 'NONE',  ( 441.0000000000000000, 255.9938854097436547, -46.41514919502149183 ) ) ;
#3395 = DIRECTION ( 'NONE',  ( 0.000000000000000000, 0.000000000000000000, -1.000000000000000000 ) ) ;
#3396 = ORIENTED_EDGE ( 'NONE', *, *, #10203, .T. ) ;
#3397 = CARTESIAN_POINT ( 'NONE',  ( 440.0000000000003411, 542.8070198923777525, 3.813989932831830298 ) ) ;
#3398 = CARTESIAN_POINT ( 'NONE',  ( 451.4999999999999432, 362.4938854097436547, -0.2091084966484984264 ) ) ;
#3399 = DIRECTION ( 'NONE',  ( 0.000000000000000000, 1.000000000000000000, -1.387778780781445922E-16 ) ) ;
#3400 = EDGE_CURVE ( 'NONE', #3766, #7765, #1234, .T. ) ;
#3401 = CARTESIAN_POINT ( 'NONE',  ( 453.6999999999999318, 474.8203841816037993, 0.9767284659687371917 ) ) ;
#3402 = ORIENTED_EDGE ( 'NONE', *, *, #9960, .T. ) ;
#3403 = DIRECTION ( 'NONE',  ( 1.000000000000000000, 2.478716320810480276E-16, 0.000000000000000000 ) ) ;
#3404 = CARTESIAN_POINT ( 'NONE',  ( 443.4999999999999432, 411.6000000000000227, 24.93922846596873555 ) ) ;
#3405 = ORIENTED_EDGE ( 'NONE', *, *, #8513, .T. ) ;
#3406 = LINE ( 'NONE', #5781, #8528 ) ;
#3407 = DIRECTION ( 'NONE',  ( 0.000000000000000000, -1.000000000000000000, -1.049630672089169658E-15 ) ) ;
#3408 = VERTEX_POINT ( 'NONE', #12 ) ;
#3409 = CARTESIAN_POINT ( 'NONE',  ( 440.9999999999996589, 296.0640685141630684, 23.72431668939741911 ) ) ;
#3410 = FACE_OUTER_BOUND ( 'NONE', #2263, .T. ) ;
#3411 = ORIENTED_EDGE ( 'NONE', *, *, #1436, .T. ) ;
#3412 =( BOUNDED_CURVE ( )  B_SPLINE_CURVE ( 2, ( #6597, #6488, #2569 ),
 .UNSPECIFIED., .F., .T. ) 
 B_SPLINE_CURVE_WITH_KNOTS ( ( 3, 3 ),
 ( -6.000000009982383332E-08, 0.01252931420509409421 ),
 .UNSPECIFIED. ) 
 CURVE ( )  GEOMETRIC_REPRESENTATION_ITEM ( )  RATIONAL_B_SPLINE_CURVE ( ( 1.000000000000000000, 0.5252257314388900644, 1.000000000000000000 ) ) 
 REPRESENTATION_ITEM ( '' )  );
#3413 = DIRECTION ( 'NONE',  ( 0.000000000000000000, 1.000000000000000000, -3.552959821996418498E-15 ) ) ;
#3414 = ORIENTED_EDGE ( 'NONE', *, *, #5156, .T. ) ;
#3415 = CARTESIAN_POINT ( 'NONE',  ( 456.0231999999999175, 370.9889990822956634, 38.07260178393893568 ) ) ;
#3416 = VECTOR ( 'NONE', #1937, 1000.000000000000000 ) ;
#3417 = CARTESIAN_POINT ( 'NONE',  ( 457.3048782809971158, 515.9121413804925851, 56.58198120009635090 ) ) ;
#3418 = ORIENTED_EDGE ( 'NONE', *, *, #1406, .F. ) ;
#3419 = FACE_OUTER_BOUND ( 'NONE', #1527, .T. ) ;
#3420 = EDGE_CURVE ( 'NONE', #4915, #3363, #7936, .T. ) ;
#3421 = VECTOR ( 'NONE', #4308, 1000.000000000000000 ) ;
#3422 = CARTESIAN_POINT ( 'NONE',  ( 449.4085032279365919, 526.8426620145733068, -18.84025445190136239 ) ) ;
#3423 = ORIENTED_EDGE ( 'NONE', *, *, #3193, .T. ) ;
#3424 = ORIENTED_EDGE ( 'NONE', *, *, #7495, .T. ) ;
#3425 = ADVANCED_FACE ( 'NONE', ( #747 ), #4827, .F. ) ;
#3426 = DIRECTION ( 'NONE',  ( 0.000000000000000000, -1.000000000000000000, 7.928228386300244863E-15 ) ) ;
#3427 = CARTESIAN_POINT ( 'NONE',  ( 447.5000000000000568, 12.37830276209747993, -51.77549897883155694 ) ) ;
#3428 = MECHANICAL_CONTEXT ( 'NONE', #4087, 'mechanical' ) ;
#3429 = ORIENTED_EDGE ( 'NONE', *, *, #5746, .F. ) ;
#3430 = DIRECTION ( 'NONE',  ( 0.000000000000000000, 8.673617379884026597E-16, -1.000000000000000000 ) ) ;
#3431 = CARTESIAN_POINT ( 'NONE',  ( 416.7050497184508231, 522.5999414292713254, 54.55275550746824109 ) ) ;
#3432 = VERTEX_POINT ( 'NONE', #5560 ) ;
#3433 = CARTESIAN_POINT ( 'NONE',  ( 451.3999999999994088, 297.3211676854017469, 26.62944754120631430 ) ) ;
#3434 = CIRCLE ( 'NONE', #5245, 1.649999999999984812 ) ;
#3435 = CARTESIAN_POINT ( 'NONE',  ( 441.2589317722669193, 421.5391251179199230, 15.83256432116740164 ) ) ;
#3436 = CARTESIAN_POINT ( 'NONE',  ( 455.0300438908445813, 517.1058679696058107, 56.31294384227135197 ) ) ;
#3437 = ORIENTED_EDGE ( 'NONE', *, *, #561, .T. ) ;
#3438 = DIRECTION ( 'NONE',  ( 0.000000000000000000, 0.000000000000000000, -1.000000000000000000 ) ) ;
#3439 = CIRCLE ( 'NONE', #7727, 4.000000000000003553 ) ;
#3440 = CARTESIAN_POINT ( 'NONE',  ( 423.0380999787108749, 526.8426620145733068, -18.84025445190139081 ) ) ;
#3441 = CARTESIAN_POINT ( 'NONE',  ( 459.3999999999999204, 304.3596829470125158, 20.43955389673674006 ) ) ;
#3442 = DIRECTION ( 'NONE',  ( 0.000000000000000000, 0.2325235526185132351, -0.9725907656757110109 ) ) ;
#3443 = DIRECTION ( 'NONE',  ( -1.000000000000000000, 0.000000000000000000, 0.000000000000000000 ) ) ;
#3444 = DIRECTION ( 'NONE',  ( 1.000000000000000000, 0.000000000000000000, 0.000000000000000000 ) ) ;
#3445 = CARTESIAN_POINT ( 'NONE',  ( 475.0493545357292646, 286.8333081229242225, -16.85649365081393114 ) ) ;
#3446 = AXIS2_PLACEMENT_3D ( 'NONE', #9772, #364, #3480 ) ;
#3447 = ORIENTED_EDGE ( 'NONE', *, *, #1684, .T. ) ;
#3448 = ADVANCED_FACE ( 'NONE', ( #7055 ), #4728, .T. ) ;
#3449 = CARTESIAN_POINT ( 'NONE',  ( 439.9999999999999432, 544.3983045566537839, 10.21383861472826382 ) ) ;
#3450 = CARTESIAN_POINT ( 'NONE',  ( 440.9999999999999432, 470.5668708588108302, -42.99323207850520845 ) ) ;
#3451 = CARTESIAN_POINT ( 'NONE',  ( 440.9999999999998295, 296.9500584087492143, -19.95062158491072424 ) ) ;
#3452 = CARTESIAN_POINT ( 'NONE',  ( 439.9999999999735678, 547.6560342170844251, 5.284841197540905533 ) ) ;
#3453 = ORIENTED_EDGE ( 'NONE', *, *, #1886, .F. ) ;
#3454 = CARTESIAN_POINT ( 'NONE',  ( 451.3999999999997499, 289.5654610374306230, 15.39921681707655488 ) ) ;
#3455 = DIRECTION ( 'NONE',  ( 0.000000000000000000, 0.000000000000000000, 1.000000000000000000 ) ) ;
#3456 = CARTESIAN_POINT ( 'NONE',  ( 443.9999999999999432, 534.3604643982597509, -3.763271607418768205 ) ) ;
#3457 = ADVANCED_FACE ( 'NONE', ( #6440, #9584, #5504 ), #1582, .T. ) ;
#3458 = LINE ( 'NONE', #8265, #6172 ) ;
#3459 = VERTEX_POINT ( 'NONE', #9373 ) ;
#3460 = ADVANCED_FACE ( 'NONE', ( #3135 ), #6340, .T. ) ;
#3461 = CARTESIAN_POINT ( 'NONE',  ( 440.9999999999996589, 296.1385036903413379, 19.32084802894533482 ) ) ;
#3462 = EDGE_CURVE ( 'NONE', #3054, #4915, #3412, .T. ) ;
#3463 = CARTESIAN_POINT ( 'NONE',  ( 445.3999999999999204, 298.9431832186263023, -24.94639959920905525 ) ) ;
#3464 = VERTEX_POINT ( 'NONE', #4938 ) ;
#3465 = CARTESIAN_POINT ( 'NONE',  ( 461.9999999999998863, 433.1000000000000227, -40.41514919502149894 ) ) ;
#3466 = VERTEX_POINT ( 'NONE', #5720 ) ;
#3467 = CARTESIAN_POINT ( 'NONE',  ( 424.1364226865151750, 525.5575007786407014, 45.08320043597859694 ) ) ;
#3468 = AXIS2_PLACEMENT_3D ( 'NONE', #9465, #2398, #7088 ) ;
#3469 = CARTESIAN_POINT ( 'NONE',  ( 417.5177010205790111, 521.7947945506829228, 55.63681109604853248 ) ) ;
#3470 = ORIENTED_EDGE ( 'NONE', *, *, #9762, .T. ) ;
#3471 = DIRECTION ( 'NONE',  ( -0.000000000000000000, -1.000000000000000000, 1.374084517793742623E-16 ) ) ;
#3472 = EDGE_CURVE ( 'NONE', #8420, #410, #1794, .T. ) ;
#3473 = CYLINDRICAL_SURFACE ( 'NONE', #7818, 7.500000000000000000 ) ;
#3474 = ORIENTED_EDGE ( 'NONE', *, *, #3462, .F. ) ;
#3475 = CARTESIAN_POINT ( 'NONE',  ( 480.5246187233992146, 465.2255228380714129, -36.07325428007754198 ) ) ;
#3476 = ORIENTED_EDGE ( 'NONE', *, *, #8772, .F. ) ;
#3477 = CARTESIAN_POINT ( 'NONE',  ( 446.2025384807780597, 429.6000000000000227, 0.5793921043569232321 ) ) ;
#3478 = ADVANCED_FACE ( 'NONE', ( #5884 ), #4284, .F. ) ;
#3479 = CARTESIAN_POINT ( 'NONE',  ( 429.6526740142684275, 537.0104643982598418, 9.929720804978487081 ) ) ;
#3480 = DIRECTION ( 'NONE',  ( 0.000000000000000000, -1.000000000000000000, 4.625929269271480983E-16 ) ) ;
#3481 = DIRECTION ( 'NONE',  ( 0.000000000000000000, 0.9725907656757107889, 0.2325235526185136237 ) ) ;
#3482 = CARTESIAN_POINT ( 'NONE',  ( 417.8141692112274086, 520.2000580254340321, 56.16181937619459319 ) ) ;
#3483 = EDGE_LOOP ( 'NONE', ( #5566, #10172, #2843, #9102 ) ) ;
#3484 = CARTESIAN_POINT ( 'NONE',  ( 445.3999999999999204, 297.3574185375499610, 26.63811455080747592 ) ) ;
#3485 = LINE ( 'NONE', #6638, #5805 ) ;
#3486 = DIRECTION ( 'NONE',  ( 1.000000000000000000, -0.000000000000000000, -0.000000000000000000 ) ) ;
#3487 = ORIENTED_EDGE ( 'NONE', *, *, #8887, .T. ) ;
#3488 = CARTESIAN_POINT ( 'NONE',  ( 447.5000000000000000, 355.9938854097437115, 25.30586396188315490 ) ) ;
#3489 = CARTESIAN_POINT ( 'NONE',  ( 418.8415779539269010, 525.3107003285163046, -19.34026022105622644 ) ) ;
#3490 = CARTESIAN_POINT ( 'NONE',  ( 441.3535533905932198, 405.1000000000000227, 14.23922846596874692 ) ) ;
#3491 = CARTESIAN_POINT ( 'NONE',  ( 448.5932000679999305, 393.1035676410047586, 49.52876447756236189 ) ) ;
#3492 = EDGE_CURVE ( 'NONE', #10092, #7717, #236, .T. ) ;
#3493 = AXIS2_PLACEMENT_3D ( 'NONE', #1605, #7918, #626 ) ;
#3494 = CARTESIAN_POINT ( 'NONE',  ( 429.6526740142684275, 542.4604643982597736, 9.929720804978487081 ) ) ;
#3495 = EDGE_CURVE ( 'NONE', #9759, #8281, #2003, .T. ) ;
#3496 = ORIENTED_EDGE ( 'NONE', *, *, #8810, .F. ) ;
#3497 = CIRCLE ( 'NONE', #4801, 15.00000000000013500 ) ;
#3498 = CARTESIAN_POINT ( 'NONE',  ( 422.8526740142684730, 532.3604643982597509, -11.23507891194397246 ) ) ;
#3499 = CARTESIAN_POINT ( 'NONE',  ( 449.3123765943990975, 363.1366003444438206, -3.043274437728475057 ) ) ;
#3500 = CARTESIAN_POINT ( 'NONE',  ( 413.9999999999999432, 522.6174999999979036, 56.58485080497849395 ) ) ;
#3501 = FACE_OUTER_BOUND ( 'NONE', #6723, .T. ) ;
#3502 = AXIS2_PLACEMENT_3D ( 'NONE', #9880, #5806, #3583 ) ;
#3503 = ORIENTED_EDGE ( 'NONE', *, *, #1948, .T. ) ;
#3504 = CARTESIAN_POINT ( 'NONE',  ( 451.3999999999997499, 288.3372228239761057, 18.78482183973630981 ) ) ;
#3505 = VECTOR ( 'NONE', #2790, 1000.000000000000000 ) ;
#3506 = CARTESIAN_POINT ( 'NONE',  ( 475.0732000679998919, 302.6526264331637321, 27.90407408404064427 ) ) ;
#3507 = DIRECTION ( 'NONE',  ( 1.000000000000000000, -0.000000000000000000, 0.000000000000000000 ) ) ;
#3508 = CARTESIAN_POINT ( 'NONE',  ( 443.5000000000000000, 255.9938854097436547, 56.58485080497850817 ) ) ;
#3509 = ORIENTED_EDGE ( 'NONE', *, *, #3710, .F. ) ;
#3510 = CARTESIAN_POINT ( 'NONE',  ( 442.5999999999999091, 294.4633683322094271, 24.06634964757750694 ) ) ;
#3511 = AXIS2_PLACEMENT_3D ( 'NONE', #3740, #4985, #277 ) ;
#3512 = FACE_OUTER_BOUND ( 'NONE', #3971, .T. ) ;
#3513 = ORIENTED_EDGE ( 'NONE', *, *, #7101, .F. ) ;
#3514 = DIRECTION ( 'NONE',  ( 0.000000000000000000, -1.000000000000000000, 2.168404344971006896E-15 ) ) ;
#3515 = ORIENTED_EDGE ( 'NONE', *, *, #7752, .F. ) ;
#3516 = FACE_OUTER_BOUND ( 'NONE', #10189, .T. ) ;
#3517 = FACE_BOUND ( 'NONE', #9301, .T. ) ;
#3518 = ORIENTED_EDGE ( 'NONE', *, *, #482, .F. ) ;
#3519 = EDGE_CURVE ( 'NONE', #215, #2356, #849, .T. ) ;
#3520 = FACE_OUTER_BOUND ( 'NONE', #4338, .T. ) ;
#3521 = VECTOR ( 'NONE', #444, 1000.000000000000000 ) ;
#3522 = EDGE_CURVE ( 'NONE', #3822, #5219, #170, .T. ) ;
#3523 = CARTESIAN_POINT ( 'NONE',  ( 446.2227985363800258, 532.3604643982597509, -11.23507891194397246 ) ) ;
#3524 = VERTEX_POINT ( 'NONE', #3498 ) ;
#3525 = LINE ( 'NONE', #9824, #1326 ) ;
#3526 = EDGE_LOOP ( 'NONE', ( #8535, #7249, #8970, #9441, #9431, #8000, #9588 ) ) ;
#3527 = LOCAL_TIME ( 20, 8, 0.000000000000000000, #6825 ) ;
#3528 = DIRECTION ( 'NONE',  ( -1.000000000000000000, -2.478716320810481262E-16, 0.000000000000000000 ) ) ;
#3529 = LINE ( 'NONE', #2031, #4533 ) ;
#3530 = EDGE_CURVE ( 'NONE', #2808, #4552, #7371, .T. ) ;
#3531 = CARTESIAN_POINT ( 'NONE',  ( 406.0000000000000000, 470.5668708588108302, 56.58485080497850106 ) ) ;
#3532 = ADVANCED_FACE ( 'NONE', ( #5666 ), #6700, .T. ) ;
#3533 = CARTESIAN_POINT ( 'NONE',  ( 447.5000000000000000, 5.567196476600567934, 32.07076488355570376 ) ) ;
#3534 = FACE_OUTER_BOUND ( 'NONE', #2891, .T. ) ;
#3535 = AXIS2_PLACEMENT_3D ( 'NONE', #9593, #133, #9542 ) ;
#3536 = ORIENTED_EDGE ( 'NONE', *, *, #3067, .T. ) ;
#3537 = ADVANCED_FACE ( 'NONE', ( #10045 ), #1098, .F. ) ;
#3538 = DIRECTION ( 'NONE',  ( -1.000000000000000000, 0.000000000000000000, 0.000000000000000000 ) ) ;
#3539 = CARTESIAN_POINT ( 'NONE',  ( 441.1743353738212932, 421.7769974485134412, -2.932987642792343141 ) ) ;
#3540 = ORIENTED_EDGE ( 'NONE', *, *, #2211, .T. ) ;
#3541 = ADVANCED_FACE ( 'NONE', ( #9362 ), #5440, .F. ) ;
#3542 = AXIS2_PLACEMENT_3D ( 'NONE', #1154, #1099, #1927 ) ;
#3543 = AXIS2_PLACEMENT_3D ( 'NONE', #6622, #2696, #4205 ) ;
#3544 = DIRECTION ( 'NONE',  ( 0.000000000000000000, -0.9852652672482568041, 0.1710331931357803315 ) ) ;
#3545 = DIRECTION ( 'NONE',  ( 0.000000000000000000, 0.000000000000000000, -1.000000000000000000 ) ) ;
#3546 = DIRECTION ( 'NONE',  ( 0.000000000000000000, 0.000000000000000000, 1.000000000000000000 ) ) ;
#3547 = AXIS2_PLACEMENT_3D ( 'NONE', #9264, #2927, #5300 ) ;
#3548 = AXIS2_PLACEMENT_3D ( 'NONE', #3667, #8933, #9083 ) ;
#3549 = LINE ( 'NONE', #278, #7570 ) ;
#3550 = CARTESIAN_POINT ( 'NONE',  ( 451.4000000001723834, 295.4246547425210565, -18.61307573207037080 ) ) ;
#3551 = ADVANCED_FACE ( 'NONE', ( #4005 ), #6380, .T. ) ;
#3552 = CARTESIAN_POINT ( 'NONE',  ( 413.9999999999999432, 546.9038237768376121, -0.6733532047651071828 ) ) ;
#3553 = VERTEX_POINT ( 'NONE', #9519 ) ;
#3554 = CONICAL_SURFACE ( 'NONE', #5866, 6.500000000000061284, 0.7853981633973372567 ) ;
#3555 = CARTESIAN_POINT ( 'NONE',  ( 439.9999999999999432, 544.3949078965179069, 9.257047533884431800 ) ) ;
#3556 = EDGE_CURVE ( 'NONE', #5649, #107, #5600, .T. ) ;
#3557 = CARTESIAN_POINT ( 'NONE',  ( 451.3874162570848512, 362.4938854097438252, -0.3526252151908724208 ) ) ;
#3558 = FACE_OUTER_BOUND ( 'NONE', #6451, .T. ) ;
#3559 = CARTESIAN_POINT ( 'NONE',  ( 440.0000000000000000, 547.7713701507713040, 5.670438928420128200 ) ) ;
#3560 = ORIENTED_EDGE ( 'NONE', *, *, #2835, .T. ) ;
#3561 = CARTESIAN_POINT ( 'NONE',  ( 451.3999999999714419, 294.5746945868089597, 18.91542622032357457 ) ) ;
#3562 = DIRECTION ( 'NONE',  ( -0.000000000000000000, -0.000000000000000000, 1.000000000000000000 ) ) ;
#3563 = CARTESIAN_POINT ( 'NONE',  ( 442.5999999999999659, 297.0952331286823664, -14.68605186448338351 ) ) ;
#3564 = CARTESIAN_POINT ( 'NONE',  ( 440.9999999999998863, 457.8500000000000796, -0.8711620393360257619 ) ) ;
#3565 = ORIENTED_EDGE ( 'NONE', *, *, #2247, .T. ) ;
#3566 = AXIS2_PLACEMENT_3D ( 'NONE', #2281, #2234, #6109 ) ;
#3567 = CARTESIAN_POINT ( 'NONE',  ( 441.0000000000002842, 296.8831948840989412, 17.90210036800587901 ) ) ;
#3568 = FACE_OUTER_BOUND ( 'NONE', #5443, .T. ) ;
#3569 = ORIENTED_EDGE ( 'NONE', *, *, #7312, .F. ) ;
#3570 = CARTESIAN_POINT ( 'NONE',  ( 404.8962970026126413, 298.1822728734032921, -18.72458185143196019 ) ) ;
#3571 = ORIENTED_EDGE ( 'NONE', *, *, #2331, .T. ) ;
#3572 = CYLINDRICAL_SURFACE ( 'NONE', #3694, 4.762500000000011724 ) ;
#3573 = DIRECTION ( 'NONE',  ( 0.000000000000000000, 1.000000000000000000, -0.000000000000000000 ) ) ;
#3574 = ORIENTED_EDGE ( 'NONE', *, *, #1131, .F. ) ;
#3575 = DIRECTION ( 'NONE',  ( -1.000000000000000000, -0.000000000000000000, -0.000000000000000000 ) ) ;
#3576 = DIRECTION ( 'NONE',  ( 1.000000000000000000, 0.000000000000000000, 0.000000000000000000 ) ) ;
#3577 = ORIENTED_EDGE ( 'NONE', *, *, #3804, .T. ) ;
#3578 = CARTESIAN_POINT ( 'NONE',  ( 445.4000000000000909, 297.3233250367959499, 26.62996359750182407 ) ) ;
#3579 = VERTEX_POINT ( 'NONE', #2714 ) ;
#3580 = CARTESIAN_POINT ( 'NONE',  ( 449.4999999999998863, 429.6000000000000796, -6.390949563662481125 ) ) ;
#3581 = VECTOR ( 'NONE', #2408, 1000.000000000000000 ) ;
#3582 = CARTESIAN_POINT ( 'NONE',  ( 444.2933333333338055, 290.5815479950528015, -23.49489489315302038 ) ) ;
#3583 = DIRECTION ( 'NONE',  ( 0.000000000000000000, 0.000000000000000000, 1.000000000000000000 ) ) ;
#3584 = DIRECTION ( 'NONE',  ( 0.000000000000000000, -1.000000000000000000, 1.852100334687637656E-16 ) ) ;
#3585 = LINE ( 'NONE', #3636, #1414 ) ;
#3586 = ORIENTED_EDGE ( 'NONE', *, *, #7837, .T. ) ;
#3587 = EDGE_LOOP ( 'NONE', ( #4923, #593 ) ) ;
#3588 = AXIS2_PLACEMENT_3D ( 'NONE', #7272, #6295, #808 ) ;
#3589 = CYLINDRICAL_SURFACE ( 'NONE', #2990, 1.250000000000001110 ) ;
#3590 = CARTESIAN_POINT ( 'NONE',  ( 424.0988337904558421, 524.4598699841534426, -19.61795651374118776 ) ) ;
#3591 = ORIENTED_EDGE ( 'NONE', *, *, #451, .F. ) ;
#3592 = CIRCLE ( 'NONE', #1769, 1.649999999999984812 ) ;
#3593 = ADVANCED_FACE ( 'NONE', ( #9013, #947 ), #4169, .T. ) ;
#3594 = ADVANCED_FACE ( 'NONE', ( #8093 ), #5873, .F. ) ;
#3595 = ADVANCED_FACE ( 'NONE', ( #217 ), #6642, .F. ) ;
#3596 = CYLINDRICAL_SURFACE ( 'NONE', #6781, 4.000000000000000000 ) ;
#3597 = EDGE_CURVE ( 'NONE', #8311, #3459, #3386, .T. ) ;
#3598 = CARTESIAN_POINT ( 'NONE',  ( 447.5000000000000000, 351.9938854097436547, 25.30586396188315490 ) ) ;
#3599 = CARTESIAN_POINT ( 'NONE',  ( 440.9999999999998863, 421.1000000000000227, 38.58485080497852238 ) ) ;
#3600 = CIRCLE ( 'NONE', #2110, 15.00000000000013500 ) ;
#3601 = CARTESIAN_POINT ( 'NONE',  ( 419.1173417305925000, 524.6419951375278288, -14.85001997201148782 ) ) ;
#3602 = CARTESIAN_POINT ( 'NONE',  ( 451.3999999999569468, 296.6862320708599441, -23.70723165389463816 ) ) ;
#3603 = EDGE_CURVE ( 'NONE', #1085, #9147, #4480, .T. ) ;
#3604 = CARTESIAN_POINT ( 'NONE',  ( 480.9999999999999432, 272.1108908047548880, 20.60226419432907363 ) ) ;
#3605 = ORIENTED_EDGE ( 'NONE', *, *, #1153, .F. ) ;
#3606 = AXIS2_PLACEMENT_3D ( 'NONE', #10004, #4538, #7683 ) ;
#3607 = CARTESIAN_POINT ( 'NONE',  ( 440.9999999999999432, 297.0491439700057299, -20.89126858100549811 ) ) ;
#3608 = CARTESIAN_POINT ( 'NONE',  ( 440.9999999999997158, 296.7276207966301058, 24.58445347889115595 ) ) ;
#3609 = LINE ( 'NONE', #4437, #6168 ) ;
#3610 = EDGE_CURVE ( 'NONE', #3057, #2943, #3327, .T. ) ;
#3611 = CARTESIAN_POINT ( 'NONE',  ( 439.9999999999999432, 539.7527262764089073, -1.663311570324885080 ) ) ;
#3612 = ORIENTED_EDGE ( 'NONE', *, *, #9072, .T. ) ;
#3613 = DIRECTION ( 'NONE',  ( -1.000000000000000000, -0.000000000000000000, -0.000000000000000000 ) ) ;
#3614 = CARTESIAN_POINT ( 'NONE',  ( 425.4588531724841687, 520.8631485070452527, 46.58485080497850106 ) ) ;
#3615 = AXIS2_PLACEMENT_3D ( 'NONE', #6436, #9577, #1168 ) ;
#3616 = CARTESIAN_POINT ( 'NONE',  ( 463.3999999999999204, 309.2348964336476911, -20.64321794150336586 ) ) ;
#3617 = CARTESIAN_POINT ( 'NONE',  ( 426.2472348406585070, 535.4988763271214793, -21.80054975985271071 ) ) ;
#3618 = VERTEX_POINT ( 'NONE', #1890 ) ;
#3619 = CYLINDRICAL_SURFACE ( 'NONE', #4949, 7.999999999999992895 ) ;
#3620 = CARTESIAN_POINT ( 'NONE',  ( 447.4999999999999432, 366.4938854097437115, 12.79089150335156155 ) ) ;
#3621 = ORIENTED_EDGE ( 'NONE', *, *, #2211, .F. ) ;
#3622 = FACE_OUTER_BOUND ( 'NONE', #8233, .T. ) ;
#3623 = ORIENTED_EDGE ( 'NONE', *, *, #5103, .F. ) ;
#3624 = DIRECTION ( 'NONE',  ( -1.000000000000000000, -0.000000000000000000, 0.000000000000000000 ) ) ;
#3625 = CARTESIAN_POINT ( 'NONE',  ( 452.4722457589165856, 518.3342557958703765, 56.13058247358266328 ) ) ;
#3626 = ORIENTED_EDGE ( 'NONE', *, *, #2945, .T. ) ;
#3627 = DIRECTION ( 'NONE',  ( 0.000000000000000000, 0.000000000000000000, 1.000000000000000000 ) ) ;
#3628 = CARTESIAN_POINT ( 'NONE',  ( 440.9999999999999432, 451.1750022177633355, -46.41514919502149183 ) ) ;
#3629 = ORIENTED_EDGE ( 'NONE', *, *, #8879, .F. ) ;
#3630 = CARTESIAN_POINT ( 'NONE',  ( 448.5932000679999305, 393.1035676410047586, 49.52876447756234057 ) ) ;
#3631 = ORIENTED_EDGE ( 'NONE', *, *, #11, .F. ) ;
#3632 = CARTESIAN_POINT ( 'NONE',  ( 444.5386661804240021, 535.6194521587312920, 37.99081279928221022 ) ) ;
#3633 = DIRECTION ( 'NONE',  ( 0.000000000000000000, 1.000000000000000000, -8.285246452426540611E-16 ) ) ;
#3634 = AXIS2_PLACEMENT_3D ( 'NONE', #6173, #7725, #6992 ) ;
#3635 = DIRECTION ( 'NONE',  ( -1.000000000000000000, -0.000000000000000000, -0.000000000000000000 ) ) ;
#3636 = CARTESIAN_POINT ( 'NONE',  ( 441.3535533905932198, 421.5978390144408650, -2.928366708217240877 ) ) ;
#3637 = CARTESIAN_POINT ( 'NONE',  ( 465.9999999999998863, 429.6000000000000227, -32.91514919502149894 ) ) ;
#3638 = ORIENTED_EDGE ( 'NONE', *, *, #2484, .F. ) ;
#3639 = ORIENTED_EDGE ( 'NONE', *, *, #9841, .F. ) ;
#3640 = DIRECTION ( 'NONE',  ( 0.000000000000000000, 0.000000000000000000, 1.000000000000000000 ) ) ;
#3641 = EDGE_LOOP ( 'NONE', ( #7525, #1782, #6952, #6040 ) ) ;
#3642 = AXIS2_PLACEMENT_3D ( 'NONE', #10106, #9326, #4447 ) ;
#3643 = CARTESIAN_POINT ( 'NONE',  ( 459.3999999999999204, 276.9938854097435978, 0.1778581151391607218 ) ) ;
#3644 = CARTESIAN_POINT ( 'NONE',  ( 433.0269034861053115, 532.8191762919004759, -22.67515745364317326 ) ) ;
#3645 = DIRECTION ( 'NONE',  ( -0.000000000000000000, -1.387778780781445922E-16, -1.000000000000000000 ) ) ;
#3646 = ADVANCED_FACE ( 'NONE', ( #7360 ), #1339, .F. ) ;
#3647 = CARTESIAN_POINT ( 'NONE',  ( 445.3999999999708166, 298.2016598186140186, -24.74818064739980272 ) ) ;
#3648 = EDGE_CURVE ( 'NONE', #8291, #3968, #274, .T. ) ;
#3649 = VECTOR ( 'NONE', #2675, 1000.000000000000000 ) ;
#3650 = DIRECTION ( 'NONE',  ( -0.000000000000000000, -0.000000000000000000, 1.000000000000000000 ) ) ;
#3651 = ORIENTED_EDGE ( 'NONE', *, *, #3832, .F. ) ;
#3652 = CARTESIAN_POINT ( 'NONE',  ( 440.9999999999999432, 297.2585522891138226, -21.61545131967244515 ) ) ;
#3653 = CARTESIAN_POINT ( 'NONE',  ( 440.9999999999997158, 297.5096812387418481, 25.02357450752254309 ) ) ;
#3654 = CARTESIAN_POINT ( 'NONE',  ( 421.5117750028712180, 519.6996884382609778, 42.51768645601471519 ) ) ;
#3655 = ADVANCED_FACE ( 'NONE', ( #3278, #9571 ), #5817, .F. ) ;
#3656 = AXIS2_PLACEMENT_3D ( 'NONE', #8704, #2349, #4009 ) ;
#3657 = VECTOR ( 'NONE', #6369, 999.9999999999998863 ) ;
#3658 = EDGE_CURVE ( 'NONE', #10020, #8679, #9621, .T. ) ;
#3659 = CARTESIAN_POINT ( 'NONE',  ( 443.9999999999999432, 546.1351420769497054, 1.498285528055472993 ) ) ;
#3660 = ORIENTED_EDGE ( 'NONE', *, *, #354, .T. ) ;
#3661 = SPHERICAL_SURFACE ( 'NONE', #7887, 4.000000000000000000 ) ;
#3662 = CARTESIAN_POINT ( 'NONE',  ( 441.3535533905932198, 415.1000000000000227, 20.73922846596876113 ) ) ;
#3663 = CARTESIAN_POINT ( 'NONE',  ( 425.8612647112138347, 537.2917989977175921, -19.69167158793614547 ) ) ;
#3664 = ORIENTED_EDGE ( 'NONE', *, *, #5095, .F. ) ;
#3665 = EDGE_CURVE ( 'NONE', #3524, #7642, #2327, .T. ) ;
#3666 = CARTESIAN_POINT ( 'NONE',  ( 442.5999999999996817, 294.9351214544629443, 18.09407121154723441 ) ) ;
#3667 = CARTESIAN_POINT ( 'NONE',  ( 463.3999999999999204, 274.4361263309399988, 10.87635653757197041 ) ) ;
#3668 = AXIS2_PLACEMENT_3D ( 'NONE', #7455, #5231, #3584 ) ;
#3669 = ORIENTED_EDGE ( 'NONE', *, *, #5980, .F. ) ;
#3670 = CARTESIAN_POINT ( 'NONE',  ( 443.9999999999999432, 548.3691536048497710, 8.928743806758360435 ) ) ;
#3671 = VERTEX_POINT ( 'NONE', #1783 ) ;
#3672 = FACE_OUTER_BOUND ( 'NONE', #7165, .T. ) ;
#3673 = CARTESIAN_POINT ( 'NONE',  ( 461.9999999999998863, 453.1000000000000796, -32.91514919502149894 ) ) ;
#3674 = ORIENTED_EDGE ( 'NONE', *, *, #5168, .T. ) ;
#3675 = DIRECTION ( 'NONE',  ( -1.000000000000000000, 0.000000000000000000, 0.000000000000000000 ) ) ;
#3676 = DIRECTION ( 'NONE',  ( 1.000000000000000000, 0.000000000000000000, 0.000000000000000000 ) ) ;
#3677 = ORIENTED_EDGE ( 'NONE', *, *, #9579, .F. ) ;
#3678 = CIRCLE ( 'NONE', #1861, 36.99999999999997868 ) ;
#3679 = CARTESIAN_POINT ( 'NONE',  ( 480.7680415072512119, 463.1017263378353164, -34.19538690668870373 ) ) ;
#3680 = VERTEX_POINT ( 'NONE', #2500 ) ;
#3681 = DIRECTION ( 'NONE',  ( 0.000000000000000000, 0.000000000000000000, 1.000000000000000000 ) ) ;
#3682 = DIRECTION ( 'NONE',  ( 0.000000000000000000, 0.9037352650168951618, 0.4280917784364031697 ) ) ;
#3683 = EDGE_CURVE ( 'NONE', #3246, #4625, #8279, .T. ) ;
#3684 = DIRECTION ( 'NONE',  ( 0.000000000000000000, 0.000000000000000000, 1.000000000000000000 ) ) ;
#3685 = ORIENTED_EDGE ( 'NONE', *, *, #6183, .F. ) ;
#3686 = DIRECTION ( 'NONE',  ( 0.000000000000000000, -1.000000000000000000, -4.336808689942013792E-16 ) ) ;
#3687 = VECTOR ( 'NONE', #3967, 1000.000000000000227 ) ;
#3688 = DIRECTION ( 'NONE',  ( -1.934902151088186043E-17, -0.2325235526185132906, 0.9725907656757108999 ) ) ;
#3689 = EDGE_LOOP ( 'NONE', ( #6601, #1641, #5270, #7233 ) ) ;
#3690 = ORIENTED_EDGE ( 'NONE', *, *, #9532, .F. ) ;
#3691 =( BOUNDED_CURVE ( )  B_SPLINE_CURVE ( 3, ( #2189, #5335, #6838, #3747 ),
 .UNSPECIFIED., .F., .T. ) 
 B_SPLINE_CURVE_WITH_KNOTS ( ( 4, 4 ),
 ( 1.047197551196594301, 1.570219470826094810 ),
 .UNSPECIFIED. ) 
 CURVE ( )  GEOMETRIC_REPRESENTATION_ITEM ( )  RATIONAL_B_SPLINE_CURVE ( ( 1.000000000000000000, 0.9773336245103418918, 0.9773336245103418918, 1.000000000000000000 ) ) 
 REPRESENTATION_ITEM ( '' )  );
#3692 = DIRECTION ( 'NONE',  ( -1.000000000000000000, -0.000000000000000000, -0.000000000000000000 ) ) ;
#3693 = VERTEX_POINT ( 'NONE', #5764 ) ;
#3694 = AXIS2_PLACEMENT_3D ( 'NONE', #1972, #8375, #1297 ) ;
#3695 = DIRECTION ( 'NONE',  ( 0.000000000000000000, 0.000000000000000000, -1.000000000000000000 ) ) ;
#3696 = EDGE_CURVE ( 'NONE', #7647, #562, #4157, .T. ) ;
#3697 = FACE_BOUND ( 'NONE', #8025, .T. ) ;
#3698 = DIRECTION ( 'NONE',  ( 0.000000000000000000, 0.000000000000000000, 1.000000000000000000 ) ) ;
#3699 = AXIS2_PLACEMENT_3D ( 'NONE', #8925, #8714, #4945 ) ;
#3700 = CARTESIAN_POINT ( 'NONE',  ( 451.3999999999999204, 297.0477455536819207, -30.67048188474691273 ) ) ;
#3701 = CIRCLE ( 'NONE', #5014, 3.999999999999996003 ) ;
#3702 = CARTESIAN_POINT ( 'NONE',  ( 480.7256110888664011, 463.5293928485355650, 44.07929723077602091 ) ) ;
#3703 = ORIENTED_EDGE ( 'NONE', *, *, #4924, .T. ) ;
#3704 = CARTESIAN_POINT ( 'NONE',  ( 440.9999999999998295, 297.0645775986882313, -18.64177747230913340 ) ) ;
#3705 = CIRCLE ( 'NONE', #1544, 6.350000000000001421 ) ;
#3706 = CARTESIAN_POINT ( 'NONE',  ( 441.0000000000003979, 296.2561199379502455, 24.05356303801588780 ) ) ;
#3707 = AXIS2_PLACEMENT_3D ( 'NONE', #7386, #4346, #1291 ) ;
#3708 = CONICAL_SURFACE ( 'NONE', #565, 6.499999999999895195, 0.7853981633974418397 ) ;
#3709 = CARTESIAN_POINT ( 'NONE',  ( 440.9999999999997726, 298.2213942343094004, -22.94311172030533896 ) ) ;
#3710 = EDGE_CURVE ( 'NONE', #9267, #6412, #4273, .T. ) ;
#3711 = CARTESIAN_POINT ( 'NONE',  ( 440.0000000000219416, 548.2913560527240406, 11.66065219706812073 ) ) ;
#3712 = ORIENTED_EDGE ( 'NONE', *, *, #1824, .T. ) ;
#3713 = DIRECTION ( 'NONE',  ( 0.000000000000000000, 0.000000000000000000, -1.000000000000000000 ) ) ;
#3714 = LINE ( 'NONE', #6950, #5241 ) ;
#3715 = CARTESIAN_POINT ( 'NONE',  ( 439.4428749110797980, 530.7349078885069957, -23.35542657241350284 ) ) ;
#3716 = ORIENTED_EDGE ( 'NONE', *, *, #5540, .T. ) ;
#3717 = DIRECTION ( 'NONE',  ( -0.7071067811865354713, -0.1209387306743010398, -0.6966877517388303520 ) ) ;
#3718 = ADVANCED_FACE ( 'NONE', ( #8798 ), #4927, .F. ) ;
#3719 = CARTESIAN_POINT ( 'NONE',  ( 441.3535533905932198, 421.2044585785573076, 16.47207092854382182 ) ) ;
#3720 = CONICAL_SURFACE ( 'NONE', #6191, 6.500000000000005329, 0.7853981633974482790 ) ;
#3721 = AXIS2_PLACEMENT_3D ( 'NONE', #4563, #2856, #6014 ) ;
#3722 = EDGE_CURVE ( 'NONE', #2971, #9299, #3976, .T. ) ;
#3723 = ORIENTED_EDGE ( 'NONE', *, *, #3597, .F. ) ;
#3724 = CARTESIAN_POINT ( 'NONE',  ( 441.3535533905932198, 421.5978390144408081, 14.40682364015525785 ) ) ;
#3725 = ORIENTED_EDGE ( 'NONE', *, *, #6623, .T. ) ;
#3726 = DIRECTION ( 'NONE',  ( 0.5000000000000017764, -0.8660254037844375974, 0.000000000000000000 ) ) ;
#3727 = CARTESIAN_POINT ( 'NONE',  ( 447.5000000000000000, 362.4938854097437115, 3.804847005708460521E-13 ) ) ;
#3728 = EDGE_LOOP ( 'NONE', ( #4754, #8713, #9049, #3008, #5032, #4834, #8436, #5853, #939, #6580, #5772 ) ) ;
#3729 = DIRECTION ( 'NONE',  ( 0.000000000000000000, -1.000000000000000000, -8.673617379884027583E-16 ) ) ;
#3730 = CARTESIAN_POINT ( 'NONE',  ( 448.2733624422218668, 296.4790423742711596, -24.51864690056434171 ) ) ;
#3731 = ORIENTED_EDGE ( 'NONE', *, *, #8814, .T. ) ;
#3732 = VECTOR ( 'NONE', #7862, 1000.000000000000114 ) ;
#3733 = ORIENTED_EDGE ( 'NONE', *, *, #3098, .T. ) ;
#3734 = CARTESIAN_POINT ( 'NONE',  ( 442.5999999999998522, 295.2018017728190671, 17.58860088342040839 ) ) ;
#3735 = CARTESIAN_POINT ( 'NONE',  ( 447.4999999999999432, 417.6000000000000227, 24.93922846596874976 ) ) ;
#3736 = CARTESIAN_POINT ( 'NONE',  ( 418.8526740142684730, 528.3604643982597509, -11.23507891194398134 ) ) ;
#3737 = ORIENTED_EDGE ( 'NONE', *, *, #6054, .T. ) ;
#3738 = CARTESIAN_POINT ( 'NONE',  ( 447.4999999999999432, 368.9938854097437115, 6.790891503351495828 ) ) ;
#3739 = ADVANCED_FACE ( 'NONE', ( #4377 ), #3596, .F. ) ;
#3740 = CARTESIAN_POINT ( 'NONE',  ( 406.0000000000000000, 470.5668708588108302, 42.58485080497850817 ) ) ;
#3741 = ORIENTED_EDGE ( 'NONE', *, *, #4359, .F. ) ;
#3742 = FACE_OUTER_BOUND ( 'NONE', #231, .T. ) ;
#3743 = CARTESIAN_POINT ( 'NONE',  ( 447.9999999999999432, 465.3500000000000227, 0.000000000000000000 ) ) ;
#3744 = VERTEX_POINT ( 'NONE', #8492 ) ;
#3745 = ADVANCED_FACE ( 'NONE', ( #2763 ), #9060, .F. ) ;
#3746 = B_SPLINE_CURVE_WITH_KNOTS ( 'NONE', 3,
 ( #9609, #2598, #1715, #4912, #5638, #8947, #5751, #3372, #8787, #7289, #204, #42, #4209, #9504 ),
 .UNSPECIFIED., .F., .F.,
 ( 4, 2, 2, 2, 2, 2, 4 ),
 ( 0.000000000000000000, 0.001629255383971326548, 0.003258510767942653097, 0.006517021535885299255, 0.008146276919856610191, 0.009775532303827919392, 0.01303404307177047708 ),
 .UNSPECIFIED. ) ;
#3747 = CARTESIAN_POINT ( 'NONE',  ( 443.9999936775068363, 470.5887913844095465, -32.99212978198413282 ) ) ;
#3748 = CARTESIAN_POINT ( 'NONE',  ( 447.9999999999999432, 470.5668708588108302, -32.99995213599169119 ) ) ;
#3749 = CARTESIAN_POINT ( 'NONE',  ( 443.9999999999999432, 538.8899563225710381, -14.15748130319718179 ) ) ;
#3750 = VECTOR ( 'NONE', #6639, 1000.000000000000000 ) ;
#3751 = CARTESIAN_POINT ( 'NONE',  ( 451.3999999999999773, 295.6456767536652137, -21.91931588162535149 ) ) ;
#3752 = DIRECTION ( 'NONE',  ( 2.478716320810480276E-16, -1.000000000000000000, -1.387778780781444492E-15 ) ) ;
#3753 = ORIENTED_EDGE ( 'NONE', *, *, #1944, .T. ) ;
#3754 = CARTESIAN_POINT ( 'NONE',  ( 440.9999999999998295, 298.8484353420985258, -23.27742133449583761 ) ) ;
#3755 = CARTESIAN_POINT ( 'NONE',  ( 424.7512886940357930, 523.3142237596528048, 46.20011377522813945 ) ) ;
#3756 = CARTESIAN_POINT ( 'NONE',  ( 439.9999999999823217, 546.1551007730154197, 18.32019465410397530 ) ) ;
#3757 = EDGE_LOOP ( 'NONE', ( #5199, #6361, #1521, #6043 ) ) ;
#3758 = FACE_OUTER_BOUND ( 'NONE', #7845, .T. ) ;
#3759 = CARTESIAN_POINT ( 'NONE',  ( 447.5000000000000000, 351.9938854097436547, -19.94615330014154253 ) ) ;
#3760 = TOROIDAL_SURFACE ( 'NONE', #5081, 26.49999999999999645, 4.000000000000000000 ) ;
#3761 = CARTESIAN_POINT ( 'NONE',  ( 432.5687152935451536, 535.5693842635274677, -21.77753719021180956 ) ) ;
#3762 = ORIENTED_EDGE ( 'NONE', *, *, #6690, .T. ) ;
#3763 = PLANE ( 'NONE',  #2651 ) ;
#3764 = DIRECTION ( 'NONE',  ( 0.000000000000000000, 0.000000000000000000, -1.000000000000000000 ) ) ;
#3765 = VECTOR ( 'NONE', #6658, 1000.000000000000114 ) ;
#3766 = VERTEX_POINT ( 'NONE', #9889 ) ;
#3767 = DIRECTION ( 'NONE',  ( -1.000000000000000000, -2.478716320810480276E-16, -0.000000000000000000 ) ) ;
#3768 = ORIENTED_EDGE ( 'NONE', *, *, #9771, .T. ) ;
#3769 = DIRECTION ( 'NONE',  ( 0.000000000000000000, 0.000000000000000000, -1.000000000000000000 ) ) ;
#3770 = ADVANCED_FACE ( 'NONE', ( #4325 ), #6024, .T. ) ;
#3771 = DIRECTION ( 'NONE',  ( -0.000000000000000000, -1.000000000000000000, -8.285246452426540611E-16 ) ) ;
#3772 = EDGE_LOOP ( 'NONE', ( #5675, #4405, #4425, #7089, #4779, #6128, #4997 ) ) ;
#3773 = DIRECTION ( 'NONE',  ( 0.000000000000000000, 0.4280917784363908463, -0.9037352650169009349 ) ) ;
#3774 = DIRECTION ( 'NONE',  ( 0.000000000000000000, 0.000000000000000000, -1.000000000000000000 ) ) ;
#3775 = EDGE_CURVE ( 'NONE', #424, #2187, #6114, .T. ) ;
#3776 = ORIENTED_EDGE ( 'NONE', *, *, #2662, .F. ) ;
#3777 = EDGE_CURVE ( 'NONE', #6055, #7159, #1657, .T. ) ;
#3778 = ORIENTED_EDGE ( 'NONE', *, *, #9321, .T. ) ;
#3779 = AXIS2_PLACEMENT_3D ( 'NONE', #5754, #8897, #1825 ) ;
#3780 = CARTESIAN_POINT ( 'NONE',  ( 442.5999999999999091, 294.0493824102429699, 21.43903441429364065 ) ) ;
#3781 = CARTESIAN_POINT ( 'NONE',  ( 436.4440967090326922, 536.7870407307195819, -19.74395351878335347 ) ) ;
#3782 = PERSON_AND_ORGANIZATION ( #4277, #4175 ) ;
#3783 = CARTESIAN_POINT ( 'NONE',  ( 443.9992776142465800, 471.8301119558527148, -36.79539827542510011 ) ) ;
#3784 = ORIENTED_EDGE ( 'NONE', *, *, #3267, .T. ) ;
#3785 = CARTESIAN_POINT ( 'NONE',  ( 445.3999999999999204, 296.1228751062957372, 16.27387480217103288 ) ) ;
#3786 = EDGE_CURVE ( 'NONE', #8679, #8771, #7444, .T. ) ;
#3787 = CARTESIAN_POINT ( 'NONE',  ( 423.9128608132918430, 518.3909393045197476, 56.58485080497850106 ) ) ;
#3788 = ORIENTED_EDGE ( 'NONE', *, *, #483, .T. ) ;
#3789 = EDGE_CURVE ( 'NONE', #9378, #3225, #4961, .T. ) ;
#3790 = DIRECTION ( 'NONE',  ( -1.000000000000000000, -0.000000000000000000, 0.000000000000000000 ) ) ;
#3791 = FACE_OUTER_BOUND ( 'NONE', #1603, .T. ) ;
#3792 = ORIENTED_EDGE ( 'NONE', *, *, #5424, .F. ) ;
#3793 = EDGE_CURVE ( 'NONE', #9781, #5986, #499, .T. ) ;
#3794 = DIRECTION ( 'NONE',  ( 0.000000000000000000, 8.285246452426540611E-16, 1.000000000000000000 ) ) ;
#3795 = CARTESIAN_POINT ( 'NONE',  ( 449.9436369291813662, 421.2920651751686023, 16.23784409540974849 ) ) ;
#3796 = CARTESIAN_POINT ( 'NONE',  ( 474.0333209967906782, 484.1912265117933316, 56.58485080497850817 ) ) ;
#3797 = CARTESIAN_POINT ( 'NONE',  ( 451.3999999997692498, 295.7265087009856757, 16.74492854402347319 ) ) ;
#3798 = VECTOR ( 'NONE', #1579, 1000.000000000000114 ) ;
#3799 = CARTESIAN_POINT ( 'NONE',  ( 445.3999999999711576, 295.4209074535347668, -20.89286964001832914 ) ) ;
#3800 = CARTESIAN_POINT ( 'NONE',  ( 459.3999999999999204, 305.9779681371978199, -16.01802409996720655 ) ) ;
#3801 = ORIENTED_EDGE ( 'NONE', *, *, #2713, .F. ) ;
#3802 = CARTESIAN_POINT ( 'NONE',  ( 441.0000000000001137, 298.4598489796746890, -23.09965899063387340 ) ) ;
#3803 = DIRECTION ( 'NONE',  ( -1.000000000000000000, -0.000000000000000000, -0.000000000000000000 ) ) ;
#3804 = EDGE_CURVE ( 'NONE', #6111, #4727, #7612, .T. ) ;
#3805 = EDGE_CURVE ( 'NONE', #1145, #194, #1269, .T. ) ;
#3806 = CARTESIAN_POINT ( 'NONE',  ( 440.0000000000219416, 548.1985322495733044, 12.29880005678418620 ) ) ;
#3807 = ORIENTED_EDGE ( 'NONE', *, *, #8814, .F. ) ;
#3808 = CARTESIAN_POINT ( 'NONE',  ( 447.4999999999999432, 400.9000000000000341, -2.760771534031251750 ) ) ;
#3809 = CARTESIAN_POINT ( 'NONE',  ( 443.9999999999999432, 470.5668708588108302, 42.58485080497850817 ) ) ;
#3810 = CARTESIAN_POINT ( 'NONE',  ( 446.0487030588992070, 527.0975890910756334, -24.54258444948293061 ) ) ;
#3811 = VERTEX_POINT ( 'NONE', #4426 ) ;
#3812 = CARTESIAN_POINT ( 'NONE',  ( 442.5999999999998522, 295.2018017728190671, 17.58860088342040839 ) ) ;
#3813 = ORIENTED_EDGE ( 'NONE', *, *, #9375, .F. ) ;
#3814 = CYLINDRICAL_SURFACE ( 'NONE', #3344, 3.999999999999965361 ) ;
#3815 = ORIENTED_EDGE ( 'NONE', *, *, #732, .T. ) ;
#3816 = CARTESIAN_POINT ( 'NONE',  ( 480.9999999999999432, 5.567196476600537736, 32.07076488355568955 ) ) ;
#3817 = FACE_OUTER_BOUND ( 'NONE', #9481, .T. ) ;
#3818 = VERTEX_POINT ( 'NONE', #7568 ) ;
#3819 = CARTESIAN_POINT ( 'NONE',  ( 413.9989999999999668, 524.3604643982598645, 35.69889116825613939 ) ) ;
#3820 = CIRCLE ( 'NONE', #4328, 16.60000000000000497 ) ;
#3821 = CARTESIAN_POINT ( 'NONE',  ( 422.8526740142684730, 524.3604643982598645, -11.23507891194397246 ) ) ;
#3822 = VERTEX_POINT ( 'NONE', #6787 ) ;
#3823 = AXIS2_PLACEMENT_3D ( 'NONE', #5589, #6633, #8739 ) ;
#3824 = CARTESIAN_POINT ( 'NONE',  ( 442.5999999999998522, 294.4933185049606550, 19.15566352059011734 ) ) ;
#3825 = CARTESIAN_POINT ( 'NONE',  ( 475.4999999999999432, 286.8333081229242225, -15.60649365081390094 ) ) ;
#3826 = DATE_AND_TIME ( #4560, #2183 ) ;
#3827 = EDGE_CURVE ( 'NONE', #168, #2547, #9941, .T. ) ;
#3828 = CARTESIAN_POINT ( 'NONE',  ( 423.2005144719113900, 527.7106470389719561, 43.30643980223512557 ) ) ;
#3829 = ORIENTED_EDGE ( 'NONE', *, *, #3610, .F. ) ;
#3830 = CARTESIAN_POINT ( 'NONE',  ( 440.9999999999998295, 424.8500000000000796, 3.160795882460871731 ) ) ;
#3831 = CARTESIAN_POINT ( 'NONE',  ( 457.2989874132770751, 515.8989725287400461, 56.58485080497849395 ) ) ;
#3832 = EDGE_CURVE ( 'NONE', #6089, #1361, #3691, .T. ) ;
#3833 = ORIENTED_EDGE ( 'NONE', *, *, #6682, .F. ) ;
#3834 = PLANE ( 'NONE',  #3062 ) ;
#3835 = AXIS2_PLACEMENT_3D ( 'NONE', #5788, #8122, #5575 ) ;
#3836 = LINE ( 'NONE', #6884, #6830 ) ;
#3837 = ORIENTED_EDGE ( 'NONE', *, *, #2898, .T. ) ;
#3838 = ADVANCED_FACE ( 'NONE', ( #9993 ), #7943, .F. ) ;
#3839 = EDGE_CURVE ( 'NONE', #5692, #1315, #511, .T. ) ;
#3840 = CARTESIAN_POINT ( 'NONE',  ( 444.5932000679999305, 303.3501970910192540, 24.98630178701351312 ) ) ;
#3841 = EDGE_CURVE ( 'NONE', #215, #9709, #9250, .T. ) ;
#3842 = CARTESIAN_POINT ( 'NONE',  ( 447.6563327767676128, 418.7182996946134494, 19.64200356199716424 ) ) ;
#3843 = CARTESIAN_POINT ( 'NONE',  ( 420.4691390977331480, 521.5976552460897437, 41.67005201591396713 ) ) ;
#3844 = CARTESIAN_POINT ( 'NONE',  ( 445.3999999999785473, 294.8370256257467190, 24.80441335288160332 ) ) ;
#3845 = ADVANCED_FACE ( 'NONE', ( #2332 ), #7819, .T. ) ;
#3846 = CARTESIAN_POINT ( 'NONE',  ( 475.0493545357292646, 286.8333081229242225, -14.35649365081387074 ) ) ;
#3847 = CARTESIAN_POINT ( 'NONE',  ( 441.3535533905932198, 415.1000000000000227, 14.23922846596874514 ) ) ;
#3848 = VERTEX_POINT ( 'NONE', #5477 ) ;
#3849 = CARTESIAN_POINT ( 'NONE',  ( 442.5999999999999091, 295.5616693696434822, -21.57523976205663274 ) ) ;
#3850 = FACE_OUTER_BOUND ( 'NONE', #1346, .T. ) ;
#3851 = CARTESIAN_POINT ( 'NONE',  ( 443.9999999999732836, 547.6785568825604287, 14.50101823865148631 ) ) ;
#3852 = ORIENTED_EDGE ( 'NONE', *, *, #7679, .T. ) ;
#3853 = AXIS2_PLACEMENT_3D ( 'NONE', #5453, #10059, #3969 ) ;
#3854 = CIRCLE ( 'NONE', #37, 8.730000000000000426 ) ;
#3855 = VECTOR ( 'NONE', #3260, 1000.000000000000227 ) ;
#3856 = ADVANCED_FACE ( 'NONE', ( #5586 ), #8540, .T. ) ;
#3857 = CARTESIAN_POINT ( 'NONE',  ( 480.9999999999999432, 285.7438236647383292, 16.59122402630373116 ) ) ;
#3858 = FACE_OUTER_BOUND ( 'NONE', #1308, .T. ) ;
#3859 = DIRECTION ( 'NONE',  ( 0.000000000000000000, 0.000000000000000000, 1.000000000000000000 ) ) ;
#3860 = DIRECTION ( 'NONE',  ( 0.000000000000000000, -1.000000000000000000, 4.625929269271480983E-16 ) ) ;
#3861 = ORIENTED_EDGE ( 'NONE', *, *, #1728, .T. ) ;
#3862 = VECTOR ( 'NONE', #9573, 1000.000000000000000 ) ;
#3863 = ADVANCED_FACE ( 'NONE', ( #2438, #4569 ), #3011, .F. ) ;
#3864 = VECTOR ( 'NONE', #135, 1000.000000000000114 ) ;
#3865 = B_SPLINE_CURVE_WITH_KNOTS ( 'NONE', 3,
 ( #3601, #9064, #5195, #6592 ),
 .UNSPECIFIED., .F., .F.,
 ( 4, 4 ),
 ( 0.000000000000000000, 0.0006084415650237228346 ),
 .UNSPECIFIED. ) ;
#3866 = VECTOR ( 'NONE', #9861, 1000.000000000000000 ) ;
#3867 = DIRECTION ( 'NONE',  ( -1.934902151088186351E-17, -0.2325235526185132906, 0.9725907656757108999 ) ) ;
#3868 = EDGE_LOOP ( 'NONE', ( #9483, #10222, #8674, #1402 ) ) ;
#3869 = CARTESIAN_POINT ( 'NONE',  ( 481.0009999999999764, 333.7394627972502121, 12.17533480644861577 ) ) ;
#3870 = ORIENTED_EDGE ( 'NONE', *, *, #2205, .F. ) ;
#3871 = DIRECTION ( 'NONE',  ( 1.000000000000000000, -0.000000000000000000, -0.000000000000000000 ) ) ;
#3872 = VECTOR ( 'NONE', #2866, 1000.000000000000000 ) ;
#3873 = DIRECTION ( 'NONE',  ( -1.000000000000000000, -2.478716320810480276E-16, -0.000000000000000000 ) ) ;
#3874 = ORIENTED_EDGE ( 'NONE', *, *, #2199, .F. ) ;
#3875 = CIRCLE ( 'NONE', #720, 7.500000000000003553 ) ;
#3876 = DIRECTION ( 'NONE',  ( -2.478716320810480276E-16, 1.000000000000000000, 0.000000000000000000 ) ) ;
#3877 = DIRECTION ( 'NONE',  ( 0.000000000000000000, -1.000000000000000000, 0.000000000000000000 ) ) ;
#3878 = ORIENTED_EDGE ( 'NONE', *, *, #9097, .T. ) ;
#3879 = CIRCLE ( 'NONE', #3721, 16.60000000000000497 ) ;
#3880 = CARTESIAN_POINT ( 'NONE',  ( 440.9999999999998295, 421.1000000000001364, -6.760771534031786878 ) ) ;
#3881 = CARTESIAN_POINT ( 'NONE',  ( 434.4165994624401606, 537.1611377718013500, -19.70467987111803154 ) ) ;
#3882 = DATE_AND_TIME ( #2177, #3004 ) ;
#3883 = CARTESIAN_POINT ( 'NONE',  ( 424.0354967105164974, 525.9549197069491129, 44.75525322684931240 ) ) ;
#3884 = EDGE_LOOP ( 'NONE', ( #5492, #8467, #1151, #9446 ) ) ;
#3885 = CARTESIAN_POINT ( 'NONE',  ( 451.3999999999999204, 289.2730549301076621, 24.70533355698805877 ) ) ;
#3886 = DIRECTION ( 'NONE',  ( 0.000000000000000000, 1.000000000000000000, -1.374084517793742623E-16 ) ) ;
#3887 = ORIENTED_EDGE ( 'NONE', *, *, #7750, .T. ) ;
#3888 = DIRECTION ( 'NONE',  ( 1.000000000000000000, 0.000000000000000000, 0.000000000000000000 ) ) ;
#3889 = CONICAL_SURFACE ( 'NONE', #5705, 15.00000000000000000, 0.7853981633974520538 ) ;
#3890 = DIRECTION ( 'NONE',  ( 2.410776604349945106E-16, -0.9725907656757107889, -0.2325235526185134016 ) ) ;
#3891 = ORIENTED_EDGE ( 'NONE', *, *, #4482, .T. ) ;
#3892 = LINE ( 'NONE', #6215, #344 ) ;
#3893 = CARTESIAN_POINT ( 'NONE',  ( 440.9999999999997726, 295.7154475625820282, 22.64416312074834892 ) ) ;
#3894 = FACE_OUTER_BOUND ( 'NONE', #8215, .T. ) ;
#3895 = CYLINDRICAL_SURFACE ( 'NONE', #9823, 32.00000000000002842 ) ;
#3896 = CARTESIAN_POINT ( 'NONE',  ( 451.4000000000000341, 288.3917434049913595, 24.90487824668097616 ) ) ;
#3897 = ADVANCED_FACE ( 'NONE', ( #10230 ), #44, .F. ) ;
#3898 = CARTESIAN_POINT ( 'NONE',  ( 451.3999999999999204, 297.9155621955962943, -30.85774437985298491 ) ) ;
#3899 = CARTESIAN_POINT ( 'NONE',  ( 434.5291100097546177, 552.6145270542600656, -10.42876393030056548 ) ) ;
#3900 = EDGE_CURVE ( 'NONE', #9998, #3194, #2286, .T. ) ;
#3901 = EDGE_LOOP ( 'NONE', ( #5134, #6468, #3339, #2940 ) ) ;
#3902 = ADVANCED_FACE ( 'NONE', ( #8583 ), #6164, .F. ) ;
#3903 = CARTESIAN_POINT ( 'NONE',  ( 442.5999999999999091, 295.7673451511531653, -22.19660720294919543 ) ) ;
#3904 = FACE_OUTER_BOUND ( 'NONE', #7761, .T. ) ;
#3905 = AXIS2_PLACEMENT_3D ( 'NONE', #8904, #3486, #9780 ) ;
#3906 = CARTESIAN_POINT ( 'NONE',  ( 440.0000000000175078, 548.2242849477443087, 7.692965136014845662 ) ) ;
#3907 = ORIENTED_EDGE ( 'NONE', *, *, #3105, .F. ) ;
#3908 = LINE ( 'NONE', #2406, #2669 ) ;
#3909 = CARTESIAN_POINT ( 'NONE',  ( 475.4999999999999432, 286.8333081229242225, -17.60649365081390272 ) ) ;
#3910 = DIRECTION ( 'NONE',  ( -1.000000000000000000, -2.478716320810480276E-16, -0.000000000000000000 ) ) ;
#3911 = DIRECTION ( 'NONE',  ( 0.000000000000000000, 0.000000000000000000, 1.000000000000000000 ) ) ;
#3912 = ORIENTED_EDGE ( 'NONE', *, *, #6998, .F. ) ;
#3913 = AXIS2_PLACEMENT_3D ( 'NONE', #7634, #2255, #7782 ) ;
#3914 = ADVANCED_FACE ( 'NONE', ( #2387 ), #671, .F. ) ;
#3915 = CARTESIAN_POINT ( 'NONE',  ( 438.0730317999999102, 504.1837287883886916, 56.58485080497849395 ) ) ;
#3916 = ORIENTED_EDGE ( 'NONE', *, *, #9839, .F. ) ;
#3917 = CARTESIAN_POINT ( 'NONE',  ( 471.0732000679998919, 389.9107752361574626, 45.68089797006118147 ) ) ;
#3918 = ORIENTED_EDGE ( 'NONE', *, *, #693, .T. ) ;
#3919 = LINE ( 'NONE', #602, #7313 ) ;
#3920 = DIRECTION ( 'NONE',  ( 0.000000000000000000, -1.000000000000000000, -8.673617379884027583E-16 ) ) ;
#3921 = ORIENTED_EDGE ( 'NONE', *, *, #5405, .F. ) ;
#3922 = CIRCLE ( 'NONE', #6889, 8.730000000000003979 ) ;
#3923 = CARTESIAN_POINT ( 'NONE',  ( 429.6526740142684275, 537.0104643982598418, 14.75472080497848992 ) ) ;
#3924 = DIRECTION ( 'NONE',  ( -1.000000000000000000, 0.000000000000000000, 0.000000000000000000 ) ) ;
#3925 = ORIENTED_EDGE ( 'NONE', *, *, #10203, .F. ) ;
#3926 = CARTESIAN_POINT ( 'NONE',  ( 432.3269393120627910, 524.4159108019563291, 54.42739106379301717 ) ) ;
#3927 = CIRCLE ( 'NONE', #5400, 4.000000000000000000 ) ;
#3928 = LINE ( 'NONE', #9288, #5849 ) ;
#3929 = CARTESIAN_POINT ( 'NONE',  ( 451.3999999999999204, 286.8333081229242225, -16.85649365081390272 ) ) ;
#3930 = ORIENTED_EDGE ( 'NONE', *, *, #7495, .F. ) ;
#3931 = CARTESIAN_POINT ( 'NONE',  ( 471.0732000679998919, 306.5429894958665500, 28.83416829451468644 ) ) ;
#3932 = ORIENTED_EDGE ( 'NONE', *, *, #539, .T. ) ;
#3933 = CARTESIAN_POINT ( 'NONE',  ( 451.3999999999999204, 292.1328725141361247, 12.91650207504379289 ) ) ;
#3934 = CARTESIAN_POINT ( 'NONE',  ( 429.6526740142684275, 554.7104643982598873, 9.929720804978485305 ) ) ;
#3935 = ORIENTED_EDGE ( 'NONE', *, *, #1316, .F. ) ;
#3936 = CYLINDRICAL_SURFACE ( 'NONE', #1742, 6.500000000000000888 ) ;
#3937 = CARTESIAN_POINT ( 'NONE',  ( 442.5999999999999091, 296.9599317942460743, -23.97703626930171694 ) ) ;
#3938 = CIRCLE ( 'NONE', #6901, 6.500000000000005329 ) ;
#3939 = ORIENTED_EDGE ( 'NONE', *, *, #9638, .T. ) ;
#3940 = DIRECTION ( 'NONE',  ( 0.000000000000000000, -1.000000000000000000, 0.000000000000000000 ) ) ;
#3941 = CARTESIAN_POINT ( 'NONE',  ( 441.0000000000000000, 361.9938854097436547, -0.2091084966484989538 ) ) ;
#3942 = DIRECTION ( 'NONE',  ( 0.000000000000000000, 1.000000000000000000, 0.000000000000000000 ) ) ;
#3943 = AXIS2_PLACEMENT_3D ( 'NONE', #7745, #4637, #7793 ) ;
#3944 = DIRECTION ( 'NONE',  ( 0.000000000000000000, 0.000000000000000000, -1.000000000000000000 ) ) ;
#3945 = CARTESIAN_POINT ( 'NONE',  ( 451.4000000000214072, 294.6684415543503519, 24.50896242282438919 ) ) ;
#3946 = CARTESIAN_POINT ( 'NONE',  ( 441.0000000000002842, 296.7643372514711473, 24.61507499230111051 ) ) ;
#3947 = CARTESIAN_POINT ( 'NONE',  ( 445.3999999999996930, 298.9281129477149079, -24.94375558299853424 ) ) ;
#3948 = DIRECTION ( 'NONE',  ( -0.000000000000000000, 0.2325235526185131796, -0.9725907656757107889 ) ) ;
#3949 = ORIENTED_EDGE ( 'NONE', *, *, #738, .F. ) ;
#3950 = CARTESIAN_POINT ( 'NONE',  ( 442.5999999999998522, 295.4798528194789355, -21.20490893970607615 ) ) ;
#3951 = CARTESIAN_POINT ( 'NONE',  ( 447.4999999999999432, 411.6000000000000227, 14.23922846596874514 ) ) ;
#3952 = CARTESIAN_POINT ( 'NONE',  ( 463.3999999999999204, 296.9543463143241411, 20.37265943817060787 ) ) ;
#3953 = AXIS2_PLACEMENT_3D ( 'NONE', #2511, #4178, #3286 ) ;
#3954 = ADVANCED_FACE ( 'NONE', ( #7131 ), #6316, .T. ) ;
#3955 = CARTESIAN_POINT ( 'NONE',  ( 447.4999999999999432, 368.9938854097435978, -10.90910849664849991 ) ) ;
#3956 = ORIENTED_EDGE ( 'NONE', *, *, #4775, .F. ) ;
#3957 = LINE ( 'NONE', #6334, #6630 ) ;
#3958 = CARTESIAN_POINT ( 'NONE',  ( 444.6558023530806167, 535.3235770439538328, 26.24191978133622527 ) ) ;
#3959 = ADVANCED_FACE ( 'NONE', ( #3992 ), #1463, .F. ) ;
#3960 = DIRECTION ( 'NONE',  ( -1.000000000000000000, 0.000000000000000000, 0.000000000000000000 ) ) ;
#3961 = CARTESIAN_POINT ( 'NONE',  ( 412.7908109636667291, 530.8822363201893495, -23.30734112323276364 ) ) ;
#3962 = ORIENTED_EDGE ( 'NONE', *, *, #8776, .T. ) ;
#3963 = AXIS2_PLACEMENT_3D ( 'NONE', #2260, #5262, #6807 ) ;
#3964 = CARTESIAN_POINT ( 'NONE',  ( 415.3021705349435706, 534.3294793939485317, -20.06634702518169888 ) ) ;
#3965 = ADVANCED_FACE ( 'NONE', ( #8633 ), #7767, .F. ) ;
#3966 = ORIENTED_EDGE ( 'NONE', *, *, #5610, .F. ) ;
#3967 = DIRECTION ( 'NONE',  ( 2.410776604349945599E-16, -0.9725907656757107889, -0.2325235526185131518 ) ) ;
#3968 = VERTEX_POINT ( 'NONE', #3063 ) ;
#3969 = DIRECTION ( 'NONE',  ( 0.000000000000000000, 2.775557561562915332E-14, -1.000000000000000000 ) ) ;
#3970 = DIRECTION ( 'NONE',  ( 1.000000000000000000, 0.000000000000000000, 0.000000000000000000 ) ) ;
#3971 = EDGE_LOOP ( 'NONE', ( #6396, #5799, #2811, #1303 ) ) ;
#3972 = CARTESIAN_POINT ( 'NONE',  ( 443.9999999999999432, 538.8899563225710381, -14.15748130319718179 ) ) ;
#3973 = EDGE_CURVE ( 'NONE', #424, #7695, #3892, .T. ) ;
#3974 = CARTESIAN_POINT ( 'NONE',  ( 451.3999999999998067, 289.2665340549356188, 16.03582689286435681 ) ) ;
#3975 = VERTEX_POINT ( 'NONE', #1559 ) ;
#3976 = CIRCLE ( 'NONE', #10232, 6.199999999999983302 ) ;
#3977 = CARTESIAN_POINT ( 'NONE',  ( 453.6999999999999318, 461.3500000000000227, 0.9767284659687371917 ) ) ;
#3978 = CARTESIAN_POINT ( 'NONE',  ( 442.6000000000000796, 295.7519970315253772, 25.85452563140631099 ) ) ;
#3979 = EDGE_LOOP ( 'NONE', ( #5696, #10194 ) ) ;
#3980 = DIRECTION ( 'NONE',  ( 0.000000000000000000, -1.000000000000000000, 1.734723475976805517E-15 ) ) ;
#3981 = ORIENTED_EDGE ( 'NONE', *, *, #434, .T. ) ;
#3982 = CARTESIAN_POINT ( 'NONE',  ( 447.2314668178637476, 295.8408548689230315, 26.27553988482626224 ) ) ;
#3983 = VECTOR ( 'NONE', #2138, 1000.000000000000000 ) ;
#3984 = DIRECTION ( 'NONE',  ( 1.000000000000000000, -2.996186134945139640E-16, -0.000000000000000000 ) ) ;
#3985 = ORIENTED_EDGE ( 'NONE', *, *, #682, .T. ) ;
#3986 = AXIS2_PLACEMENT_3D ( 'NONE', #5700, #8843, #312 ) ;
#3987 = LINE ( 'NONE', #1035, #721 ) ;
#3988 = CARTESIAN_POINT ( 'NONE',  ( 442.5999999999999659, 295.7470889028497254, -17.33422623186669043 ) ) ;
#3989 = ORIENTED_EDGE ( 'NONE', *, *, #3193, .F. ) ;
#3990 = ADVANCED_FACE ( 'NONE', ( #9353 ), #5303, .F. ) ;
#3991 = DIRECTION ( 'NONE',  ( 0.000000000000000000, 0.000000000000000000, -1.000000000000000000 ) ) ;
#3992 = FACE_OUTER_BOUND ( 'NONE', #740, .T. ) ;
#3993 = CARTESIAN_POINT ( 'NONE',  ( 481.0009999999999195, 362.4938854097436547, -0.2091084966484984264 ) ) ;
#3994 = VERTEX_POINT ( 'NONE', #4705 ) ;
#3995 = CARTESIAN_POINT ( 'NONE',  ( 448.5491343314280925, 420.3137226729946860, 18.13466687787298071 ) ) ;
#3996 = DIRECTION ( 'NONE',  ( 0.000000000000000000, -1.000000000000000000, 0.000000000000000000 ) ) ;
#3997 = CIRCLE ( 'NONE', #10087, 8.000000000000007105 ) ;
#3998 = CARTESIAN_POINT ( 'NONE',  ( 451.3999999999783199, 294.7791247057757573, 24.70850796240117475 ) ) ;
#3999 = CARTESIAN_POINT ( 'NONE',  ( 440.9999999999998863, 296.5535984908565865, 24.42281818935408566 ) ) ;
#4000 = CARTESIAN_POINT ( 'NONE',  ( 451.3999999999999204, 297.8077635706943624, -30.83862292930870908 ) ) ;
#4001 = CARTESIAN_POINT ( 'NONE',  ( 413.9999999999999432, 549.4268237278612332, 13.37181953621356278 ) ) ;
#4002 = ADVANCED_FACE ( 'NONE', ( #7080 ), #6288, .T. ) ;
#4003 = ORIENTED_EDGE ( 'NONE', *, *, #4017, .T. ) ;
#4004 = AXIS2_PLACEMENT_3D ( 'NONE', #7177, #84, #3254 ) ;
#4005 = FACE_OUTER_BOUND ( 'NONE', #2314, .T. ) ;
#4006 = DIRECTION ( 'NONE',  ( 1.000000000000000000, 2.478716320810480276E-16, 0.000000000000000000 ) ) ;
#4007 = CARTESIAN_POINT ( 'NONE',  ( 447.4999999999999432, 421.6000000000000227, -13.46077153403123994 ) ) ;
#4008 = CARTESIAN_POINT ( 'NONE',  ( 440.0000000000699174, 544.5225163092741241, 21.36679344610732301 ) ) ;
#4009 = DIRECTION ( 'NONE',  ( -2.478716320810480276E-16, 1.000000000000000000, 0.000000000000000000 ) ) ;
#4010 = CARTESIAN_POINT ( 'NONE',  ( 444.1658453161978173, 537.0596973224724024, -7.554834212569894625 ) ) ;
#4011 = CARTESIAN_POINT ( 'NONE',  ( 449.5000000000000568, 436.1000000000000227, 45.08485080497847974 ) ) ;
#4012 = DIRECTION ( 'NONE',  ( 1.000000000000000000, 0.000000000000000000, -0.000000000000000000 ) ) ;
#4013 =( BOUNDED_CURVE ( )  B_SPLINE_CURVE ( 3, ( #7112, #21, #9541, #7952 ),
 .UNSPECIFIED., .F., .T. ) 
 B_SPLINE_CURVE_WITH_KNOTS ( ( 4, 4 ),
 ( 3.141592653589794004, 4.712388980384689674 ),
 .UNSPECIFIED. ) 
 CURVE ( )  GEOMETRIC_REPRESENTATION_ITEM ( )  RATIONAL_B_SPLINE_CURVE ( ( 1.000000000000000000, 0.8047378541243652705, 0.8047378541243652705, 1.000000000000000000 ) ) 
 REPRESENTATION_ITEM ( '' )  );
#4014 = VERTEX_POINT ( 'NONE', #7402 ) ;
#4015 = EDGE_CURVE ( 'NONE', #691, #1971, #8931, .T. ) ;
#4016 = CARTESIAN_POINT ( 'NONE',  ( 426.2912622236855213, 537.3438442453879134, -19.68656217443838941 ) ) ;
#4017 = EDGE_CURVE ( 'NONE', #4047, #8407, #7349, .T. ) ;
#4018 = AXIS2_PLACEMENT_3D ( 'NONE', #7325, #4782, #5673 ) ;
#4019 = CIRCLE ( 'NONE', #543, 1.649999999999984812 ) ;
#4020 = ORIENTED_EDGE ( 'NONE', *, *, #4930, .T. ) ;
#4021 = DIRECTION ( 'NONE',  ( 0.000000000000000000, -1.000000000000000000, 0.000000000000000000 ) ) ;
#4022 = ORIENTED_EDGE ( 'NONE', *, *, #1004, .F. ) ;
#4023 = DIRECTION ( 'NONE',  ( -0.000000000000000000, -0.000000000000000000, 1.000000000000000000 ) ) ;
#4024 = LINE ( 'NONE', #1802, #7221 ) ;
#4025 = ORIENTED_EDGE ( 'NONE', *, *, #4587, .T. ) ;
#4026 = CARTESIAN_POINT ( 'NONE',  ( 463.3999999999999204, 298.8664056459464859, -14.78352078243893786 ) ) ;
#4027 = EDGE_CURVE ( 'NONE', #6094, #1924, #8028, .T. ) ;
#4028 = CARTESIAN_POINT ( 'NONE',  ( 451.4000000000000341, 288.0954314152570532, 20.17337179206247200 ) ) ;
#4029 = AXIS2_PLACEMENT_3D ( 'NONE', #10088, #8312, #1467 ) ;
#4030 = ORIENTED_EDGE ( 'NONE', *, *, #6817, .T. ) ;
#4031 = AXIS2_PLACEMENT_3D ( 'NONE', #10130, #3692, #576 ) ;
#4032 = ADVANCED_FACE ( 'NONE', ( #2545 ), #6576, .F. ) ;
#4033 = CARTESIAN_POINT ( 'NONE',  ( 444.0000000000000000, 255.9938854097436547, 42.58485080497850817 ) ) ;
#4034 = EDGE_CURVE ( 'NONE', #9866, #6305, #2671, .T. ) ;
#4035 = CARTESIAN_POINT ( 'NONE',  ( 450.6011537308252173, 362.5896078708781261, 7.939095699730508215 ) ) ;
#4036 = CIRCLE ( 'NONE', #7997, 4.000000000000015987 ) ;
#4037 = ORIENTED_EDGE ( 'NONE', *, *, #2188, .F. ) ;
#4038 = CARTESIAN_POINT ( 'NONE',  ( 480.9999999999999432, 285.7438236647383292, 14.59122402630372939 ) ) ;
#4040 = ORIENTED_EDGE ( 'NONE', *, *, #2456, .T. ) ;
#4039 = AXIS2_PLACEMENT_3D ( 'NONE', #4399, #7540, #5213 ) ;
#4041 = CARTESIAN_POINT ( 'NONE',  ( 413.9999999999999432, 276.9938854097435978, -14.82214188486084083 ) ) ;
#4042 = CARTESIAN_POINT ( 'NONE',  ( 415.9006325780965767, 517.5266852768371564, 56.58485080497849395 ) ) ;
#4043 = ORIENTED_EDGE ( 'NONE', *, *, #4704, .F. ) ;
#4044 = FACE_OUTER_BOUND ( 'NONE', #7657, .T. ) ;
#4045 = ADVANCED_FACE ( 'NONE', ( #6629 ), #4104, .F. ) ;
#4046 = CARTESIAN_POINT ( 'NONE',  ( 442.5999999999998522, 295.4923596850052832, -18.34409513667518254 ) ) ;
#4047 = VERTEX_POINT ( 'NONE', #1772 ) ;
#4048 = VECTOR ( 'NONE', #7307, 1000.000000000000000 ) ;
#4049 = DIRECTION ( 'NONE',  ( -0.000000000000000000, -1.000000000000000000, 1.374084517793742623E-16 ) ) ;
#4050 = EDGE_CURVE ( 'NONE', #7746, #8762, #8079, .T. ) ;
#4051 = DIRECTION ( 'NONE',  ( -0.000000000000000000, -1.000000000000000000, 1.374084517793742623E-16 ) ) ;
#4052 = CARTESIAN_POINT ( 'NONE',  ( 441.3535533905932198, 411.6000000000000227, -2.760771534031255303 ) ) ;
#4053 = ORIENTED_EDGE ( 'NONE', *, *, #2439, .F. ) ;
#4054 = CARTESIAN_POINT ( 'NONE',  ( 443.5000000000000000, 346.4394627972502008, 10.52533480644868469 ) ) ;
#4055 = CARTESIAN_POINT ( 'NONE',  ( 443.9999999999999432, 538.3604643982597509, -3.763271607418768205 ) ) ;
#4056 = VECTOR ( 'NONE', #1879, 1000.000000000000000 ) ;
#4057 = CARTESIAN_POINT ( 'NONE',  ( 451.4000000000001478, 294.0373824387173158, 21.80897644336713626 ) ) ;
#4058 = ADVANCED_FACE ( 'NONE', ( #9666 ), #5639, .F. ) ;
#4059 = CARTESIAN_POINT ( 'NONE',  ( 440.9999999999998863, 421.0999999999999659, 18.23922846596882152 ) ) ;
#4060 = CARTESIAN_POINT ( 'NONE',  ( 420.5415243319494607, 521.3802118963750445, -15.81536874376243418 ) ) ;
#4061 = ORIENTED_EDGE ( 'NONE', *, *, #5098, .F. ) ;
#4062 = CARTESIAN_POINT ( 'NONE',  ( 461.9999999999998863, 453.0999999999999659, 38.58485080497850106 ) ) ;
#4063 = ORIENTED_EDGE ( 'NONE', *, *, #3009, .T. ) ;
#4064 = CONICAL_SURFACE ( 'NONE', #5880, 15.00000000000000000, 0.7853981633974520538 ) ;
#4065 = CARTESIAN_POINT ( 'NONE',  ( 418.8526740142684730, 524.3604643982598645, -11.23507891194397246 ) ) ;
#4066 = CARTESIAN_POINT ( 'NONE',  ( 422.9116794421564691, 527.4771202394346119, -18.61089516721940029 ) ) ;
#4067 = CARTESIAN_POINT ( 'NONE',  ( 445.8980778148576860, 532.9228971861891750, -20.89006704280929583 ) ) ;
#4068 = CARTESIAN_POINT ( 'NONE',  ( 443.9999999999649276, 545.1937692299452465, 20.17855174572044064 ) ) ;
#4069 = CARTESIAN_POINT ( 'NONE',  ( 445.0846366923382789, 534.3604643982597509, -3.763271607418768205 ) ) ;
#4070 = CARTESIAN_POINT ( 'NONE',  ( 449.3123806266387419, 420.9572877135470321, -5.594932043242056174 ) ) ;
#4071 = LINE ( 'NONE', #745, #3798 ) ;
#4072 = VERTEX_POINT ( 'NONE', #5804 ) ;
#4073 = VECTOR ( 'NONE', #3232, 1000.000000000000000 ) ;
#4074 = CARTESIAN_POINT ( 'NONE',  ( 648.1342491304876603, 135.1780491122678995, 42.58485080497850817 ) ) ;
#4075 = ORIENTED_EDGE ( 'NONE', *, *, #3067, .F. ) ;
#4076 = CARTESIAN_POINT ( 'NONE',  ( 421.1318379945275865, 520.3577586403877149, 42.31670324651892656 ) ) ;
#4077 = ORIENTED_EDGE ( 'NONE', *, *, #9579, .T. ) ;
#4078 = CARTESIAN_POINT ( 'NONE',  ( 447.4999999999999432, 368.9938854097436547, -6.909108496648497244 ) ) ;
#4079 = DIRECTION ( 'NONE',  ( 0.000000000000000000, 0.000000000000000000, -1.000000000000000000 ) ) ;
#4080 = CIRCLE ( 'NONE', #3245, 15.00000000000000355 ) ;
#4081 = VERTEX_POINT ( 'NONE', #881 ) ;
#4082 =( BOUNDED_SURFACE ( )  B_SPLINE_SURFACE ( 3, 2, ( 
 ( #2054, #1329, #3755 ),
 ( #3654, #6896, #2201 ),
 ( #10046, #2105, #5395 ),
 ( #2974, #4487, #5348 ) ),
 .UNSPECIFIED., .F., .F., .T. ) 
 B_SPLINE_SURFACE_WITH_KNOTS ( ( 4, 4 ),
 ( 3, 3 ),
 ( 0.3544393881162037352, 0.5000000000000147660 ),
 ( 0.000000000000000000, 1.000000000000000000 ),
 .UNSPECIFIED. ) 
 GEOMETRIC_REPRESENTATION_ITEM ( )  RATIONAL_B_SPLINE_SURFACE ( (
 ( 1.000000000000000000, 0.6506949349395698690, 1.000000000000000000),
 ( 1.000000000000000000, 0.6693715023696700239, 1.000000000000000000),
 ( 1.000000000000000000, 0.6886106783356445993, 1.000000000000000000),
 ( 1.000000000000000000, 0.7071067811865517916, 1.000000000000000000) ) ) 
 REPRESENTATION_ITEM ( '' )  SURFACE ( )  );
#4083 = CARTESIAN_POINT ( 'NONE',  ( 447.5000000000000000, 309.9190292061907712, -16.70215687251036840 ) ) ;
#4084 = VECTOR ( 'NONE', #1133, 1000.000000000000000 ) ;
#4085 = CARTESIAN_POINT ( 'NONE',  ( 447.4999999999999432, 417.6000000000000227, 56.58485080497850817 ) ) ;
#4086 = ORIENTED_EDGE ( 'NONE', *, *, #2418, .F. ) ;
#4087 = APPLICATION_CONTEXT ( 'configuration controlled 3d designs of mechanical parts and assemblies' ) ;
#4088 = CARTESIAN_POINT ( 'NONE',  ( 454.1844023497870921, 517.5340361958087669, 56.21924654848112368 ) ) ;
#4089 = CARTESIAN_POINT ( 'NONE',  ( 451.4999999999999432, 362.4938854097437115, 6.790891503351486946 ) ) ;
#4090 = ADVANCED_FACE ( 'NONE', ( #2653 ), #988, .T. ) ;
#4091 = ORIENTED_EDGE ( 'NONE', *, *, #6248, .T. ) ;
#4092 = FACE_OUTER_BOUND ( 'NONE', #2049, .T. ) ;
#4093 = EDGE_LOOP ( 'NONE', ( #4310, #5899, #4502, #4975 ) ) ;
#4094 = DIRECTION ( 'NONE',  ( 0.000000000000000000, -0.9506469424946867308, -0.3102747020391827815 ) ) ;
#4095 = CARTESIAN_POINT ( 'NONE',  ( 457.3030883803800180, 515.9081401132769997, 56.58428469689697948 ) ) ;
#4096 = ORIENTED_EDGE ( 'NONE', *, *, #5858, .T. ) ;
#4097 = EDGE_CURVE ( 'NONE', #8762, #3671, #8801, .T. ) ;
#4098 = DIRECTION ( 'NONE',  ( -0.4811487826947031810, 0.8333741376271384116, 0.2719988890521956026 ) ) ;
#4099 = EDGE_CURVE ( 'NONE', #2530, #8346, #5019, .T. ) ;
#4100 = CARTESIAN_POINT ( 'NONE',  ( 442.5999999999998522, 295.4798528194789355, -21.20490893970607615 ) ) ;
#4101 = ORIENTED_EDGE ( 'NONE', *, *, #9583, .T. ) ;
#4102 = VECTOR ( 'NONE', #8005, 1000.000000000000000 ) ;
#4103 = DIRECTION ( 'NONE',  ( -0.000000000000000000, -1.000000000000000000, -0.000000000000000000 ) ) ;
#4104 = PLANE ( 'NONE',  #3986 ) ;
#4105 = EDGE_CURVE ( 'NONE', #4295, #9540, #1894, .T. ) ;
#4106 = FACE_BOUND ( 'NONE', #6595, .T. ) ;
#4107 = EDGE_CURVE ( 'NONE', #2172, #134, #205, .T. ) ;
#4108 = ORIENTED_EDGE ( 'NONE', *, *, #6641, .F. ) ;
#4109 = CARTESIAN_POINT ( 'NONE',  ( 474.0333209967906782, 484.1912265117933316, -38.54647829248689561 ) ) ;
#4110 = FACE_BOUND ( 'NONE', #5100, .T. ) ;
#4111 = CARTESIAN_POINT ( 'NONE',  ( 451.3999999999999204, 295.8913008811239820, 32.45662015294124103 ) ) ;
#4112 = AXIS2_PLACEMENT_3D ( 'NONE', #2419, #6446, #968 ) ;
#4113 = CARTESIAN_POINT ( 'NONE',  ( 336.0902124738105385, 276.9938854097435978, 0.1778581151391607218 ) ) ;
#4114 = LINE ( 'NONE', #7248, #10184 ) ;
#4115 = ORIENTED_EDGE ( 'NONE', *, *, #9839, .T. ) ;
#4116 = EDGE_CURVE ( 'NONE', #6104, #7541, #7665, .T. ) ;
#4117 = VECTOR ( 'NONE', #4152, 1000.000000000000000 ) ;
#4118 = CARTESIAN_POINT ( 'NONE',  ( 475.0493545357292646, 285.7438236647383292, 16.59122402630373116 ) ) ;
#4119 = DIRECTION ( 'NONE',  ( -1.000000000000000000, 0.000000000000000000, 0.000000000000000000 ) ) ;
#4120 = DIRECTION ( 'NONE',  ( -1.000000000000000000, -2.478716320810480276E-16, -0.000000000000000000 ) ) ;
#4121 = ORIENTED_EDGE ( 'NONE', *, *, #8297, .F. ) ;
#4122 = CARTESIAN_POINT ( 'NONE',  ( 440.9999999999999432, 368.9938854097437115, 6.790891503351495828 ) ) ;
#4123 = CARTESIAN_POINT ( 'NONE',  ( 450.3800428217054446, 421.4469867826211384, -4.193215093829374851 ) ) ;
#4124 = LINE ( 'NONE', #4990, #10053 ) ;
#4125 = ORIENTED_EDGE ( 'NONE', *, *, #962, .T. ) ;
#4126 = VECTOR ( 'NONE', #3948, 1000.000000000000227 ) ;
#4127 = DIRECTION ( 'NONE',  ( 1.000000000000000000, 2.478716320810480276E-16, 0.000000000000000000 ) ) ;
#4128 = EDGE_CURVE ( 'NONE', #3304, #8281, #2702, .T. ) ;
#4129 = DIRECTION ( 'NONE',  ( 0.000000000000000000, 0.000000000000000000, -1.000000000000000000 ) ) ;
#4130 = CARTESIAN_POINT ( 'NONE',  ( 438.9138968553711493, 519.6281464585648564, 56.58485080497848685 ) ) ;
#4131 = ORIENTED_EDGE ( 'NONE', *, *, #1551, .F. ) ;
#4132 = DIRECTION ( 'NONE',  ( 0.000000000000000000, -1.049630672089176363E-15, 1.000000000000000000 ) ) ;
#4133 = ORIENTED_EDGE ( 'NONE', *, *, #7381, .T. ) ;
#4134 = CARTESIAN_POINT ( 'NONE',  ( 441.2590021925647648, 421.6738936734762433, -3.646715891358353723 ) ) ;
#4135 = CARTESIAN_POINT ( 'NONE',  ( 413.9989999999999668, 520.8631485070452527, 46.58485080497850106 ) ) ;
#4136 = ORIENTED_EDGE ( 'NONE', *, *, #5066, .F. ) ;
#4137 = DIRECTION ( 'NONE',  ( -1.000000000000000000, -0.000000000000000000, 0.000000000000000000 ) ) ;
#4138 = VECTOR ( 'NONE', #4813, 1000.000000000000000 ) ;
#4139 = CARTESIAN_POINT ( 'NONE',  ( 440.9999999999998863, 461.5999999999999659, -28.41514919502134617 ) ) ;
#4140 = ORIENTED_EDGE ( 'NONE', *, *, #2143, .F. ) ;
#4141 = CARTESIAN_POINT ( 'NONE',  ( 442.6000000000001364, 295.5127092287705750, 25.64573740759858822 ) ) ;
#4142 = CARTESIAN_POINT ( 'NONE',  ( 448.7312056692862825, 363.5963122003028616, 10.42576033765077703 ) ) ;
#4143 = ORIENTED_EDGE ( 'NONE', *, *, #3069, .T. ) ;
#4144 = DIRECTION ( 'NONE',  ( 0.5150380749100501587, -1.049727191138621654E-16, -0.8571673007021147761 ) ) ;
#4145 = ORIENTED_EDGE ( 'NONE', *, *, #7302, .F. ) ;
#4146 = DIRECTION ( 'NONE',  ( 1.000000000000000000, 0.000000000000000000, 0.000000000000000000 ) ) ;
#4147 = CARTESIAN_POINT ( 'NONE',  ( 423.2163402296732215, 523.8234486539134878, 54.72352504001597850 ) ) ;
#4148 = ORIENTED_EDGE ( 'NONE', *, *, #1904, .T. ) ;
#4149 = DIRECTION ( 'NONE',  ( -1.965662807769971800E-30, 7.930164461608288050E-15, 1.000000000000000000 ) ) ;
#4150 = DIRECTION ( 'NONE',  ( 0.000000000000000000, -0.1710331931357859381, -0.9852652672482558049 ) ) ;
#4151 = ORIENTED_EDGE ( 'NONE', *, *, #8267, .F. ) ;
#4152 = DIRECTION ( 'NONE',  ( -1.000000000000000000, -0.000000000000000000, -0.000000000000000000 ) ) ;
#4153 = DIRECTION ( 'NONE',  ( 0.000000000000000000, -0.2325235526185135404, 0.9725907656757108999 ) ) ;
#4154 = VECTOR ( 'NONE', #318, 1000.000000000000114 ) ;
#4155 = ADVANCED_FACE ( 'NONE', ( #6415 ), #8788, .F. ) ;
#4156 = LINE ( 'NONE', #7134, #8893 ) ;
#4157 = CIRCLE ( 'NONE', #4324, 7.999999999999979572 ) ;
#4158 = ORIENTED_EDGE ( 'NONE', *, *, #7450, .F. ) ;
#4159 = DIRECTION ( 'NONE',  ( 1.000000000000000000, 0.000000000000000000, 0.000000000000000000 ) ) ;
#4160 = DIRECTION ( 'NONE',  ( 0.000000000000000000, -1.000000000000000000, 1.374084517793742623E-16 ) ) ;
#4161 = ORIENTED_EDGE ( 'NONE', *, *, #1695, .F. ) ;
#4162 = CARTESIAN_POINT ( 'NONE',  ( 451.3999999999999204, 296.0411596085879751, 32.49251806626372741 ) ) ;
#4163 = CYLINDRICAL_SURFACE ( 'NONE', #5436, 33.00000000000000000 ) ;
#4164 = CARTESIAN_POINT ( 'NONE',  ( 481.0009999999999195, 415.1000000000000227, -9.260771534031251306 ) ) ;
#4165 = VERTEX_POINT ( 'NONE', #9558 ) ;
#4166 = ADVANCED_FACE ( 'NONE', ( #5961 ), #7970, .F. ) ;
#4167 = EDGE_CURVE ( 'NONE', #3818, #30, #6501, .T. ) ;
#4168 = EDGE_CURVE ( 'NONE', #2943, #1690, #1058, .T. ) ;
#4169 = PLANE ( 'NONE',  #6621 ) ;
#4170 = DIRECTION ( 'NONE',  ( -1.000000000000000000, 0.000000000000000000, -0.000000000000000000 ) ) ;
#4171 = CARTESIAN_POINT ( 'NONE',  ( 465.9999999999998863, 425.6000000000000227, -32.91514919502150605 ) ) ;
#4172 = CARTESIAN_POINT ( 'NONE',  ( 419.1173417305924431, 524.6419951375278288, 39.47190577165514469 ) ) ;
#4173 = CYLINDRICAL_SURFACE ( 'NONE', #6852, 6.500000000000061284 ) ;
#4174 = CARTESIAN_POINT ( 'NONE',  ( 444.0000000000000000, 538.6012541340711550, 27.62670535663951554 ) ) ;
#4175 = ORGANIZATION ( 'UNSPECIFIED', 'UNSPECIFIED', '' ) ;
#4176 = CARTESIAN_POINT ( 'NONE',  ( 465.9999999999998863, 433.1000000000000227, 50.58485080497850817 ) ) ;
#4177 = VECTOR ( 'NONE', #1207, 1000.000000000000000 ) ;
#4178 = DIRECTION ( 'NONE',  ( 0.000000000000000000, 1.000000000000000000, -1.374084517793742623E-16 ) ) ;
#4179 = ORIENTED_EDGE ( 'NONE', *, *, #8147, .T. ) ;
#4180 = CARTESIAN_POINT ( 'NONE',  ( 439.9999999999999432, 541.7000380722563477, 18.26419726390897580 ) ) ;
#4181 = CARTESIAN_POINT ( 'NONE',  ( 447.4999999999999432, 417.6000000000000227, 20.93922846596874976 ) ) ;
#4182 = CARTESIAN_POINT ( 'NONE',  ( 441.0000000000002274, 297.1617339781375335, -21.34844126024497868 ) ) ;
#4183 = ADVANCED_FACE ( 'NONE', ( #8238 ), #567, .F. ) ;
#4184 = AXIS2_PLACEMENT_3D ( 'NONE', #964, #6495, #4132 ) ;
#4185 = CARTESIAN_POINT ( 'NONE',  ( 465.9999999999998863, 453.1000000000000796, -32.91514919502149894 ) ) ;
#4186 = ORIENTED_EDGE ( 'NONE', *, *, #2905, .F. ) ;
#4187 = CARTESIAN_POINT ( 'NONE',  ( 447.9999930119812461, 470.5910988081568007, -32.99212978198413282 ) ) ;
#4188 = CARTESIAN_POINT ( 'NONE',  ( 419.4437067900499301, 517.2811612056773356, 56.58485080497848685 ) ) ;
#4189 = ORIENTED_EDGE ( 'NONE', *, *, #2959, .F. ) ;
#4190 = DIRECTION ( 'NONE',  ( 1.000000000000000000, 0.000000000000000000, 0.000000000000000000 ) ) ;
#4191 = DIRECTION ( 'NONE',  ( 0.7071067811865521247, -0.7071067811865430208, 0.000000000000000000 ) ) ;
#4192 = EDGE_LOOP ( 'NONE', ( #1753, #891, #7220, #35 ) ) ;
#4193 = CIRCLE ( 'NONE', #9448, 6.499999999999956479 ) ;
#4194 = CARTESIAN_POINT ( 'NONE',  ( 440.9999999999999432, 295.6721727973338716, 22.36401313865621177 ) ) ;
#4195 = CARTESIAN_POINT ( 'NONE',  ( 442.6000000000001364, 295.5127092287705750, 25.64573740759858822 ) ) ;
#4196 = ORIENTED_EDGE ( 'NONE', *, *, #4227, .F. ) ;
#4197 = CARTESIAN_POINT ( 'NONE',  ( 443.4999999999999432, 370.4938854097436547, 29.72877838309286602 ) ) ;
#4198 = ORIENTED_EDGE ( 'NONE', *, *, #5558, .T. ) ;
#4199 = CARTESIAN_POINT ( 'NONE',  ( 418.8526740142684730, 524.3604643982598645, -11.23507891194397246 ) ) ;
#4200 = CARTESIAN_POINT ( 'NONE',  ( 431.2317405535367243, 521.9185202602882327, 56.47381301938241904 ) ) ;
#4201 = EDGE_LOOP ( 'NONE', ( #5016, #2431, #6460, #2699 ) ) ;
#4202 = VECTOR ( 'NONE', #7225, 1000.000000000000000 ) ;
#4203 = CARTESIAN_POINT ( 'NONE',  ( 471.0732000679998919, 389.9107752361574626, 45.68089797006118147 ) ) ;
#4204 = AXIS2_PLACEMENT_3D ( 'NONE', #3821, #3676, #8569 ) ;
#4205 = DIRECTION ( 'NONE',  ( -2.478716320810480276E-16, 1.000000000000000000, 0.000000000000000000 ) ) ;
#4206 = ORIENTED_EDGE ( 'NONE', *, *, #2285, .T. ) ;
#4207 = AXIS2_PLACEMENT_3D ( 'NONE', #7070, #8673, #1496 ) ;
#4208 = CIRCLE ( 'NONE', #8812, 6.500000000000061284 ) ;
#4209 = CARTESIAN_POINT ( 'NONE',  ( 451.3999999999999773, 291.6241315098743598, -11.99338997339545188 ) ) ;
#4210 = AXIS2_PLACEMENT_3D ( 'NONE', #294, #6605, #1911 ) ;
#4211 = DIRECTION ( 'NONE',  ( -1.000000000000000000, 0.000000000000000000, 0.000000000000000000 ) ) ;
#4212 = ORIENTED_EDGE ( 'NONE', *, *, #1502, .F. ) ;
#4213 = LINE ( 'NONE', #9722, #7625 ) ;
#4214 = CARTESIAN_POINT ( 'NONE',  ( 417.3583358504805574, 521.1263009830967121, 55.73119262624814496 ) ) ;
#4215 = VERTEX_POINT ( 'NONE', #5912 ) ;
#4216 = CARTESIAN_POINT ( 'NONE',  ( 451.3999999999999204, 295.4446816581196344, 32.33797313815677654 ) ) ;
#4217 = AXIS2_PLACEMENT_3D ( 'NONE', #8447, #8301, #1420 ) ;
#4218 = DIRECTION ( 'NONE',  ( -1.000000000000000000, -0.000000000000000000, 0.000000000000000000 ) ) ;
#4219 = CIRCLE ( 'NONE', #2386, 6.700000000000039257 ) ;
#4220 = DIRECTION ( 'NONE',  ( 0.000000000000000000, 0.000000000000000000, 1.000000000000000000 ) ) ;
#4221 = ORIENTED_EDGE ( 'NONE', *, *, #1251, .T. ) ;
#4222 = DESIGN_CONTEXT ( 'detailed design', #3353, 'design' ) ;
#4223 = DIRECTION ( 'NONE',  ( 0.000000000000000000, 0.000000000000000000, -1.000000000000000000 ) ) ;
#4224 = AXIS2_PLACEMENT_3D ( 'NONE', #8886, #5628, #3256 ) ;
#4225 = CARTESIAN_POINT ( 'NONE',  ( 418.4419114111665294, 526.4052692075255209, -19.11862196756757726 ) ) ;
#4226 = CARTESIAN_POINT ( 'NONE',  ( 443.9999999999999432, 538.8899563225710381, 27.58814969659873029 ) ) ;
#4227 = EDGE_CURVE ( 'NONE', #3579, #7399, #10121, .T. ) ;
#4228 = CARTESIAN_POINT ( 'NONE',  ( 413.9999999999999432, 422.6174999999979605, -46.41514919502148473 ) ) ;
#4229 = EDGE_CURVE ( 'NONE', #5986, #9781, #3705, .T. ) ;
#4230 = DIRECTION ( 'NONE',  ( -2.478716320810480276E-16, 1.000000000000000000, 0.000000000000000000 ) ) ;
#4231 = AXIS2_PLACEMENT_3D ( 'NONE', #9245, #8579, #1503 ) ;
#4232 = EDGE_CURVE ( 'NONE', #6624, #127, #3529, .T. ) ;
#4233 = DIRECTION ( 'NONE',  ( 0.000000000000000000, 0.000000000000000000, -1.000000000000000000 ) ) ;
#4234 = ORIENTED_EDGE ( 'NONE', *, *, #5816, .F. ) ;
#4235 = DIRECTION ( 'NONE',  ( 1.000000000000000000, -2.996186134945139640E-16, -0.000000000000000000 ) ) ;
#4236 = CARTESIAN_POINT ( 'NONE',  ( 447.6563327767677265, 365.3755857151301143, -5.611883592676986332 ) ) ;
#4237 = FACE_OUTER_BOUND ( 'NONE', #1607, .T. ) ;
#4238 = EDGE_CURVE ( 'NONE', #1532, #6009, #9399, .T. ) ;
#4239 = LINE ( 'NONE', #5204, #7798 ) ;
#4240 = VERTEX_POINT ( 'NONE', #6680 ) ;
#4241 = LINE ( 'NONE', #910, #2045 ) ;
#4242 = CYLINDRICAL_SURFACE ( 'NONE', #622, 1.650000000000040323 ) ;
#4243 = LINE ( 'NONE', #1233, #4084 ) ;
#4244 = DIRECTION ( 'NONE',  ( -2.478716320810480276E-16, 1.000000000000000000, 0.000000000000000000 ) ) ;
#4245 = B_SPLINE_CURVE_WITH_KNOTS ( 'NONE', 3,
 ( #4987, #4279, #5822, #5139 ),
 .UNSPECIFIED., .F., .F.,
 ( 4, 4 ),
 ( 4.776056208127869221E-06, 0.0001800821596575539162 ),
 .UNSPECIFIED. ) ;
#4246 = VERTEX_POINT ( 'NONE', #5177 ) ;
#4247 = ADVANCED_FACE ( 'NONE', ( #8342 ), #6519, .F. ) ;
#4248 = CARTESIAN_POINT ( 'NONE',  ( 441.0000000000000000, 295.6676755452294856, 21.22829551561445527 ) ) ;
#4249 = FACE_OUTER_BOUND ( 'NONE', #1758, .T. ) ;
#4250 = ORIENTED_EDGE ( 'NONE', *, *, #3321, .F. ) ;
#4251 = CARTESIAN_POINT ( 'NONE',  ( 443.9999999999999432, 548.1893322682032021, 7.468227110567456251 ) ) ;
#4252 = ORIENTED_EDGE ( 'NONE', *, *, #3648, .F. ) ;
#4253 = CARTESIAN_POINT ( 'NONE',  ( 413.9989999999999668, 56.27650234479270352, -172.4249013431206663 ) ) ;
#4254 = AXIS2_PLACEMENT_3D ( 'NONE', #6988, #6220, #2291 ) ;
#4255 = CARTESIAN_POINT ( 'NONE',  ( 435.4849679139300065, 522.6011033731591624, 56.08260232622727415 ) ) ;
#4256 = VERTEX_POINT ( 'NONE', #4362 ) ;
#4257 = LINE ( 'NONE', #2745, #9296 ) ;
#4258 = AXIS2_PLACEMENT_3D ( 'NONE', #1975, #5117, #8995 ) ;
#4259 = CARTESIAN_POINT ( 'NONE',  ( 447.5000000000000000, 306.3595542011694874, -14.87729038735910159 ) ) ;
#4260 = ORIENTED_EDGE ( 'NONE', *, *, #658, .F. ) ;
#4261 = DIRECTION ( 'NONE',  ( -0.7071067811865521247, 0.7071067811865430208, 0.000000000000000000 ) ) ;
#4262 = ORIENTED_EDGE ( 'NONE', *, *, #186, .T. ) ;
#4263 = CARTESIAN_POINT ( 'NONE',  ( 443.9999999999999432, 538.7128368141763985, -7.751725507382936087 ) ) ;
#4264 = DIRECTION ( 'NONE',  ( 0.000000000000000000, -1.000000000000000000, 2.531130024255398498E-16 ) ) ;
#4265 = CARTESIAN_POINT ( 'NONE',  ( 451.3999999999999204, 285.7438236647383292, 17.84122402630373116 ) ) ;
#4266 = DIRECTION ( 'NONE',  ( -1.000000000000000000, 0.000000000000000000, 0.000000000000000000 ) ) ;
#4267 = ORIENTED_EDGE ( 'NONE', *, *, #9809, .F. ) ;
#4268 = CARTESIAN_POINT ( 'NONE',  ( 451.4000000000007162, 297.3179866677888867, 26.62868383958385365 ) ) ;
#4269 = CIRCLE ( 'NONE', #611, 1.650000000000040323 ) ;
#4270 = DIRECTION ( 'NONE',  ( -1.000000000000000000, -0.000000000000000000, -0.000000000000000000 ) ) ;
#4271 = CYLINDRICAL_SURFACE ( 'NONE', #9502, 8.000000000000000000 ) ;
#4272 = ORIENTED_EDGE ( 'NONE', *, *, #2197, .F. ) ;
#4273 = LINE ( 'NONE', #9784, #2663 ) ;
#4274 = CIRCLE ( 'NONE', #291, 8.000000000000007105 ) ;
#4275 = CARTESIAN_POINT ( 'NONE',  ( 451.3999999999999204, 276.9938854097435978, 0.1778581151391607218 ) ) ;
#4276 = CARTESIAN_POINT ( 'NONE',  ( 476.2770006371723071, 480.3050593787444313, -34.02932217620050181 ) ) ;
#4277 = PERSON ( 'UNSPECIFIED', 'UNSPECIFIED', 'UNSPECIFIED', ('UNSPECIFIED'), ('UNSPECIFIED'), ('UNSPECIFIED') ) ;
#4278 = LINE ( 'NONE', #5767, #1698 ) ;
#4279 = CARTESIAN_POINT ( 'NONE',  ( 441.1675214306505382, 421.7852951886933397, 14.35400408272552397 ) ) ;
#4280 = LINE ( 'NONE', #8251, #7051 ) ;
#4281 = CARTESIAN_POINT ( 'NONE',  ( 413.9999999999999432, 536.0886861333490288, -24.66893524634159718 ) ) ;
#4282 = CIRCLE ( 'NONE', #8555, 3.999999999999823252 ) ;
#4283 = ORIENTED_EDGE ( 'NONE', *, *, #7302, .T. ) ;
#4284 = SPHERICAL_SURFACE ( 'NONE', #7097, 4.000000000000000000 ) ;
#4285 = EDGE_CURVE ( 'NONE', #9920, #9173, #2051, .T. ) ;
#4286 = CARTESIAN_POINT ( 'NONE',  ( 440.9999999999998863, 421.0999999999999659, 18.23922846596882152 ) ) ;
#4287 = CARTESIAN_POINT ( 'NONE',  ( 441.0000000000000568, 296.9893675188964153, -20.51825178670625505 ) ) ;
#4288 = EDGE_CURVE ( 'NONE', #7425, #10242, #8639, .T. ) ;
#4289 = CARTESIAN_POINT ( 'NONE',  ( 440.0000000000001137, 541.6712736494407636, 1.577216242424858583 ) ) ;
#4290 = ORIENTED_EDGE ( 'NONE', *, *, #1688, .F. ) ;
#4291 = CARTESIAN_POINT ( 'NONE',  ( 451.3999999999999204, 289.3461268147291321, 15.86007522828008298 ) ) ;
#4292 = DIRECTION ( 'NONE',  ( 1.000000000000000000, 2.478716320810480276E-16, 0.000000000000000000 ) ) ;
#4293 = LINE ( 'NONE', #9859, #7205 ) ;
#4294 = FACE_OUTER_BOUND ( 'NONE', #3772, .T. ) ;
#4295 = VERTEX_POINT ( 'NONE', #7503 ) ;
#4296 = EDGE_CURVE ( 'NONE', #2547, #7717, #10170, .T. ) ;
#4297 = EDGE_CURVE ( 'NONE', #5286, #3408, #9461, .T. ) ;
#4298 = CARTESIAN_POINT ( 'NONE',  ( 440.9999999999998295, 297.1022979693036632, 17.59510752995336347 ) ) ;
#4299 = DIRECTION ( 'NONE',  ( 0.000000000000000000, 0.000000000000000000, 1.000000000000000000 ) ) ;
#4300 = ORIENTED_EDGE ( 'NONE', *, *, #161, .F. ) ;
#4301 = CARTESIAN_POINT ( 'NONE',  ( 443.9999999999999432, 544.9898274436089878, 20.55982986929179646 ) ) ;
#4302 = VERTEX_POINT ( 'NONE', #5325 ) ;
#4303 = DIRECTION ( 'NONE',  ( 0.000000000000000000, 1.387778780781445922E-16, 1.000000000000000000 ) ) ;
#4304 = EDGE_CURVE ( 'NONE', #965, #2172, #707, .T. ) ;
#4305 = CIRCLE ( 'NONE', #1639, 1.649999999999984812 ) ;
#4306 = DIRECTION ( 'NONE',  ( -2.601736677730715002E-31, 1.049630672089176363E-15, -1.000000000000000000 ) ) ;
#4307 = ORIENTED_EDGE ( 'NONE', *, *, #6107, .T. ) ;
#4308 = DIRECTION ( 'NONE',  ( -0.000000000000000000, -0.000000000000000000, -1.000000000000000000 ) ) ;
#4309 = DIRECTION ( 'NONE',  ( 0.5000000000000017764, -0.8660254037844375974, 0.000000000000000000 ) ) ;
#4310 = ORIENTED_EDGE ( 'NONE', *, *, #5251, .T. ) ;
#4311 = CARTESIAN_POINT ( 'NONE',  ( 444.5932000679999305, 307.2405601537220718, 25.91639599748756595 ) ) ;
#4312 = ORIENTED_EDGE ( 'NONE', *, *, #1816, .F. ) ;
#4313 = DIRECTION ( 'NONE',  ( -0.000000000000000000, -0.000000000000000000, 1.000000000000000000 ) ) ;
#4314 = CARTESIAN_POINT ( 'NONE',  ( 444.2933333333333508, 298.9431832186263023, -24.94639959920905525 ) ) ;
#4315 = APPROVAL_ROLE ( '' ) ;
#4316 = PLANE ( 'NONE',  #3668 ) ;
#4317 = CARTESIAN_POINT ( 'NONE',  ( 418.6891108675446276, 518.5886861333489151, 56.52505537264298852 ) ) ;
#4318 = EDGE_CURVE ( 'NONE', #3744, #9421, #7825, .T. ) ;
#4319 = VERTEX_POINT ( 'NONE', #8052 ) ;
#4320 = DIRECTION ( 'NONE',  ( 0.000000000000000000, 0.000000000000000000, -1.000000000000000000 ) ) ;
#4321 = CYLINDRICAL_SURFACE ( 'NONE', #10007, 4.000000000000000000 ) ;
#4322 = ORIENTED_EDGE ( 'NONE', *, *, #377, .F. ) ;
#4323 = ADVANCED_FACE ( 'NONE', ( #10120 ), #2996, .F. ) ;
#4324 = AXIS2_PLACEMENT_3D ( 'NONE', #5035, #5653, #8197 ) ;
#4325 = FACE_OUTER_BOUND ( 'NONE', #5357, .T. ) ;
#4326 = CARTESIAN_POINT ( 'NONE',  ( 413.9989999999999668, 469.3500000000000227, -29.18954201200539700 ) ) ;
#4327 = DIRECTION ( 'NONE',  ( -1.000000000000000000, -2.478716320810481262E-16, 0.000000000000000000 ) ) ;
#4328 = AXIS2_PLACEMENT_3D ( 'NONE', #5605, #7933, #62 ) ;
#4329 = CARTESIAN_POINT ( 'NONE',  ( 455.2094111632302429, 516.7951947406153295, 56.53620679682487093 ) ) ;
#4330 = EDGE_CURVE ( 'NONE', #7765, #1532, #1025, .T. ) ;
#4331 = CARTESIAN_POINT ( 'NONE',  ( 451.4000000000284558, 295.9154299663717325, -16.83721054971856645 ) ) ;
#4332 = CYLINDRICAL_SURFACE ( 'NONE', #3953, 4.825000000000000178 ) ;
#4333 = EDGE_LOOP ( 'NONE', ( #4370, #6569, #9392, #7877 ) ) ;
#4334 = AXIS2_PLACEMENT_3D ( 'NONE', #5279, #7506, #8240 ) ;
#4335 = CARTESIAN_POINT ( 'NONE',  ( 449.1124206123486715, 363.2749388302170246, -3.313897988566957054 ) ) ;
#4336 = CARTESIAN_POINT ( 'NONE',  ( 481.0009999999999195, 405.1000000000000227, 0.000000000000000000 ) ) ;
#4337 = CARTESIAN_POINT ( 'NONE',  ( 439.9999999999650413, 546.4400537277625745, 2.137421963336240349 ) ) ;
#4338 = EDGE_LOOP ( 'NONE', ( #7514, #3022, #8086, #2465 ) ) ;
#4339 = CARTESIAN_POINT ( 'NONE',  ( 445.4000000000141313, 294.8104074902314551, 18.34675877083737205 ) ) ;
#4340 = VECTOR ( 'NONE', #6456, 1000.000000000000000 ) ;
#4341 = CARTESIAN_POINT ( 'NONE',  ( 447.4999999999999432, 421.6000000000000227, -13.46077153403123283 ) ) ;
#4342 = CARTESIAN_POINT ( 'NONE',  ( 414.4071583365025617, 530.7433131557636443, -22.96831538306695109 ) ) ;
#4343 = FACE_BOUND ( 'NONE', #1644, .T. ) ;
#4344 = ORIENTED_EDGE ( 'NONE', *, *, #3098, .F. ) ;
#4345 = CARTESIAN_POINT ( 'NONE',  ( 440.9999999999996589, 296.3703994785332156, 18.80144691864311923 ) ) ;
#4346 = DIRECTION ( 'NONE',  ( 0.000000000000000000, 1.387778780781445922E-16, 1.000000000000000000 ) ) ;
#4347 = ORIENTED_EDGE ( 'NONE', *, *, #10084, .T. ) ;
#4348 = CYLINDRICAL_SURFACE ( 'NONE', #2849, 4.000000000000003553 ) ;
#4349 = VERTEX_POINT ( 'NONE', #3929 ) ;
#4350 = DIRECTION ( 'NONE',  ( -1.000000000000000000, -0.000000000000000000, 0.000000000000000000 ) ) ;
#4351 = CARTESIAN_POINT ( 'NONE',  ( 480.9999999999999432, 276.9938854097435978, 0.1778581151391607218 ) ) ;
#4352 = ORIENTED_EDGE ( 'NONE', *, *, #1004, .T. ) ;
#4353 = DIRECTION ( 'NONE',  ( 0.000000000000000000, 0.000000000000000000, -1.000000000000000000 ) ) ;
#4354 = AXIS2_PLACEMENT_3D ( 'NONE', #222, #5821, #3390 ) ;
#4355 = DIRECTION ( 'NONE',  ( -0.000000000000000000, 0.2325235526185131796, -0.9725907656757107889 ) ) ;
#4356 = EDGE_CURVE ( 'NONE', #8883, #10092, #2228, .T. ) ;
#4357 = ORIENTED_EDGE ( 'NONE', *, *, #9508, .F. ) ;
#4358 = CARTESIAN_POINT ( 'NONE',  ( 443.9999999999999432, 538.3604643982594098, -3.763271607418768205 ) ) ;
#4359 = EDGE_CURVE ( 'NONE', #1315, #6393, #2275, .T. ) ;
#4360 = ORIENTED_EDGE ( 'NONE', *, *, #7718, .F. ) ;
#4361 = CARTESIAN_POINT ( 'NONE',  ( 443.9999999999998295, 538.1041950720727982, 35.05961353374785006 ) ) ;
#4362 = CARTESIAN_POINT ( 'NONE',  ( 480.9999999999999432, 285.7753056806467384, -13.90925152544260968 ) ) ;
#4363 = LINE ( 'NONE', #9721, #7787 ) ;
#4364 = LINE ( 'NONE', #1930, #6648 ) ;
#4365 = CIRCLE ( 'NONE', #2863, 1.650000000000040323 ) ;
#4366 = SPHERICAL_SURFACE ( 'NONE', #6845, 4.000000000000000000 ) ;
#4367 = AXIS2_PLACEMENT_3D ( 'NONE', #6916, #9189, #608 ) ;
#4368 = EDGE_CURVE ( 'NONE', #7425, #556, #7800, .T. ) ;
#4369 = ORIENTED_EDGE ( 'NONE', *, *, #1071, .F. ) ;
#4370 = ORIENTED_EDGE ( 'NONE', *, *, #2171, .T. ) ;
#4371 = DIRECTION ( 'NONE',  ( 0.000000000000000000, -0.6364713999879916262, -0.7713003027338481976 ) ) ;
#4372 = ORIENTED_EDGE ( 'NONE', *, *, #732, .F. ) ;
#4373 = AXIS2_PLACEMENT_3D ( 'NONE', #3427, #9720, #4153 ) ;
#4374 = AXIS2_PLACEMENT_3D ( 'NONE', #9438, #3302, #10167 ) ;
#4375 = AXIS2_PLACEMENT_3D ( 'NONE', #3182, #6337, #4676 ) ;
#4376 = EDGE_CURVE ( 'NONE', #1145, #9161, #8573, .T. ) ;
#4377 = FACE_OUTER_BOUND ( 'NONE', #3274, .T. ) ;
#4378 = DIRECTION ( 'NONE',  ( 1.000000000000000000, 2.478716320810480276E-16, 0.000000000000000000 ) ) ;
#4379 = CARTESIAN_POINT ( 'NONE',  ( 443.9999999999999432, 545.3710683704101712, -4.932313550719315209 ) ) ;
#4380 = ADVANCED_FACE ( 'NONE', ( #10218 ), #6150, .F. ) ;
#4381 = VECTOR ( 'NONE', #8700, 1000.000000000000000 ) ;
#4382 = CIRCLE ( 'NONE', #4851, 4.000000000000007105 ) ;
#4383 = CARTESIAN_POINT ( 'NONE',  ( 455.0868481486089081, 517.0102837006279515, 56.40476007292689786 ) ) ;
#4384 = CARTESIAN_POINT ( 'NONE',  ( 451.3999999999138026, 295.6305463298761538, -17.71764153786204687 ) ) ;
#4385 = CARTESIAN_POINT ( 'NONE',  ( 413.9999999999998863, 537.6161372612563127, -15.08207708972260797 ) ) ;
#4386 = ORIENTED_EDGE ( 'NONE', *, *, #2039, .F. ) ;
#4387 = AXIS2_PLACEMENT_3D ( 'NONE', #4199, #254, #7179 ) ;
#4388 = CARTESIAN_POINT ( 'NONE',  ( 440.9999999999999432, 297.0017020937073653, -20.61211360962700212 ) ) ;
#4389 = CARTESIAN_POINT ( 'NONE',  ( 441.0000000000003979, 296.6207547517619787, 24.48979653506285459 ) ) ;
#4390 = CARTESIAN_POINT ( 'NONE',  ( 440.9999999999997158, 297.0315940313249712, -20.79863975544779464 ) ) ;
#4391 = CARTESIAN_POINT ( 'NONE',  ( 443.9999999999997726, 541.6747925820717455, -6.002742234595424442 ) ) ;
#4392 = ORIENTED_EDGE ( 'NONE', *, *, #4597, .F. ) ;
#4393 = DIRECTION ( 'NONE',  ( 0.000000000000000000, 0.000000000000000000, 1.000000000000000000 ) ) ;
#4394 = DIRECTION ( 'NONE',  ( 0.000000000000000000, 1.000000000000000000, 0.000000000000000000 ) ) ;
#4395 = CARTESIAN_POINT ( 'NONE',  ( 414.1331499491250270, 533.0090810742763097, -21.07632661846572830 ) ) ;
#4396 = CARTESIAN_POINT ( 'NONE',  ( 433.9738818885904834, 537.2358775683853764, -19.69690522820107503 ) ) ;
#4397 = ORIENTED_EDGE ( 'NONE', *, *, #5288, .T. ) ;
#4398 = CARTESIAN_POINT ( 'NONE',  ( 442.5999999999999659, 294.8850411698556400, 18.19730792473597702 ) ) ;
#4399 = CARTESIAN_POINT ( 'NONE',  ( 448.5932000679999305, 389.9107752361574057, 45.68089797006116015 ) ) ;
#4400 = ORIENTED_EDGE ( 'NONE', *, *, #7187, .F. ) ;
#4401 = CARTESIAN_POINT ( 'NONE',  ( 443.9999999999999432, 545.4684758731434613, 0.1696627959985254341 ) ) ;
#4402 = ORIENTED_EDGE ( 'NONE', *, *, #1750, .T. ) ;
#4403 = DIRECTION ( 'NONE',  ( 0.000000000000000000, 1.374084517793742623E-16, 1.000000000000000000 ) ) ;
#4404 = CARTESIAN_POINT ( 'NONE',  ( 457.3062953576819609, 515.9153092113911043, 56.57794048360949546 ) ) ;
#4405 = ORIENTED_EDGE ( 'NONE', *, *, #5471, .F. ) ;
#4406 = B_SPLINE_CURVE_WITH_KNOTS ( 'NONE', 3,
 ( #5933, #7031, #3653, #5253, #1560, #2000, #7820, #6033, #5479, #10000, #3608, #4389, #9170, #9216, #442, #3706, #9902, #7528, #2104, #8409, #4707, #7627, #6848, #2926, #776, #2149, #1508, #8584, #3893, #6748, #5981, #9117, #2052, #5202, #8359, #1280, #6318, #206, #5535, #5701, #2489, #3375, #8029, #2389, #7919, #7240, #9456, #3315, #10231, #1656, #45, #4914, #9506, #882, #3215, #6467 ),
 .UNSPECIFIED., .F., .F.,
 ( 4, 2, 2, 2, 2, 2, 2, 2, 2, 2, 2, 2, 2, 2, 2, 2, 2, 2, 2, 2, 2, 2, 2, 2, 2, 2, 2, 4 ),
 ( 0.000000000000000000, 0.03125000000000000000, 0.06250000000000000000, 0.09375000000000000000, 0.1093750000000000000, 0.1250000000000000000, 0.1562500000000000278, 0.1875000000000000000, 0.2187500000000000000, 0.2500000000000000000, 0.2812500000000000000, 0.3125000000000000555, 0.3281250000000000555, 0.3437500000000000555, 0.3750000000000000000, 0.4375000000000000000, 0.4687500000000000555, 0.5000000000000000000, 0.5312500000000000000, 0.5625000000000000000, 0.6250000000000001110, 0.6875000000000001110, 0.7187500000000000000, 0.7500000000000000000, 0.7812500000000001110, 0.8125000000000000000, 0.8750000000000000000, 1.000000000000000000 ),
 .UNSPECIFIED. ) ;
#4407 = CARTESIAN_POINT ( 'NONE',  ( 461.9999999999998863, 449.6000000000000796, 43.08485080497851527 ) ) ;
#4408 = CARTESIAN_POINT ( 'NONE',  ( 450.0570134171142058, 294.2797461151144489, -24.13686884103150732 ) ) ;
#4409 = ORIENTED_EDGE ( 'NONE', *, *, #10212, .F. ) ;
#4410 = DIRECTION ( 'NONE',  ( 0.000000000000000000, 0.000000000000000000, -1.000000000000000000 ) ) ;
#4411 = VERTEX_POINT ( 'NONE', #657 ) ;
#4412 = B_SPLINE_CURVE_WITH_KNOTS ( 'NONE', 3,
 ( #2424, #4088, #6453, #7018, #27, #4741, #7068, #3926, #1699, #918 ),
 .UNSPECIFIED., .F., .F.,
 ( 4, 1, 1, 1, 1, 1, 1, 4 ),
 ( 0.000000000000000000, 0.07335266952070985946, 0.2129858836017093915, 0.3293468953358755225, 0.4224357047232081830, 0.5155245141105407880, 0.6318855258447075851, 0.6732659463030112867 ),
 .UNSPECIFIED. ) ;
#4413 = PRODUCT ( 'Right Front Suspension Upright (Updated)', 'Right Front Suspension Upright (Updated)', '', ( #3428 ) ) ;
#4414 = DIRECTION ( 'NONE',  ( -1.000000000000000000, -0.000000000000000000, -0.000000000000000000 ) ) ;
#4415 = CONICAL_SURFACE ( 'NONE', #5550, 6.500000000000005329, 0.7853981633974482790 ) ;
#4416 = CARTESIAN_POINT ( 'NONE',  ( 453.6999999999999318, 429.6000000000000796, 5.739228465968748694 ) ) ;
#4417 = PERSON_AND_ORGANIZATION_ROLE ( 'design_owner' ) ;
#4418 = EDGE_CURVE ( 'NONE', #4, #6689, #7056, .T. ) ;
#4419 = CARTESIAN_POINT ( 'NONE',  ( 442.5999999999999659, 298.9431832186263023, -24.94639959920906591 ) ) ;
#4420 = CARTESIAN_POINT ( 'NONE',  ( 443.9999999999999432, 538.3604643982596372, 23.62334978965654742 ) ) ;
#4421 = EDGE_CURVE ( 'NONE', #1727, #1853, #4604, .T. ) ;
#4422 = ORIENTED_EDGE ( 'NONE', *, *, #3492, .T. ) ;
#4423 = ORIENTED_EDGE ( 'NONE', *, *, #783, .T. ) ;
#4424 = CARTESIAN_POINT ( 'NONE',  ( 441.1340969072670646, 421.2936438869278959, -5.388643711259233804 ) ) ;
#4425 = ORIENTED_EDGE ( 'NONE', *, *, #9569, .F. ) ;
#4426 = CARTESIAN_POINT ( 'NONE',  ( 448.5932000679999305, 393.8011382988602804, 46.61099218053522719 ) ) ;
#4427 = CARTESIAN_POINT ( 'NONE',  ( 336.0902124738105385, 362.4938854097437115, 17.49089150335155551 ) ) ;
#4428 = DIRECTION ( 'NONE',  ( 0.000000000000000000, -1.000000000000000000, 0.000000000000000000 ) ) ;
#4429 = VECTOR ( 'NONE', #558, 1000.000000000000000 ) ;
#4430 = EDGE_CURVE ( 'NONE', #1690, #2233, #5934, .T. ) ;
#4431 = CARTESIAN_POINT ( 'NONE',  ( 445.4000000000215209, 296.1009926703168276, -22.89554835193198912 ) ) ;
#4432 = CARTESIAN_POINT ( 'NONE',  ( 480.8764499738186373, 461.7745059966971439, 41.16973414087019023 ) ) ;
#4433 = ORIENTED_EDGE ( 'NONE', *, *, #5375, .T. ) ;
#4434 = AXIS2_PLACEMENT_3D ( 'NONE', #8046, #7258, #7152 ) ;
#4435 = CARTESIAN_POINT ( 'NONE',  ( 441.0000000000001705, 297.9023778623063663, -22.66032992564128890 ) ) ;
#4436 = CARTESIAN_POINT ( 'NONE',  ( 448.5932000679999305, 306.5429894958665500, 28.83416829451468644 ) ) ;
#4437 = CARTESIAN_POINT ( 'NONE',  ( 440.9999999999998863, 457.8500000000000796, -0.8711620393360257619 ) ) ;
#4438 = LINE ( 'NONE', #5099, #3521 ) ;
#4439 = ORIENTED_EDGE ( 'NONE', *, *, #935, .F. ) ;
#4440 = FACE_OUTER_BOUND ( 'NONE', #1483, .T. ) ;
#4441 = DIRECTION ( 'NONE',  ( -1.000000000000000000, -0.000000000000000000, -0.000000000000000000 ) ) ;
#4442 = PLANE ( 'NONE',  #9676 ) ;
#4443 = CARTESIAN_POINT ( 'NONE',  ( 424.2587803872144718, 537.0694531483318315, -19.71389713767285912 ) ) ;
#4444 = ORIENTED_EDGE ( 'NONE', *, *, #8643, .T. ) ;
#4445 = ADVANCED_FACE ( 'NONE', ( #4237 ), #8309, .F. ) ;
#4446 = EDGE_CURVE ( 'NONE', #1788, #4511, #7156, .T. ) ;
#4447 = DIRECTION ( 'NONE',  ( 0.000000000000000000, 0.9725907656757108999, 0.2325235526185131241 ) ) ;
#4448 = AXIS2_PLACEMENT_3D ( 'NONE', #5587, #2546, #4756 ) ;
#4449 = LINE ( 'NONE', #2836, #2875 ) ;
#4450 = VERTEX_POINT ( 'NONE', #1074 ) ;
#4451 = CARTESIAN_POINT ( 'NONE',  ( 442.3730669589463673, 491.5668708588109439, 42.58485080497850817 ) ) ;
#4452 = EDGE_LOOP ( 'NONE', ( #5598, #6480 ) ) ;
#4453 = DIRECTION ( 'NONE',  ( 1.000000000000000000, 2.478716320810480276E-16, 0.000000000000000000 ) ) ;
#4454 = CARTESIAN_POINT ( 'NONE',  ( 443.4235444392106729, 521.7864222962266467, 55.47907133240262567 ) ) ;
#4455 = ORIENTED_EDGE ( 'NONE', *, *, #1153, .T. ) ;
#4456 = FACE_OUTER_BOUND ( 'NONE', #6656, .T. ) ;
#4457 = CARTESIAN_POINT ( 'NONE',  ( 419.9548045053950318, 522.5140529290611084, -20.25303750969397498 ) ) ;
#4458 = ORIENTED_EDGE ( 'NONE', *, *, #10089, .T. ) ;
#4459 = CARTESIAN_POINT ( 'NONE',  ( 480.8170278961532631, 462.5532840344235979, -33.42098020979437933 ) ) ;
#4460 = EDGE_LOOP ( 'NONE', ( #6913, #3792 ) ) ;
#4461 = CARTESIAN_POINT ( 'NONE',  ( 441.0000000000000000, 361.9938854097435978, 56.58485080497861475 ) ) ;
#4462 = CARTESIAN_POINT ( 'NONE',  ( 440.4799999999999613, 298.9431832186263023, -24.94639959920905525 ) ) ;
#4463 = AXIS2_PLACEMENT_3D ( 'NONE', #1066, #9737, #8252 ) ;
#4464 = DATE_AND_TIME ( #6151, #678 ) ;
#4465 = DIRECTION ( 'NONE',  ( 0.000000000000000000, 0.9725907656757107889, 0.2325235526185131518 ) ) ;
#4466 = ORIENTED_EDGE ( 'NONE', *, *, #8687, .F. ) ;
#4467 = DIRECTION ( 'NONE',  ( -0.000000000000000000, -4.336808689942013299E-16, 1.000000000000000000 ) ) ;
#4468 = CARTESIAN_POINT ( 'NONE',  ( 413.9989999999999668, 471.8321976163135218, -36.79471755196289706 ) ) ;
#4469 = ORIENTED_EDGE ( 'NONE', *, *, #4831, .F. ) ;
#4470 = CARTESIAN_POINT ( 'NONE',  ( 449.5000000000000568, 453.1000000000000796, 18.23922846596918390 ) ) ;
#4471 = CARTESIAN_POINT ( 'NONE',  ( 443.9999999999999432, 538.3604643982594098, -3.763271607418678055 ) ) ;
#4472 = VERTEX_POINT ( 'NONE', #333 ) ;
#4473 = AXIS2_PLACEMENT_3D ( 'NONE', #7195, #2553, #1780 ) ;
#4474 = ADVANCED_FACE ( 'NONE', ( #8159 ), #2001, .T. ) ;
#4475 = DIRECTION ( 'NONE',  ( -0.2264815348330740663, 0.9740154590044529659, -1.369735013703363143E-16 ) ) ;
#4476 = DIRECTION ( 'NONE',  ( 0.000000000000000000, 0.3042177147026950967, -0.9526025309965693300 ) ) ;
#4477 = CARTESIAN_POINT ( 'NONE',  ( 440.9999999999999432, 461.5999999999999659, 38.58485080497850106 ) ) ;
#4478 = ADVANCED_FACE ( 'NONE', ( #7374, #2726, #3558 ), #285, .T. ) ;
#4479 = CARTESIAN_POINT ( 'NONE',  ( 451.4000000000284558, 296.9885727255603456, -24.00086480272832645 ) ) ;
#4480 = CIRCLE ( 'NONE', #9743, 4.000000000000003553 ) ;
#4481 = CARTESIAN_POINT ( 'NONE',  ( 442.5999999999999091, 417.8641142528620662, -45.59000416092386843 ) ) ;
#4482 = EDGE_CURVE ( 'NONE', #7964, #6111, #4036, .T. ) ;
#4483 = ORIENTED_EDGE ( 'NONE', *, *, #166, .F. ) ;
#4484 = EDGE_CURVE ( 'NONE', #4246, #7419, #3239, .T. ) ;
#4485 = CARTESIAN_POINT ( 'NONE',  ( 441.0000000000001705, 297.3937540444004526, -17.45961575885213080 ) ) ;
#4486 = CARTESIAN_POINT ( 'NONE',  ( 451.4999999999999432, 417.6000000000000227, 14.23922846596874514 ) ) ;
#4487 = CARTESIAN_POINT ( 'NONE',  ( 421.9947515573465466, 518.8631485070450253, 46.58485080497844422 ) ) ;
#4488 = AXIS2_PLACEMENT_3D ( 'NONE', #3743, #7764, #669 ) ;
#4489 = VECTOR ( 'NONE', #4475, 999.9999999999998863 ) ;
#4490 = CARTESIAN_POINT ( 'NONE',  ( 440.0000000000351292, 548.2858909950725774, 8.118243958630184665 ) ) ;
#4491 = ORIENTED_EDGE ( 'NONE', *, *, #6623, .F. ) ;
#4492 = DIRECTION ( 'NONE',  ( 1.000000000000000000, -2.996186134945139640E-16, -0.000000000000000000 ) ) ;
#4493 = CYLINDRICAL_SURFACE ( 'NONE', #6384, 8.000000000000000000 ) ;
#4494 = CARTESIAN_POINT ( 'NONE',  ( 421.1003664786729246, 534.4362606067244315, -22.14736913231109128 ) ) ;
#4495 = VERTEX_POINT ( 'NONE', #1281 ) ;
#4496 = ADVANCED_FACE ( 'NONE', ( #2248 ), #5982, .T. ) ;
#4497 = FACE_OUTER_BOUND ( 'NONE', #9911, .T. ) ;
#4498 = DIRECTION ( 'NONE',  ( 0.000000000000000000, 0.2325235526185131796, -0.9725907656757107889 ) ) ;
#4499 = CONICAL_SURFACE ( 'NONE', #9765, 8.280000000000091731, 0.7853981633974039811 ) ;
#4500 = ORIENTED_EDGE ( 'NONE', *, *, #2649, .T. ) ;
#4501 = DIRECTION ( 'NONE',  ( 0.000000000000000000, -1.000000000000000000, 0.000000000000000000 ) ) ;
#4502 = ORIENTED_EDGE ( 'NONE', *, *, #9097, .F. ) ;
#4503 = CARTESIAN_POINT ( 'NONE',  ( 459.3999999999999204, 309.9190292061907712, -16.70215687251036840 ) ) ;
#4504 = CARTESIAN_POINT ( 'NONE',  ( 414.2279205265116389, 523.0830394880065342, 53.32921493775957344 ) ) ;
#4505 = ADVANCED_FACE ( 'NONE', ( #6180 ), #4082, .F. ) ;
#4506 = ORIENTED_EDGE ( 'NONE', *, *, #892, .F. ) ;
#4507 = DIRECTION ( 'NONE',  ( 0.000000000000000000, 0.000000000000000000, 1.000000000000000000 ) ) ;
#4508 = CARTESIAN_POINT ( 'NONE',  ( 418.8415779539270147, 525.3107003285163046, -19.34026022105619091 ) ) ;
#4509 = ORIENTED_EDGE ( 'NONE', *, *, #7429, .T. ) ;
#4510 = VECTOR ( 'NONE', #9004, 1000.000000000000000 ) ;
#4511 = VERTEX_POINT ( 'NONE', #5203 ) ;
#4512 = DIRECTION ( 'NONE',  ( 0.000000000000000000, 0.000000000000000000, 1.000000000000000000 ) ) ;
#4513 = DIRECTION ( 'NONE',  ( -0.000000000000000000, -1.000000000000000000, 1.374084517793742623E-16 ) ) ;
#4514 = LINE ( 'NONE', #9881, #524 ) ;
#4515 = ORIENTED_EDGE ( 'NONE', *, *, #4897, .T. ) ;
#4516 = FACE_OUTER_BOUND ( 'NONE', #3728, .T. ) ;
#4517 = DIRECTION ( 'NONE',  ( 0.000000000000000000, 0.9725907656757107889, 0.2325235526185136237 ) ) ;
#4518 = ORIENTED_EDGE ( 'NONE', *, *, #3658, .T. ) ;
#4519 = CARTESIAN_POINT ( 'NONE',  ( 480.9999999999999432, 285.7438236647383292, 16.59122402630373116 ) ) ;
#4520 = DIRECTION ( 'NONE',  ( 0.000000000000000000, 1.000000000000000000, 0.000000000000000000 ) ) ;
#4521 = ORIENTED_EDGE ( 'NONE', *, *, #4168, .F. ) ;
#4522 = CIRCLE ( 'NONE', #7985, 2.000000000000001776 ) ;
#4523 = CARTESIAN_POINT ( 'NONE',  ( 443.9999999999999432, 538.3604643982596372, 23.62334978965654742 ) ) ;
#4524 = CARTESIAN_POINT ( 'NONE',  ( 465.9999999999998863, 449.6000000000000796, 46.58485080497850817 ) ) ;
#4525 = DIRECTION ( 'NONE',  ( 1.000000000000000000, 0.000000000000000000, 0.000000000000000000 ) ) ;
#4526 = VECTOR ( 'NONE', #4313, 1000.000000000000000 ) ;
#4527 = CARTESIAN_POINT ( 'NONE',  ( 451.3999999999999204, 294.6593568839265913, -29.69601475257777778 ) ) ;
#4528 = CIRCLE ( 'NONE', #4672, 4.825000000000001066 ) ;
#4529 = CARTESIAN_POINT ( 'NONE',  ( 480.9008549687886216, 461.4024330838493029, 39.63882626775234996 ) ) ;
#4530 = VERTEX_POINT ( 'NONE', #8502 ) ;
#4531 = CARTESIAN_POINT ( 'NONE',  ( 441.0000000000001137, 298.5018905651331806, -23.12311361832882994 ) ) ;
#4532 = EDGE_CURVE ( 'NONE', #715, #1530, #395, .T. ) ;
#4533 = VECTOR ( 'NONE', #5276, 1000.000000000000000 ) ;
#4534 = CARTESIAN_POINT ( 'NONE',  ( 440.9999999999999432, 297.5059222192471680, -22.12865085825368894 ) ) ;
#4535 = ADVANCED_FACE ( 'NONE', ( #10001 ), #9315, .F. ) ;
#4536 = CARTESIAN_POINT ( 'NONE',  ( 440.0000000000000568, 546.4612936751492498, 17.67607223851861065 ) ) ;
#4537 = EDGE_LOOP ( 'NONE', ( #9801, #3357, #4910, #3912 ) ) ;
#4538 = DIRECTION ( 'NONE',  ( -1.396999760858461614E-14, 0.9852652672482558049, -0.1710331931357860491 ) ) ;
#4539 = EDGE_CURVE ( 'NONE', #5219, #4792, #3609, .T. ) ;
#4540 = FACE_OUTER_BOUND ( 'NONE', #584, .T. ) ;
#4541 = VECTOR ( 'NONE', #9470, 1000.000000000000000 ) ;
#4542 = CARTESIAN_POINT ( 'NONE',  ( 437.1166688423413689, 531.7263501167924460, -23.03183699544279506 ) ) ;
#4543 = EDGE_LOOP ( 'NONE', ( #10104, #4595, #7296, #5265 ) ) ;
#4544 = DIRECTION ( 'NONE',  ( 2.442193098255953558E-16, -0.9852652672482566931, 0.1710331931357803870 ) ) ;
#4545 = CARTESIAN_POINT ( 'NONE',  ( 444.5932000679999305, 393.8011382988602804, 46.61099218053522719 ) ) ;
#4546 = AXIS2_PLACEMENT_3D ( 'NONE', #2806, #2909, #1985 ) ;
#4547 = ORIENTED_EDGE ( 'NONE', *, *, #795, .F. ) ;
#4548 = CYLINDRICAL_SURFACE ( 'NONE', #6148, 4.000000000000001776 ) ;
#4549 = ORIENTED_EDGE ( 'NONE', *, *, #9316, .F. ) ;
#4550 = CARTESIAN_POINT ( 'NONE',  ( 480.9999999999999432, 286.8333081229242225, -17.60649365081390272 ) ) ;
#4551 = CARTESIAN_POINT ( 'NONE',  ( 444.5932000679999305, 303.3501970910192540, 24.98630178701351312 ) ) ;
#4552 = VERTEX_POINT ( 'NONE', #6797 ) ;
#4553 = DIRECTION ( 'NONE',  ( 1.000000000000000000, 0.000000000000000000, 0.000000000000000000 ) ) ;
#4554 = EDGE_CURVE ( 'NONE', #4677, #1853, #1712, .T. ) ;
#4555 = CARTESIAN_POINT ( 'NONE',  ( 451.3999999999999204, 289.8372897942130635, -23.36569836015983270 ) ) ;
#4556 = ORIENTED_EDGE ( 'NONE', *, *, #6695, .T. ) ;
#4557 = ORIENTED_EDGE ( 'NONE', *, *, #6441, .T. ) ;
#4558 = CARTESIAN_POINT ( 'NONE',  ( 442.5999999999999091, 294.0744208732925813, 21.07952663254484449 ) ) ;
#4559 = CARTESIAN_POINT ( 'NONE',  ( 429.6526740142684844, 537.5186806443891783, -19.67000922246355188 ) ) ;
#4560 = CALENDAR_DATE ( 2024, 29, 2 ) ;
#4561 = DIRECTION ( 'NONE',  ( 1.000000000000000000, 0.000000000000000000, 0.000000000000000000 ) ) ;
#4562 = ORIENTED_EDGE ( 'NONE', *, *, #7944, .F. ) ;
#4563 = CARTESIAN_POINT ( 'NONE',  ( 480.9999999999999432, 276.9938854097435978, 0.1778581151391607218 ) ) ;
#4564 = CARTESIAN_POINT ( 'NONE',  ( 435.1413741261461041, 519.7774536387181570, 56.58485080497850106 ) ) ;
#4565 = VERTEX_POINT ( 'NONE', #9171 ) ;
#4566 = CARTESIAN_POINT ( 'NONE',  ( 429.6526740142684275, 554.7104643982598873, 1.199720804978486211 ) ) ;
#4567 = CARTESIAN_POINT ( 'NONE',  ( 461.9999999999998863, 446.6000000000000227, -34.91514919502149183 ) ) ;
#4568 = ORIENTED_EDGE ( 'NONE', *, *, #7354, .T. ) ;
#4569 = FACE_OUTER_BOUND ( 'NONE', #9984, .T. ) ;
#4570 = CARTESIAN_POINT ( 'NONE',  ( 449.7274776470403594, 421.1937756861937601, 16.52093458291663453 ) ) ;
#4571 = VECTOR ( 'NONE', #2421, 1000.000000000000000 ) ;
#4572 = VECTOR ( 'NONE', #5053, 1000.000000000000000 ) ;
#4573 = CARTESIAN_POINT ( 'NONE',  ( 451.4000000000359591, 296.1009926703557653, -22.89554835191189852 ) ) ;
#4574 = CARTESIAN_POINT ( 'NONE',  ( 440.9999999999998863, 421.0999999999999659, 38.58485080497851527 ) ) ;
#4575 = EDGE_LOOP ( 'NONE', ( #2914, #4344, #922, #8322, #8945 ) ) ;
#4576 = CARTESIAN_POINT ( 'NONE',  ( 441.0000000000002274, 297.1617339781375335, -21.34844126024497868 ) ) ;
#4577 = CARTESIAN_POINT ( 'NONE',  ( 440.9999999999998295, 298.8484353420985258, -23.27742133449583761 ) ) ;
#4578 = CARTESIAN_POINT ( 'NONE',  ( 439.9999999999647002, 547.7915456704857888, 14.11790038957221505 ) ) ;
#4579 = VERTEX_POINT ( 'NONE', #7628 ) ;
#4580 = LINE ( 'NONE', #8507, #3102 ) ;
#4581 = CARTESIAN_POINT ( 'NONE',  ( 447.9999976658502305, 471.8160623283885116, -36.79998383056694422 ) ) ;
#4582 = CIRCLE ( 'NONE', #112, 20.99999999999998224 ) ;
#4583 = CARTESIAN_POINT ( 'NONE',  ( 427.7113302643211910, 535.6445161596126354, -21.75301544021213118 ) ) ;
#4584 = ORIENTED_EDGE ( 'NONE', *, *, #5936, .T. ) ;
#4585 = EDGE_CURVE ( 'NONE', #2784, #5062, #538, .T. ) ;
#4586 = CARTESIAN_POINT ( 'NONE',  ( 442.6000000000001364, 294.0581795435409163, 22.29639458336888680 ) ) ;
#4587 = EDGE_CURVE ( 'NONE', #8053, #3466, #9624, .T. ) ;
#4588 = DIRECTION ( 'NONE',  ( 1.000000000000000000, 0.000000000000000000, 0.000000000000000000 ) ) ;
#4589 = AXIS2_PLACEMENT_3D ( 'NONE', #7839, #2300, #8599 ) ;
#4590 = ORIENTED_EDGE ( 'NONE', *, *, #4229, .F. ) ;
#4591 = CARTESIAN_POINT ( 'NONE',  ( 441.5333333333333599, 297.5713501595890307, 25.59253344744782765 ) ) ;
#4592 = ORIENTED_EDGE ( 'NONE', *, *, #7890, .F. ) ;
#4593 = DIRECTION ( 'NONE',  ( 0.000000000000000000, 0.000000000000000000, 1.000000000000000000 ) ) ;
#4594 = CARTESIAN_POINT ( 'NONE',  ( 440.9999999999999432, 468.5503855319574882, -43.65137797472397807 ) ) ;
#4595 = ORIENTED_EDGE ( 'NONE', *, *, #8718, .F. ) ;
#4596 = CARTESIAN_POINT ( 'NONE',  ( 451.3999999999999204, 276.9938854097435978, 0.1778581151391607218 ) ) ;
#4597 = EDGE_CURVE ( 'NONE', #8393, #1727, #232, .T. ) ;
#4598 = LINE ( 'NONE', #6096, #6492 ) ;
#4599 = ORIENTED_EDGE ( 'NONE', *, *, #2718, .T. ) ;
#4600 = EDGE_CURVE ( 'NONE', #6343, #2879, #8800, .T. ) ;
#4601 = VECTOR ( 'NONE', #418, 1000.000000000000114 ) ;
#4602 = CARTESIAN_POINT ( 'NONE',  ( 442.6000000000001364, 295.0907361337345947, 17.78807496912385133 ) ) ;
#4603 = ADVANCED_FACE ( 'NONE', ( #3850 ), #1622, .T. ) ;
#4604 = LINE ( 'NONE', #2677, #2371 ) ;
#4605 = SECURITY_CLASSIFICATION_LEVEL ( 'unclassified' ) ;
#4606 = ORIENTED_EDGE ( 'NONE', *, *, #3722, .T. ) ;
#4607 = CARTESIAN_POINT ( 'NONE',  ( 447.9330762216954440, 295.2150184393585732, 26.12591712971063984 ) ) ;
#4608 = CARTESIAN_POINT ( 'NONE',  ( 452.0876813613490981, 517.4002736728243690, 56.58485080497847974 ) ) ;
#4609 = ORIENTED_EDGE ( 'NONE', *, *, #4852, .F. ) ;
#4610 = DIRECTION ( 'NONE',  ( 0.000000000000000000, 0.000000000000000000, -1.000000000000000000 ) ) ;
#4611 = CARTESIAN_POINT ( 'NONE',  ( 441.3535533905932198, 405.1000000000000227, 5.739228465968743365 ) ) ;
#4612 = EDGE_LOOP ( 'NONE', ( #5680, #3347 ) ) ;
#4613 = EDGE_CURVE ( 'NONE', #559, #9808, #7930, .T. ) ;
#4614 = DIRECTION ( 'NONE',  ( 0.000000000000000000, 0.000000000000000000, 1.000000000000000000 ) ) ;
#4615 = CARTESIAN_POINT ( 'NONE',  ( 430.5421627956395128, 533.1006677785148895, -22.58328350630086234 ) ) ;
#4616 = CARTESIAN_POINT ( 'NONE',  ( 443.9999999999997158, 540.2582212729950015, 32.20126067555908378 ) ) ;
#4617 = CARTESIAN_POINT ( 'NONE',  ( 445.4000000000563091, 294.9427124614908848, 18.06867002337035544 ) ) ;
#4618 = AXIS2_PLACEMENT_3D ( 'NONE', #1683, #2411, #801 ) ;
#4619 = CARTESIAN_POINT ( 'NONE',  ( 440.9999999999999432, 415.1000000000000227, 14.23922846596874514 ) ) ;
#4620 = CARTESIAN_POINT ( 'NONE',  ( 447.9999999999999432, 471.7837417176215808, -36.81036225997797118 ) ) ;
#4621 = ORIENTED_EDGE ( 'NONE', *, *, #625, .T. ) ;
#4622 = CARTESIAN_POINT ( 'NONE',  ( 442.5999999999999659, 297.7369724100539656, -24.52882449103435292 ) ) ;
#4623 = CARTESIAN_POINT ( 'NONE',  ( 450.3027619461772133, 525.2937604794690287, -25.10012933832064519 ) ) ;
#4624 = CARTESIAN_POINT ( 'NONE',  ( 439.9999999999650413, 548.3714684173894511, 8.985264586478464821 ) ) ;
#4625 = VERTEX_POINT ( 'NONE', #8750 ) ;
#4626 = SPHERICAL_SURFACE ( 'NONE', #9409, 4.000000000000000000 ) ;
#4627 = DIRECTION ( 'NONE',  ( 0.000000000000000000, 0.000000000000000000, -1.000000000000000000 ) ) ;
#4628 = LINE ( 'NONE', #8460, #10169 ) ;
#4629 = CARTESIAN_POINT ( 'NONE',  ( 441.5000000000001137, 375.4938854097437684, 6.790891503351500269 ) ) ;
#4630 = EDGE_LOOP ( 'NONE', ( #3429, #2689, #8113, #2819, #4841, #4212 ) ) ;
#4631 = LINE ( 'NONE', #5449, #334 ) ;
#4632 = AXIS2_PLACEMENT_3D ( 'NONE', #8660, #122, #10202 ) ;
#4633 = ORIENTED_EDGE ( 'NONE', *, *, #5237, .T. ) ;
#4634 = DIRECTION ( 'NONE',  ( -2.442193098255954051E-16, 0.9852652672482569152, -0.1710331931357803592 ) ) ;
#4635 = ORIENTED_EDGE ( 'NONE', *, *, #9714, .T. ) ;
#4636 = DIRECTION ( 'NONE',  ( 0.000000000000000000, 0.000000000000000000, 1.000000000000000000 ) ) ;
#4637 = DIRECTION ( 'NONE',  ( 1.000000000000000000, 2.478716320810480276E-16, 0.000000000000000000 ) ) ;
#4638 = VERTEX_POINT ( 'NONE', #2 ) ;
#4639 = CARTESIAN_POINT ( 'NONE',  ( 447.4999999999999432, 421.6000000000000227, -13.46077153403123994 ) ) ;
#4640 = CARTESIAN_POINT ( 'NONE',  ( 441.3535533905932198, 421.2044585785573076, 16.47207092854380406 ) ) ;
#4641 = ORIENTED_EDGE ( 'NONE', *, *, #1071, .T. ) ;
#4642 = VECTOR ( 'NONE', #6788, 1000.000000000000000 ) ;
#4643 = B_SPLINE_CURVE_WITH_KNOTS ( 'NONE', 3,
 ( #1562, #3117, #6983, #3842, #9458, #7768, #10135, #1608, #4758, #3995, #47, #6372, #2240, #4570, #3795, #9304, #5386, #8541, #1464, #6216, #8951, #9774 ),
 .UNSPECIFIED., .F., .F.,
 ( 4, 2, 2, 2, 2, 2, 2, 2, 2, 2, 4 ),
 ( 0.000000000000000000, 0.001094438947559064944, 0.001641658421338508837, 0.002188877895117952947, 0.003283316842676847237, 0.004377755790235741094, 0.005472194737794635819, 0.006566633685353530543, 0.007661072632912425268, 0.008208292106691829695, 0.008755511580471235858 ),
 .UNSPECIFIED. ) ;
#4644 = DIRECTION ( 'NONE',  ( 0.000000000000000000, 0.000000000000000000, 1.000000000000000000 ) ) ;
#4645 = DIRECTION ( 'NONE',  ( 0.000000000000000000, 1.000000000000000000, -0.000000000000000000 ) ) ;
#4646 = ADVANCED_FACE ( 'NONE', ( #3904 ), #5489, .F. ) ;
#4647 = CARTESIAN_POINT ( 'NONE',  ( 443.9999978881713218, 470.5814920508743171, -32.99476293449375675 ) ) ;
#4648 = ORIENTED_EDGE ( 'NONE', *, *, #2436, .T. ) ;
#4649 = DIRECTION ( 'NONE',  ( 1.000000000000000000, 0.000000000000000000, 0.000000000000000000 ) ) ;
#4650 = CARTESIAN_POINT ( 'NONE',  ( 413.9989999999999668, 235.0329790560278695, 284.8219227160391824 ) ) ;
#4651 = EDGE_LOOP ( 'NONE', ( #4951, #8180, #3949, #6153 ) ) ;
#4652 = ADVANCED_FACE ( 'NONE', ( #5602 ), #6345, .F. ) ;
#4653 = DIRECTION ( 'NONE',  ( -1.000000000000000000, -0.000000000000000000, -0.000000000000000000 ) ) ;
#4654 = ADVANCED_FACE ( 'NONE', ( #7042 ), #7147, .F. ) ;
#4655 = DIRECTION ( 'NONE',  ( 1.000000000000000000, 2.478716320810480276E-16, 0.000000000000000000 ) ) ;
#4656 = VERTEX_POINT ( 'NONE', #3952 ) ;
#4657 = DIRECTION ( 'NONE',  ( 1.000000000000000000, 0.000000000000000000, 0.000000000000000000 ) ) ;
#4658 = AXIS2_PLACEMENT_3D ( 'NONE', #9523, #2405, #5551 ) ;
#4659 = DIRECTION ( 'NONE',  ( 0.000000000000000000, 0.9725907656757108999, 0.2325235526185131241 ) ) ;
#4660 = DIRECTION ( 'NONE',  ( 0.000000000000000000, 0.000000000000000000, 1.000000000000000000 ) ) ;
#4661 = CARTESIAN_POINT ( 'NONE',  ( 450.6427183301254331, 294.7005305342873953, -12.91529279455696155 ) ) ;
#4662 = CARTESIAN_POINT ( 'NONE',  ( 451.4000000000000341, 288.1340492045542305, 23.38992277454295987 ) ) ;
#4663 = CARTESIAN_POINT ( 'NONE',  ( 451.4000000000010004, 298.9313324738638471, -24.94432564700437638 ) ) ;
#4664 = EDGE_CURVE ( 'NONE', #5672, #1337, #3229, .T. ) ;
#4665 = CARTESIAN_POINT ( 'NONE',  ( 414.0000000000000000, 545.1627646984236435, 23.76237218059824130 ) ) ;
#4666 = ORIENTED_EDGE ( 'NONE', *, *, #4930, .F. ) ;
#4667 = CARTESIAN_POINT ( 'NONE',  ( 442.5999999999997954, 296.6363697691281800, -23.64765061495671361 ) ) ;
#4668 = CARTESIAN_POINT ( 'NONE',  ( 442.5999999999999659, 298.9431832186263023, -24.94639959920905525 ) ) ;
#4669 = CARTESIAN_POINT ( 'NONE',  ( 439.9999999999999432, 543.9409328938201043, 13.03123120369753885 ) ) ;
#4670 = EDGE_LOOP ( 'NONE', ( #10070, #9560, #8225, #5967 ) ) ;
#4671 = VECTOR ( 'NONE', #1077, 1000.000000000000000 ) ;
#4672 = AXIS2_PLACEMENT_3D ( 'NONE', #2797, #9663, #9093 ) ;
#4673 = LINE ( 'NONE', #5, #10080 ) ;
#4674 = CARTESIAN_POINT ( 'NONE',  ( 448.4179425595630164, 453.1000000000000796, -2.847747114603131902 ) ) ;
#4675 = DIRECTION ( 'NONE',  ( -1.000000000000000000, 0.000000000000000000, 0.000000000000000000 ) ) ;
#4676 = DIRECTION ( 'NONE',  ( 0.000000000000000000, 1.000000000000000000, 0.000000000000000000 ) ) ;
#4677 = VERTEX_POINT ( 'NONE', #789 ) ;
#4678 = AXIS2_PLACEMENT_3D ( 'NONE', #4860, #4211, #3682 ) ;
#4679 = CIRCLE ( 'NONE', #2222, 16.60000000000000497 ) ;
#4680 = CARTESIAN_POINT ( 'NONE',  ( 419.0802978720902843, 535.7707866913223143, -19.86349778511246811 ) ) ;
#4681 = VERTEX_POINT ( 'NONE', #7989 ) ;
#4682 = CARTESIAN_POINT ( 'NONE',  ( 447.5000000000000000, 308.7948825839263236, 19.09072618763478602 ) ) ;
#4683 = VERTEX_POINT ( 'NONE', #6383 ) ;
#4684 = CARTESIAN_POINT ( 'NONE',  ( 481.0009999999999195, 415.1000000000000227, 20.73922846596873981 ) ) ;
#4685 = AXIS2_PLACEMENT_3D ( 'NONE', #7083, #10234, #6320 ) ;
#4686 = LINE ( 'NONE', #2987, #9520 ) ;
#4687 = EDGE_LOOP ( 'NONE', ( #6665, #7774, #3731, #9168 ) ) ;
#4688 = AXIS2_PLACEMENT_3D ( 'NONE', #3174, #6809, #6042 ) ;
#4689 = CARTESIAN_POINT ( 'NONE',  ( 440.9999999999999432, 446.6000000000000227, 18.23922846596880731 ) ) ;
#4690 = CARTESIAN_POINT ( 'NONE',  ( 447.9999999999999432, 469.3500000000000227, 38.58485080497850106 ) ) ;
#4691 = VERTEX_POINT ( 'NONE', #898 ) ;
#4692 = VECTOR ( 'NONE', #2429, 1000.000000000000000 ) ;
#4693 = CARTESIAN_POINT ( 'NONE',  ( 413.9999999999999432, 446.6000000000000227, 45.08485080497847974 ) ) ;
#4694 = DIRECTION ( 'NONE',  ( -0.9272107150460354719, -0.3745401045333057732, 0.000000000000000000 ) ) ;
#4695 = DIRECTION ( 'NONE',  ( -2.356384091690163476E-16, 0.9506469424946871749, 0.3102747020391814492 ) ) ;
#4696 = DIRECTION ( 'NONE',  ( -1.000000000000000000, -0.000000000000000000, -0.000000000000000000 ) ) ;
#4697 = EDGE_LOOP ( 'NONE', ( #9232, #3956, #3891, #9227, #2156 ) ) ;
#4698 = CARTESIAN_POINT ( 'NONE',  ( 450.5097379566975064, 291.9078678348228095, 25.33525528636392110 ) ) ;
#4699 = CYLINDRICAL_SURFACE ( 'NONE', #2136, 3.999999999999823252 ) ;
#4700 = ORIENTED_EDGE ( 'NONE', *, *, #428, .T. ) ;
#4701 = CARTESIAN_POINT ( 'NONE',  ( 451.4999999999999432, 421.6000000000000227, 24.93922846596874976 ) ) ;
#4702 = CARTESIAN_POINT ( 'NONE',  ( 442.5999999999999659, 297.3275705319530289, -24.27198681363288202 ) ) ;
#4703 = ORIENTED_EDGE ( 'NONE', *, *, #2034, .T. ) ;
#4704 = EDGE_CURVE ( 'NONE', #1095, #1171, #737, .T. ) ;
#4705 = CARTESIAN_POINT ( 'NONE',  ( 443.9999999999999432, 538.8899563225710381, -14.15748130319718179 ) ) ;
#4706 = EDGE_CURVE ( 'NONE', #1532, #8311, #1624, .T. ) ;
#4707 = CARTESIAN_POINT ( 'NONE',  ( 441.0000000000001137, 295.9470205117934825, 23.46596041781280917 ) ) ;
#4708 = CARTESIAN_POINT ( 'NONE',  ( 443.4999999999999432, 379.6938854097437570, 6.790891503351464742 ) ) ;
#4709 = DIRECTION ( 'NONE',  ( 0.000000000000000000, 1.000000000000000000, 0.000000000000000000 ) ) ;
#4710 = CARTESIAN_POINT ( 'NONE',  ( 451.3999999999422243, 294.3674953516206187, 23.87077005162639054 ) ) ;
#4711 = CARTESIAN_POINT ( 'NONE',  ( 441.0650828778396431, 429.2186253693425897, 56.58485080497850817 ) ) ;
#4712 = CARTESIAN_POINT ( 'NONE',  ( 447.5000000000000000, 307.8647883734522566, 22.98108925033765004 ) ) ;
#4713 = EDGE_CURVE ( 'NONE', #2161, #4691, #1556, .T. ) ;
#4714 = DIRECTION ( 'NONE',  ( 0.000000000000000000, 0.9391474736241992582, 0.3435142250115473805 ) ) ;
#4715 = ORIENTED_EDGE ( 'NONE', *, *, #5354, .T. ) ;
#4716 = CARTESIAN_POINT ( 'NONE',  ( 442.5999999999999659, 298.1756059512723027, -24.73583978244434078 ) ) ;
#4717 = DIRECTION ( 'NONE',  ( 0.000000000000000000, 0.000000000000000000, -1.000000000000000000 ) ) ;
#4719 = ADVANCED_FACE ( 'NONE', ( #3074 ), #3554, .F. ) ;
#4718 = VECTOR ( 'NONE', #7587, 1000.000000000000000 ) ;
#4720 = CARTESIAN_POINT ( 'NONE',  ( 418.3028383500567884, 526.4655632430857395, 44.33387389481401186 ) ) ;
#4721 = ORIENTED_EDGE ( 'NONE', *, *, #8879, .T. ) ;
#4722 = DIRECTION ( 'NONE',  ( -1.000000000000000000, -0.000000000000000000, 0.000000000000000000 ) ) ;
#4723 = LINE ( 'NONE', #794, #2937 ) ;
#4724 = CARTESIAN_POINT ( 'NONE',  ( 447.8680034202117781, 419.2819939581149242, -7.739729692286192453 ) ) ;
#4725 = CARTESIAN_POINT ( 'NONE',  ( 415.9477279389633964, 532.4628785317743223, -22.79144687338292030 ) ) ;
#4726 =( BOUNDED_CURVE ( )  B_SPLINE_CURVE ( 3, ( #426, #3590, #5553, #8553 ),
 .UNSPECIFIED., .F., .T. ) 
 B_SPLINE_CURVE_WITH_KNOTS ( ( 4, 4 ),
 ( 4.188790204786390525, 4.328488254477092845 ),
 .UNSPECIFIED. ) 
 CURVE ( )  GEOMETRIC_REPRESENTATION_ITEM ( )  RATIONAL_B_SPLINE_CURVE ( ( 1.000000000000000000, 0.9983743656777299691, 0.9983743656777299691, 1.000000000000000000 ) ) 
 REPRESENTATION_ITEM ( '' )  );
#4727 = VERTEX_POINT ( 'NONE', #5441 ) ;
#4728 = PLANE ( 'NONE',  #8591 ) ;
#4729 = B_SPLINE_CURVE_WITH_KNOTS ( 'NONE', 3,
 ( #5868, #9008, #6687, #9833 ),
 .UNSPECIFIED., .F., .F.,
 ( 4, 4 ),
 ( 0.5769230769230809797, 0.8461538461538539169 ),
 .UNSPECIFIED. ) ;
#4730 = ORIENTED_EDGE ( 'NONE', *, *, #177, .T. ) ;
#4731 = CARTESIAN_POINT ( 'NONE',  ( 424.0354967105164974, 525.9549197069489992, 44.75525322684944030 ) ) ;
#4732 = ORIENTED_EDGE ( 'NONE', *, *, #6857, .F. ) ;
#4733 = DIRECTION ( 'NONE',  ( 0.000000000000000000, -0.9852652672482568041, 0.1710331931357803592 ) ) ;
#4734 = DIRECTION ( 'NONE',  ( 1.000000000000000000, -2.996186134945139640E-16, -0.000000000000000000 ) ) ;
#4735 = VERTEX_POINT ( 'NONE', #4668 ) ;
#4736 = VECTOR ( 'NONE', #6244, 1000.000000000000000 ) ;
#4737 = CARTESIAN_POINT ( 'NONE',  ( 480.9999999999999432, 449.6000000000000796, 50.58485080497850817 ) ) ;
#4738 = ADVANCED_FACE ( 'NONE', ( #376 ), #5820, .F. ) ;
#4739 = LINE ( 'NONE', #7064, #3373 ) ;
#4740 = ORIENTED_EDGE ( 'NONE', *, *, #7304, .F. ) ;
#4741 = CARTESIAN_POINT ( 'NONE',  ( 439.5832945798672995, 523.0839732062205485, 54.94736461377338088 ) ) ;
#4742 = CIRCLE ( 'NONE', #1611, 6.500000000000061284 ) ;
#4743 = CARTESIAN_POINT ( 'NONE',  ( 442.5999999999998522, 295.4023344431922169, 25.53549305175110717 ) ) ;
#4744 = ORIENTED_EDGE ( 'NONE', *, *, #9023, .T. ) ;
#4745 = DIRECTION ( 'NONE',  ( 0.000000000000000000, -2.365499919840624750E-15, -1.000000000000000000 ) ) ;
#4746 = ORIENTED_EDGE ( 'NONE', *, *, #6362, .F. ) ;
#4747 = CARTESIAN_POINT ( 'NONE',  ( 448.9223615212537197, 294.2094538849024161, 25.88551032055594092 ) ) ;
#4748 = CARTESIAN_POINT ( 'NONE',  ( 416.4322502987511712, 515.7607768181204619, 56.58485080497849395 ) ) ;
#4749 = EDGE_LOOP ( 'NONE', ( #6245, #9191, #4148, #2911 ) ) ;
#4750 = EDGE_CURVE ( 'NONE', #4240, #473, #6246, .T. ) ;
#4751 = LINE ( 'NONE', #4798, #2064 ) ;
#4752 = CARTESIAN_POINT ( 'NONE',  ( 442.6000000000003638, 297.0770870738636518, -24.08000782528620931 ) ) ;
#4753 = CIRCLE ( 'NONE', #6411, 6.699999999999983302 ) ;
#4754 = ORIENTED_EDGE ( 'NONE', *, *, #9952, .T. ) ;
#4755 = CARTESIAN_POINT ( 'NONE',  ( 413.9999999999999432, 429.6000000000000227, -28.41514919502149183 ) ) ;
#4756 = DIRECTION ( 'NONE',  ( 0.000000000000000000, 0.000000000000000000, 1.000000000000000000 ) ) ;
#4757 = VERTEX_POINT ( 'NONE', #7362 ) ;
#4758 = CARTESIAN_POINT ( 'NONE',  ( 448.2133353242654721, 419.8955901744782864, 18.63918976242168668 ) ) ;
#4759 = DIRECTION ( 'NONE',  ( 0.000000000000000000, 0.000000000000000000, 1.000000000000000000 ) ) ;
#4760 = CARTESIAN_POINT ( 'NONE',  ( 445.4000000000143018, 294.6684415542206352, 24.50896242289587690 ) ) ;
#4761 = CYLINDRICAL_SURFACE ( 'NONE', #147, 4.000000000000000000 ) ;
#4762 = EDGE_CURVE ( 'NONE', #2187, #4014, #6694, .T. ) ;
#4763 = CARTESIAN_POINT ( 'NONE',  ( 413.9999999999998863, 546.1083121393126021, 22.07481447132383678 ) ) ;
#4764 = ORIENTED_EDGE ( 'NONE', *, *, #10068, .F. ) ;
#4765 = CARTESIAN_POINT ( 'NONE',  ( 442.5999999999999091, 296.9599317942460743, -23.97703626930171694 ) ) ;
#4766 = CARTESIAN_POINT ( 'NONE',  ( 480.9999999999999432, 276.9938854097435978, 0.1778581151391607218 ) ) ;
#4767 = DIRECTION ( 'NONE',  ( -0.000000000000000000, -0.000000000000000000, -1.000000000000000000 ) ) ;
#4768 = AXIS2_PLACEMENT_3D ( 'NONE', #55, #10188, #2341 ) ;
#4769 = EDGE_CURVE ( 'NONE', #1950, #9717, #1235, .T. ) ;
#4770 = CARTESIAN_POINT ( 'NONE',  ( 439.9999999999998863, 543.1341171116731630, 23.66277059411747175 ) ) ;
#4771 = DIRECTION ( 'NONE',  ( 1.000000000000000000, -0.000000000000000000, 0.000000000000000000 ) ) ;
#4772 = CARTESIAN_POINT ( 'NONE',  ( 444.0620481837366924, 537.7416575479270477, 27.58548502521311718 ) ) ;
#4773 = ADVANCED_FACE ( 'NONE', ( #3330 ), #401, .F. ) ;
#4774 = CARTESIAN_POINT ( 'NONE',  ( 448.0623479302864780, 419.6650810082192038, -7.400429562145993678 ) ) ;
#4775 = EDGE_CURVE ( 'NONE', #7964, #6403, #5800, .T. ) ;
#4776 = CARTESIAN_POINT ( 'NONE',  ( 440.9999999999999432, 429.4985233715310073, 56.58485080497850817 ) ) ;
#4777 = ORIENTED_EDGE ( 'NONE', *, *, #4826, .T. ) ;
#4778 = DIRECTION ( 'NONE',  ( 0.5000000000000019984, -0.8660254037844373753, 0.000000000000000000 ) ) ;
#4779 = ORIENTED_EDGE ( 'NONE', *, *, #3530, .T. ) ;
#4780 = CARTESIAN_POINT ( 'NONE',  ( 420.9863931924462008, 520.6187195678764965, 42.21929160907194500 ) ) ;
#4781 = EDGE_LOOP ( 'NONE', ( #8006, #2423, #259, #2347 ) ) ;
#4782 = DIRECTION ( 'NONE',  ( -0.000000000000000000, 0.9725907656757097897, 0.2325235526185180368 ) ) ;
#4783 = DIRECTION ( 'NONE',  ( 1.000000000000000000, 0.000000000000000000, 0.000000000000000000 ) ) ;
#4784 = ORIENTED_EDGE ( 'NONE', *, *, #357, .T. ) ;
#4785 = DIRECTION ( 'NONE',  ( 1.000000000000000000, 2.478716320810480276E-16, 0.000000000000000000 ) ) ;
#4786 = CARTESIAN_POINT ( 'NONE',  ( 451.4000000000000341, 288.6950862843071945, 17.55267230167788384 ) ) ;
#4787 = VERTEX_POINT ( 'NONE', #8910 ) ;
#4788 = ADVANCED_FACE ( 'NONE', ( #8857 ), #1167, .F. ) ;
#4789 = CARTESIAN_POINT ( 'NONE',  ( 480.9999999999999432, 285.7438236647383292, 16.59122402630373116 ) ) ;
#4790 = CARTESIAN_POINT ( 'NONE',  ( 451.2734836735996851, 362.4987046657932979, 7.079644502633923864 ) ) ;
#4791 = EDGE_CURVE ( 'NONE', #1900, #9299, #9786, .T. ) ;
#4792 = VERTEX_POINT ( 'NONE', #5923 ) ;
#4793 = CARTESIAN_POINT ( 'NONE',  ( 438.2728719517244258, 490.6686169322596243, -30.64683643070957686 ) ) ;
#4794 = ORIENTED_EDGE ( 'NONE', *, *, #6413, .T. ) ;
#4795 = DIRECTION ( 'NONE',  ( 0.000000000000000000, 1.000000000000000000, -1.374084517793742623E-16 ) ) ;
#4796 = CARTESIAN_POINT ( 'NONE',  ( 447.6984754143485361, 520.1787115494000773, 55.94828125347566328 ) ) ;
#4797 = ORIENTED_EDGE ( 'NONE', *, *, #1197, .F. ) ;
#4798 = CARTESIAN_POINT ( 'NONE',  ( 447.4999999999999432, 375.4938854097441663, 56.58485080497755604 ) ) ;
#4799 = CARTESIAN_POINT ( 'NONE',  ( 442.5999999999999659, 297.0952331286823664, -14.68605186448338351 ) ) ;
#4800 = ORIENTED_EDGE ( 'NONE', *, *, #630, .F. ) ;
#4801 = AXIS2_PLACEMENT_3D ( 'NONE', #1659, #3318, #102 ) ;
#4802 = DIRECTION ( 'NONE',  ( 0.000000000000000000, -1.000000000000000000, 0.000000000000000000 ) ) ;
#4803 = DIRECTION ( 'NONE',  ( -1.000000000000000000, 0.000000000000000000, -0.000000000000000000 ) ) ;
#4804 = DIRECTION ( 'NONE',  ( 0.000000000000000000, -1.000000000000000000, 2.668805347656624213E-16 ) ) ;
#4805 = ORIENTED_EDGE ( 'NONE', *, *, #9699, .T. ) ;
#4806 = DIRECTION ( 'NONE',  ( 1.000000000000000000, 0.000000000000000000, 0.000000000000000000 ) ) ;
#4807 = CIRCLE ( 'NONE', #6487, 3.999999999999976019 ) ;
#4808 = CARTESIAN_POINT ( 'NONE',  ( 443.9999999999998295, 550.7538352340648089, 12.17492735760863987 ) ) ;
#4809 = VECTOR ( 'NONE', #6683, 1000.000000000000114 ) ;
#4810 = CARTESIAN_POINT ( 'NONE',  ( 451.3999999999998067, 290.4673213462737067, 29.01689200757294529 ) ) ;
#4811 = CARTESIAN_POINT ( 'NONE',  ( 480.6383392064927307, 465.2022860275264406, -44.74413968224999394 ) ) ;
#4812 = ORIENTED_EDGE ( 'NONE', *, *, #3775, .T. ) ;
#4813 = DIRECTION ( 'NONE',  ( -0.000000000000000000, -0.000000000000000000, 1.000000000000000000 ) ) ;
#4814 = ORIENTED_EDGE ( 'NONE', *, *, #6522, .F. ) ;
#4815 = VECTOR ( 'NONE', #5040, 1000.000000000000000 ) ;
#4816 = CARTESIAN_POINT ( 'NONE',  ( 442.5999999999999659, 298.9431832186263591, -24.94639959920905881 ) ) ;
#4817 = DIRECTION ( 'NONE',  ( -1.877183254695149112E-15, 0.9725907656757108999, 0.2325235526185132073 ) ) ;
#4818 = CARTESIAN_POINT ( 'NONE',  ( 480.9999999999999432, 285.7438236647383292, 18.59122402630373472 ) ) ;
#4819 = CARTESIAN_POINT ( 'NONE',  ( 336.0902124738105385, 306.3595542011694874, -14.87729038735910159 ) ) ;
#4820 = AXIS2_PLACEMENT_3D ( 'NONE', #2858, #2181, #5282 ) ;
#4821 = DIRECTION ( 'NONE',  ( 0.000000000000000000, 1.000000000000000000, 0.000000000000000000 ) ) ;
#4822 = LINE ( 'NONE', #7993, #8395 ) ;
#4823 = CARTESIAN_POINT ( 'NONE',  ( 441.3535533905932198, 415.1000000000000227, 14.23922846596874514 ) ) ;
#4824 = DIRECTION ( 'NONE',  ( 0.000000000000000000, 0.000000000000000000, 1.000000000000000000 ) ) ;
#4825 = ORIENTED_EDGE ( 'NONE', *, *, #284, .T. ) ;
#4826 = EDGE_CURVE ( 'NONE', #9707, #5286, #7464, .T. ) ;
#4827 = CYLINDRICAL_SURFACE ( 'NONE', #9578, 1.650000000000040323 ) ;
#4828 = ADVANCED_FACE ( 'NONE', ( #9623 ), #9015, .F. ) ;
#4829 = CIRCLE ( 'NONE', #8627, 3.999999999999965361 ) ;
#4830 = VECTOR ( 'NONE', #2946, 1000.000000000000000 ) ;
#4831 = EDGE_CURVE ( 'NONE', #2441, #1600, #2882, .T. ) ;
#4832 = VERTEX_POINT ( 'NONE', #1943 ) ;
#4833 = CARTESIAN_POINT ( 'NONE',  ( 424.4880940437585650, 524.2417822694933420, 45.85373241136354494 ) ) ;
#4834 = ORIENTED_EDGE ( 'NONE', *, *, #2969, .F. ) ;
#4835 = CARTESIAN_POINT ( 'NONE',  ( 447.4999999999999432, 379.6938854097441549, 56.58485080497752762 ) ) ;
#4836 = LINE ( 'NONE', #9123, #7226 ) ;
#4837 = EDGE_LOOP ( 'NONE', ( #4022, #932, #8526, #2312 ) ) ;
#4838 = CARTESIAN_POINT ( 'NONE',  ( 444.0230693470797405, 538.0961462874919334, -15.19272882338136377 ) ) ;
#4839 = CARTESIAN_POINT ( 'NONE',  ( 480.9999999999999432, 422.6174999999979605, -46.41514919502148473 ) ) ;
#4840 = AXIS2_PLACEMENT_3D ( 'NONE', #4889, #3613, #4393 ) ;
#4841 = ORIENTED_EDGE ( 'NONE', *, *, #1494, .F. ) ;
#4842 = EDGE_CURVE ( 'NONE', #9243, #2322, #4929, .T. ) ;
#4843 = DIRECTION ( 'NONE',  ( 0.000000000000000000, -1.000000000000000000, 0.000000000000000000 ) ) ;
#4844 = CARTESIAN_POINT ( 'NONE',  ( 442.5999999999999659, 294.0810626559520529, 22.54443513109661978 ) ) ;
#4845 = VECTOR ( 'NONE', #7754, 1000.000000000000000 ) ;
#4846 = EDGE_LOOP ( 'NONE', ( #5429, #3418, #7013, #9536, #9415, #2771, #362, #310, #8764 ) ) ;
#4847 = CARTESIAN_POINT ( 'NONE',  ( 447.9999930119811893, 471.8321976163135218, -36.79471755196288285 ) ) ;
#4849 = ORIENTED_EDGE ( 'NONE', *, *, #6052, .T. ) ;
#4848 = CONICAL_SURFACE ( 'NONE', #1061, 6.500000000000005329, 0.7853981633974418397 ) ;
#4850 = DIRECTION ( 'NONE',  ( 0.000000000000000000, 0.000000000000000000, 1.000000000000000000 ) ) ;
#4851 = AXIS2_PLACEMENT_3D ( 'NONE', #4203, #7284, #7126 ) ;
#4852 = EDGE_CURVE ( 'NONE', #2486, #8676, #7253, .T. ) ;
#4853 = CARTESIAN_POINT ( 'NONE',  ( 416.1677302778053900, 519.7571591413116039, 56.38830719852000328 ) ) ;
#4854 = VERTEX_POINT ( 'NONE', #8149 ) ;
#4855 = CARTESIAN_POINT ( 'NONE',  ( 439.9999999999999432, 538.3604643982597509, 23.62334978965654742 ) ) ;
#4856 = CARTESIAN_POINT ( 'NONE',  ( 442.5999999999998522, 295.7823476621243231, -17.22510409175200508 ) ) ;
#4857 = ORIENTED_EDGE ( 'NONE', *, *, #4909, .F. ) ;
#4858 = VECTOR ( 'NONE', #1732, 1000.000000000000114 ) ;
#4859 = CARTESIAN_POINT ( 'NONE',  ( 422.9114225949463162, 527.4784612881485373, -18.61025992374577598 ) ) ;
#4860 = CARTESIAN_POINT ( 'NONE',  ( 422.8526740142684730, 526.0728315120054503, -14.85001997201148960 ) ) ;
#4861 = CARTESIAN_POINT ( 'NONE',  ( 442.5999999999999091, 417.8641142528620662, -45.59000416092386843 ) ) ;
#4862 = ORIENTED_EDGE ( 'NONE', *, *, #9337, .T. ) ;
#4863 = FACE_OUTER_BOUND ( 'NONE', #1912, .T. ) ;
#4864 = CARTESIAN_POINT ( 'NONE',  ( 416.9179233873792327, 522.0995187775171189, 55.01936014393578489 ) ) ;
#4865 = VECTOR ( 'NONE', #822, 1000.000000000000000 ) ;
#4866 = VECTOR ( 'NONE', #9882, 1000.000000000000227 ) ;
#4867 = CARTESIAN_POINT ( 'NONE',  ( 451.3999999999856527, 295.5826336453388308, 25.70880552241818151 ) ) ;
#4868 = CARTESIAN_POINT ( 'NONE',  ( 480.9039704651792135, 461.3500000000000227, -29.18954201200539700 ) ) ;
#4869 = DIRECTION ( 'NONE',  ( 0.000000000000000000, 1.000000000000000000, 8.285246452426540611E-16 ) ) ;
#4870 = ORIENTED_EDGE ( 'NONE', *, *, #10073, .T. ) ;
#4871 = EDGE_CURVE ( 'NONE', #6206, #9378, #325, .T. ) ;
#4872 = AXIS2_PLACEMENT_3D ( 'NONE', #6883, #9398, #10176 ) ;
#4873 = CARTESIAN_POINT ( 'NONE',  ( 336.0902124738105385, 5.567196476600541288, 32.07076488355571087 ) ) ;
#4874 = DIRECTION ( 'NONE',  ( 0.000000000000000000, -1.000000000000000000, 0.000000000000000000 ) ) ;
#4875 = CARTESIAN_POINT ( 'NONE',  ( 474.0333209967906782, 484.1912265117933316, -32.76094451107383776 ) ) ;
#4876 = FACE_OUTER_BOUND ( 'NONE', #4749, .T. ) ;
#4877 = CARTESIAN_POINT ( 'NONE',  ( 445.7499999999929514, 453.1000000000071282, 10.31379472389174090 ) ) ;
#4878 = CARTESIAN_POINT ( 'NONE',  ( 444.8550032678388106, 534.8420180786704350, 25.54697957919882612 ) ) ;
#4879 = DIRECTION ( 'NONE',  ( 0.000000000000000000, 0.7713003027338416473, -0.6364713999879998418 ) ) ;
#4880 = CARTESIAN_POINT ( 'NONE',  ( 443.5333333333334735, 298.9431832186263023, -24.94639959920905525 ) ) ;
#4881 = ORIENTED_EDGE ( 'NONE', *, *, #5287, .F. ) ;
#4882 = CIRCLE ( 'NONE', #1939, 6.500000000000005329 ) ;
#4883 = CARTESIAN_POINT ( 'NONE',  ( 440.0000000000001137, 542.5548561093273747, 16.57574272159507345 ) ) ;
#4884 = CARTESIAN_POINT ( 'NONE',  ( 480.9999999999999432, 294.7311491866767597, 14.02124909088984417 ) ) ;
#4885 = DIRECTION ( 'NONE',  ( -1.000000000000000000, -0.000000000000000000, -0.000000000000000000 ) ) ;
#4886 = ORIENTED_EDGE ( 'NONE', *, *, #4600, .T. ) ;
#4887 = CARTESIAN_POINT ( 'NONE',  ( 480.9999999999999432, 359.9938854097437115, 25.30586396188315490 ) ) ;
#4888 = VERTEX_POINT ( 'NONE', #4226 ) ;
#4889 = CARTESIAN_POINT ( 'NONE',  ( 480.9999999999999432, 286.8333081229242225, -15.60649365081390094 ) ) ;
#4890 = CARTESIAN_POINT ( 'NONE',  ( 480.9999999999999432, 433.1000000000000227, 43.08485080497851527 ) ) ;
#4891 = AXIS2_PLACEMENT_3D ( 'NONE', #2223, #5271, #1445 ) ;
#4892 = VERTEX_POINT ( 'NONE', #219 ) ;
#4893 = CIRCLE ( 'NONE', #3913, 6.500000000000005329 ) ;
#4894 = DIRECTION ( 'NONE',  ( -0.000000000000000000, -1.387778780781445922E-16, -1.000000000000000000 ) ) ;
#4895 = ADVANCED_FACE ( 'NONE', ( #8963 ), #1893, .T. ) ;
#4896 = ORIENTED_EDGE ( 'NONE', *, *, #5375, .F. ) ;
#4897 = EDGE_CURVE ( 'NONE', #7961, #10210, #10041, .T. ) ;
#4898 = LINE ( 'NONE', #1592, #7826 ) ;
#4899 = CARTESIAN_POINT ( 'NONE',  ( 449.3123806266388556, 363.1365976961967021, 9.625052012562335335 ) ) ;
#4900 = VECTOR ( 'NONE', #3043, 1000.000000000000000 ) ;
#4901 = ORIENTED_EDGE ( 'NONE', *, *, #3010, .T. ) ;
#4902 = LINE ( 'NONE', #4038, #6801 ) ;
#4903 = ORIENTED_EDGE ( 'NONE', *, *, #3519, .F. ) ;
#4904 = LINE ( 'NONE', #86, #1907 ) ;
#4905 = CARTESIAN_POINT ( 'NONE',  ( 414.3943426756494546, 522.5302244303775296, 54.05616798321569405 ) ) ;
#4906 = ORIENTED_EDGE ( 'NONE', *, *, #8147, .F. ) ;
#4907 = DIRECTION ( 'NONE',  ( 2.478716320810480276E-16, -1.000000000000000000, -1.387778780781444689E-15 ) ) ;
#4908 = CARTESIAN_POINT ( 'NONE',  ( 442.5999999999999659, 295.9913759840310377, -22.69520354593164058 ) ) ;
#4909 = EDGE_CURVE ( 'NONE', #1646, #131, #9891, .T. ) ;
#4910 = ORIENTED_EDGE ( 'NONE', *, *, #9583, .F. ) ;
#4911 = AXIS2_PLACEMENT_3D ( 'NONE', #1285, #4441, #7586 ) ;
#4912 = CARTESIAN_POINT ( 'NONE',  ( 451.3999999999999204, 289.4113182965600686, -21.23552441469221108 ) ) ;
#4913 = CARTESIAN_POINT ( 'NONE',  ( 453.6999999999999318, 461.3500000000000227, 5.739228465968748694 ) ) ;
#4914 = CARTESIAN_POINT ( 'NONE',  ( 441.0000000000001705, 296.4987249287773352, 18.54911169371425572 ) ) ;
#4915 = VERTEX_POINT ( 'NONE', #7670 ) ;
#4916 = DIRECTION ( 'NONE',  ( -0.8660254037844395958, -0.4999999999999985567, 0.000000000000000000 ) ) ;
#4917 = CARTESIAN_POINT ( 'NONE',  ( 443.9999999999999432, 470.5668708588108302, -32.99995213599169119 ) ) ;
#4918 = EDGE_LOOP ( 'NONE', ( #2955, #9871, #4932, #2637, #1515 ) ) ;
#4919 = CARTESIAN_POINT ( 'NONE',  ( 451.3999999999995794, 297.3163966108786553, 26.62830107976948923 ) ) ;
#4920 = AXIS2_PLACEMENT_3D ( 'NONE', #4228, #2816, #7416 ) ;
#4921 = DIRECTION ( 'NONE',  ( 1.000000000000000000, 0.000000000000000000, 0.000000000000000000 ) ) ;
#4922 = PLANE ( 'NONE',  #594 ) ;
#4923 = ORIENTED_EDGE ( 'NONE', *, *, #9127, .T. ) ;
#4924 = EDGE_CURVE ( 'NONE', #1821, #3057, #8647, .T. ) ;
#4925 = B_SPLINE_CURVE_WITH_KNOTS ( 'NONE', 3,
 ( #1738, #4880, #2619, #957 ),
 .UNSPECIFIED., .F., .F.,
 ( 4, 4 ),
 ( 0.1538461538461657618, 0.4230769230769304556 ),
 .UNSPECIFIED. ) ;
#4926 = VECTOR ( 'NONE', #8688, 1000.000000000000000 ) ;
#4927 = PLANE ( 'NONE',  #3316 ) ;
#4928 = PLANE ( 'NONE',  #223 ) ;
#4929 = LINE ( 'NONE', #3389, #2226 ) ;
#4930 = EDGE_CURVE ( 'NONE', #7419, #4735, #6933, .T. ) ;
#4931 = FACE_OUTER_BOUND ( 'NONE', #445, .T. ) ;
#4932 = ORIENTED_EDGE ( 'NONE', *, *, #852, .T. ) ;
#4933 = CARTESIAN_POINT ( 'NONE',  ( 444.9628907706650125, 534.6065667728405515, 25.03333868639215964 ) ) ;
#4934 = CARTESIAN_POINT ( 'NONE',  ( 445.4000000000282284, 295.3475568515851819, -20.05977679868793473 ) ) ;
#4935 = CARTESIAN_POINT ( 'NONE',  ( 451.4999999999999432, 362.4938854097437115, 6.790891503351486946 ) ) ;
#4936 = EDGE_LOOP ( 'NONE', ( #463, #4970, #2065, #9793 ) ) ;
#4937 = AXIS2_PLACEMENT_3D ( 'NONE', #1628, #8603, #3911 ) ;
#4938 = CARTESIAN_POINT ( 'NONE',  ( 463.3999999999999204, 298.1822728734032921, -18.72458185143196019 ) ) ;
#4939 = DIRECTION ( 'NONE',  ( 0.000000000000000000, 0.000000000000000000, -1.000000000000000000 ) ) ;
#4940 = CARTESIAN_POINT ( 'NONE',  ( 440.9999999999997726, 297.1450976697781243, -18.27155811344238856 ) ) ;
#4941 = CONICAL_SURFACE ( 'NONE', #1817, 6.500000000000005329, 0.7853981633974418397 ) ;
#4942 = EDGE_LOOP ( 'NONE', ( #1653, #4131, #88, #3536 ) ) ;
#4943 = FACE_OUTER_BOUND ( 'NONE', #7969, .T. ) ;
#4944 = EDGE_LOOP ( 'NONE', ( #7805, #4500, #9927 ) ) ;
#4945 = DIRECTION ( 'NONE',  ( 0.000000000000000000, 0.000000000000000000, 1.000000000000000000 ) ) ;
#4946 = CARTESIAN_POINT ( 'NONE',  ( 418.6891108675446276, 518.5886861333489151, 56.52505537264298852 ) ) ;
#4947 = ORIENTED_EDGE ( 'NONE', *, *, #2773, .F. ) ;
#4948 = CARTESIAN_POINT ( 'NONE',  ( 454.0730317999999102, 504.1837287883886916, 46.58485080497850106 ) ) ;
#4949 = AXIS2_PLACEMENT_3D ( 'NONE', #2159, #7639, #10054 ) ;
#4950 = DIRECTION ( 'NONE',  ( 0.000000000000000000, -0.2325235526185131518, 0.9725907656757108999 ) ) ;
#4951 = ORIENTED_EDGE ( 'NONE', *, *, #1754, .F. ) ;
#4952 = CARTESIAN_POINT ( 'NONE',  ( 441.0000000000000568, 295.7742668067128875, 22.92275530622649171 ) ) ;
#4953 = CARTESIAN_POINT ( 'NONE',  ( 442.5999999999997385, 294.1391377464003085, 22.92036303923968532 ) ) ;
#4954 = EDGE_LOOP ( 'NONE', ( #5006, #5414, #9126, #3565 ) ) ;
#4955 = DIRECTION ( 'NONE',  ( 0.000000000000000000, -1.000000000000000000, 0.000000000000000000 ) ) ;
#4956 = ORIENTED_EDGE ( 'NONE', *, *, #9497, .F. ) ;
#4957 = CARTESIAN_POINT ( 'NONE',  ( 449.5000000000000568, 446.6000000000000227, 45.08485080497847974 ) ) ;
#4958 = CARTESIAN_POINT ( 'NONE',  ( 423.5335610145920668, 521.3510422055401250, 56.43828152262707931 ) ) ;
#4959 = ORIENTED_EDGE ( 'NONE', *, *, #7434, .T. ) ;
#4960 = DIRECTION ( 'NONE',  ( 0.000000000000000000, -1.000000000000000000, 0.000000000000000000 ) ) ;
#4961 = CIRCLE ( 'NONE', #5970, 4.000000000000003553 ) ;
#4962 = LINE ( 'NONE', #2746, #2869 ) ;
#4963 = VERTEX_POINT ( 'NONE', #432 ) ;
#4964 = EDGE_CURVE ( 'NONE', #3432, #3258, #8354, .T. ) ;
#4965 = CARTESIAN_POINT ( 'NONE',  ( 407.4215649460595614, 544.1046481459765118, -8.345814758629277463 ) ) ;
#4966 = CARTESIAN_POINT ( 'NONE',  ( 475.0493545357292646, 285.7438236647383292, 16.59122402630373116 ) ) ;
#4967 = CIRCLE ( 'NONE', #9751, 1.250000000000028866 ) ;
#4968 = PLANE ( 'NONE',  #5092 ) ;
#4969 = AXIS2_PLACEMENT_3D ( 'NONE', #3479, #4051, #9610 ) ;
#4970 = ORIENTED_EDGE ( 'NONE', *, *, #6427, .F. ) ;
#4971 = ADVANCED_FACE ( 'NONE', ( #6116 ), #5292, .F. ) ;
#4972 = DIRECTION ( 'NONE',  ( -0.4811487826947032365, 0.8333741376271385226, 0.2719988890521956582 ) ) ;
#4973 = DIRECTION ( 'NONE',  ( 0.000000000000000000, 0.8253781221208598140, -0.5645803357576697490 ) ) ;
#4974 = EDGE_CURVE ( 'NONE', #8451, #6835, #6026, .T. ) ;
#4975 = ORIENTED_EDGE ( 'NONE', *, *, #9508, .T. ) ;
#4976 = CARTESIAN_POINT ( 'NONE',  ( 451.3999999999999204, 295.9622772218388604, 32.47365914486175598 ) ) ;
#4977 = CARTESIAN_POINT ( 'NONE',  ( 440.9999999999999432, 421.1172497023633809, -6.041609856338720164 ) ) ;
#4978 = CARTESIAN_POINT ( 'NONE',  ( 447.5000000000000000, 255.9938854097438252, -13.46077153403166271 ) ) ;
#4979 = ORIENTED_EDGE ( 'NONE', *, *, #9091, .F. ) ;
#4980 = EDGE_CURVE ( 'NONE', #1224, #3206, #7832, .T. ) ;
#4981 = CARTESIAN_POINT ( 'NONE',  ( 413.9999999999999432, 554.7104643982598873, 30.10197000235712750 ) ) ;
#4982 = AXIS2_PLACEMENT_3D ( 'NONE', #6727, #8432, #365 ) ;
#4983 = CARTESIAN_POINT ( 'NONE',  ( 422.9734418707190002, 527.1627969761262875, -18.73576794343218310 ) ) ;
#4984 = CARTESIAN_POINT ( 'NONE',  ( 447.5000000000000000, 255.9938854097438252, -9.260771534031666974 ) ) ;
#4985 = DIRECTION ( 'NONE',  ( 0.000000000000000000, 0.000000000000000000, 1.000000000000000000 ) ) ;
#4986 = EDGE_CURVE ( 'NONE', #3071, #2903, #8811, .T. ) ;
#4987 = CARTESIAN_POINT ( 'NONE',  ( 441.1743353738212932, 421.7769974485133844, 14.41144457473037477 ) ) ;
#4988 = DIRECTION ( 'NONE',  ( -1.000000000000000000, -0.000000000000000000, 0.000000000000000000 ) ) ;
#4989 = AXIS2_PLACEMENT_3D ( 'NONE', #3931, #10122, #7022 ) ;
#4990 = CARTESIAN_POINT ( 'NONE',  ( 413.9989999999999668, 529.4522355981639521, 41.86929359012680862 ) ) ;
#4991 = ORIENTED_EDGE ( 'NONE', *, *, #9809, .T. ) ;
#4992 = CARTESIAN_POINT ( 'NONE',  ( 440.9999999999998863, 446.6000000000000227, -6.760771534031310814 ) ) ;
#4993 = CARTESIAN_POINT ( 'NONE',  ( 451.0482038566574374, 362.5178749682580701, -0.7853375242263052058 ) ) ;
#4994 = CARTESIAN_POINT ( 'NONE',  ( 440.9999999999999432, 297.6915673062508745, -16.76863957755406176 ) ) ;
#4995 = CIRCLE ( 'NONE', #1372, 1.649999999999984812 ) ;
#4996 = CARTESIAN_POINT ( 'NONE',  ( 440.0000000000871410, 544.1690388215101848, -2.105703637967887065 ) ) ;
#4997 = ORIENTED_EDGE ( 'NONE', *, *, #6284, .F. ) ;
#4998 = CARTESIAN_POINT ( 'NONE',  ( 443.5000000000000000, 334.4206644405273323, -7.956332081159240843 ) ) ;
#4999 = LINE ( 'NONE', #8165, #9357 ) ;
#5000 = DIRECTION ( 'NONE',  ( 1.000000000000000000, 2.478716320810480276E-16, 0.000000000000000000 ) ) ;
#5001 = CARTESIAN_POINT ( 'NONE',  ( 454.0081629487452233, 526.4353461662625477, -24.75872907372665566 ) ) ;
#5002 = ORIENTED_EDGE ( 'NONE', *, *, #9375, .T. ) ;
#5003 = VECTOR ( 'NONE', #4733, 1000.000000000000000 ) ;
#5004 = CARTESIAN_POINT ( 'NONE',  ( 441.0000000000000000, 295.8104598419417925, 23.06133921676470067 ) ) ;
#5005 = CARTESIAN_POINT ( 'NONE',  ( 439.9999999999999432, 538.3604643982597509, 23.62334978965654386 ) ) ;
#5006 = ORIENTED_EDGE ( 'NONE', *, *, #6107, .F. ) ;
#5007 = CARTESIAN_POINT ( 'NONE',  ( 481.0009999999999764, 333.7394627972502121, 12.17533480644861577 ) ) ;
#5008 = EDGE_LOOP ( 'NONE', ( #6157, #159, #7650, #9272 ) ) ;
#5009 = DIRECTION ( 'NONE',  ( 0.000000000000000000, 0.3102747020391828370, -0.9506469424946868418 ) ) ;
#5010 = CARTESIAN_POINT ( 'NONE',  ( 438.9879599734784392, 520.0107463203545421, 56.58485080497850817 ) ) ;
#5011 = ORIENTED_EDGE ( 'NONE', *, *, #1750, .F. ) ;
#5012 = VECTOR ( 'NONE', #6679, 1000.000000000000000 ) ;
#5013 = DIRECTION ( 'NONE',  ( -1.000000000000000000, -0.000000000000000000, -0.000000000000000000 ) ) ;
#5014 = AXIS2_PLACEMENT_3D ( 'NONE', #9144, #9924, #7700 ) ;
#5015 = LINE ( 'NONE', #8183, #216 ) ;
#5016 = ORIENTED_EDGE ( 'NONE', *, *, #7803, .T. ) ;
#5017 = CARTESIAN_POINT ( 'NONE',  ( 480.2605537930514288, 466.9495890833845237, -36.84711527484360971 ) ) ;
#5018 = EDGE_LOOP ( 'NONE', ( #5380, #3376, #9067, #2674 ) ) ;
#5019 = CIRCLE ( 'NONE', #6178, 6.853553390593292605 ) ;
#5020 = AXIS2_PLACEMENT_3D ( 'NONE', #9680, #2715, #5037 ) ;
#5021 = FACE_OUTER_BOUND ( 'NONE', #2574, .T. ) ;
#5022 = DIRECTION ( 'NONE',  ( 0.000000000000000000, 0.000000000000000000, 1.000000000000000000 ) ) ;
#5023 = CARTESIAN_POINT ( 'NONE',  ( 406.0000000000000000, 470.5668708588108302, 42.58485080497850817 ) ) ;
#5024 = CARTESIAN_POINT ( 'NONE',  ( 413.9989999999999668, 461.3500000000000227, -29.18954201200539700 ) ) ;
#5025 = DIRECTION ( 'NONE',  ( 0.000000000000000000, 0.000000000000000000, 1.000000000000000000 ) ) ;
#5026 = VERTEX_POINT ( 'NONE', #4477 ) ;
#5027 = CARTESIAN_POINT ( 'NONE',  ( 451.3999999999999204, 296.0096066538882269, 32.48497449770270862 ) ) ;
#5028 = VECTOR ( 'NONE', #2345, 1000.000000000000000 ) ;
#5029 = LINE ( 'NONE', #8194, #510 ) ;
#5030 = CIRCLE ( 'NONE', #1901, 4.000000000000003553 ) ;
#5031 = CARTESIAN_POINT ( 'NONE',  ( 413.9999999999999432, 453.1000000000000227, -28.41514919502149539 ) ) ;
#5032 = ORIENTED_EDGE ( 'NONE', *, *, #4128, .T. ) ;
#5033 = ADVANCED_FACE ( 'NONE', ( #6789 ), #7619, .T. ) ;
#5034 = ADVANCED_FACE ( 'NONE', ( #9110 ), #1218, .F. ) ;
#5035 = CARTESIAN_POINT ( 'NONE',  ( 422.8526740142684730, 524.3604643982598645, 35.69889116825613939 ) ) ;
#5036 = CIRCLE ( 'NONE', #5361, 4.000000000000003553 ) ;
#5037 = DIRECTION ( 'NONE',  ( 0.8660254037844395958, 0.4999999999999985567, 0.000000000000000000 ) ) ;
#5038 = CARTESIAN_POINT ( 'NONE',  ( 441.0000000000000000, 265.3747958089879262, 17.34673180502905510 ) ) ;
#5039 = CC_DESIGN_PERSON_AND_ORGANIZATION_ASSIGNMENT ( #7801, #9290, ( #9940 ) ) ;
#5040 = DIRECTION ( 'NONE',  ( -2.410776604349945599E-16, 0.9725907656757107889, 0.2325235526185134016 ) ) ;
#5041 = DIRECTION ( 'NONE',  ( -1.000000000000000000, -2.478716320810480276E-16, -0.000000000000000000 ) ) ;
#5042 = EDGE_CURVE ( 'NONE', #2384, #2879, #9635, .T. ) ;
#5043 = CARTESIAN_POINT ( 'NONE',  ( 451.3999999999999204, 291.6533519012407965, -11.95387350593718701 ) ) ;
#5044 = DIRECTION ( 'NONE',  ( 1.000000000000000000, 0.000000000000000000, -0.000000000000000000 ) ) ;
#5045 = ORIENTED_EDGE ( 'NONE', *, *, #8091, .F. ) ;
#5046 = EDGE_CURVE ( 'NONE', #3459, #4240, #2918, .T. ) ;
#5047 = CARTESIAN_POINT ( 'NONE',  ( 439.9999999999999432, 544.3295433372903744, 8.628205597062933663 ) ) ;
#5048 = CARTESIAN_POINT ( 'NONE',  ( 448.5491343314280357, 363.7801627367489914, -4.104546908552748619 ) ) ;
#5049 = CARTESIAN_POINT ( 'NONE',  ( 440.9999999999998295, 298.2687924564996820, -15.79006826250653894 ) ) ;
#5050 = CARTESIAN_POINT ( 'NONE',  ( 481.0009999999999195, 375.4938854097437684, 6.790891503351500269 ) ) ;
#5051 = ORIENTED_EDGE ( 'NONE', *, *, #2504, .F. ) ;
#5052 = CARTESIAN_POINT ( 'NONE',  ( 451.4000000000283421, 294.8104074902078082, 18.34675877082642614 ) ) ;
#5053 = DIRECTION ( 'NONE',  ( 1.000000000000000000, 0.000000000000000000, 0.000000000000000000 ) ) ;
#5054 = B_SPLINE_CURVE_WITH_KNOTS ( 'NONE', 1,
 ( #7006, #2354 ),
 .UNSPECIFIED., .F., .F.,
 ( 2, 2 ),
 ( 0.000000000000000000, 1.000000000000000000 ),
 .UNSPECIFIED. ) ;
#5055 = FACE_OUTER_BOUND ( 'NONE', #6018, .T. ) ;
#5056 = VERTEX_POINT ( 'NONE', #6740 ) ;
#5057 = CARTESIAN_POINT ( 'NONE',  ( 441.0000000000002274, 295.6546383861224285, 22.17582921452429190 ) ) ;
#5058 = CARTESIAN_POINT ( 'NONE',  ( 447.5000000000000000, 417.6000000000000227, -13.46077153403123994 ) ) ;
#5059 = AXIS2_PLACEMENT_3D ( 'NONE', #3298, #6348, #5568 ) ;
#5060 = ORIENTED_EDGE ( 'NONE', *, *, #7432, .F. ) ;
#5061 = CARTESIAN_POINT ( 'NONE',  ( 422.8526740142684730, 526.9063499982117946, 38.78409237919146335 ) ) ;
#5062 = VERTEX_POINT ( 'NONE', #6888 ) ;
#5063 = CARTESIAN_POINT ( 'NONE',  ( 481.0009999999999195, 415.1000000000000227, -2.760771534031255303 ) ) ;
#5064 = VECTOR ( 'NONE', #9727, 1000.000000000000000 ) ;
#5065 = CARTESIAN_POINT ( 'NONE',  ( 452.4998173582493450, 518.4010773400622156, 56.03002397813097701 ) ) ;
#5066 = EDGE_CURVE ( 'NONE', #3994, #6532, #272, .T. ) ;
#5067 = ORIENTED_EDGE ( 'NONE', *, *, #1685, .T. ) ;
#5068 = DIRECTION ( 'NONE',  ( 0.000000000000000000, 1.000000000000000000, 8.881338356855568453E-15 ) ) ;
#5069 = DIRECTION ( 'NONE',  ( 0.7071067811864690800, 0.7071067811866260655, -0.000000000000000000 ) ) ;
#5070 = ORIENTED_EDGE ( 'NONE', *, *, #2002, .T. ) ;
#5071 = DIRECTION ( 'NONE',  ( 1.000000000000000000, 0.000000000000000000, 0.000000000000000000 ) ) ;
#5072 =( BOUNDED_CURVE ( )  B_SPLINE_CURVE ( 3, ( #997, #5593, #9673, #4711 ),
 .UNSPECIFIED., .F., .T. ) 
 B_SPLINE_CURVE_WITH_KNOTS ( ( 4, 4 ),
 ( 0.000000000000000000, 0.2346715520514741915 ),
 .UNSPECIFIED. ) 
 CURVE ( )  GEOMETRIC_REPRESENTATION_ITEM ( )  RATIONAL_B_SPLINE_CURVE ( ( 1.000000000000000000, 0.9954160347260605501, 0.9954160347260605501, 1.000000000000000000 ) ) 
 REPRESENTATION_ITEM ( '' )  );
#5073 = ORIENTED_EDGE ( 'NONE', *, *, #3230, .F. ) ;
#5074 = DIRECTION ( 'NONE',  ( 1.000000000000000000, 0.000000000000000000, 0.000000000000000000 ) ) ;
#5075 = CARTESIAN_POINT ( 'NONE',  ( 451.9199999999999022, 298.9431832186263023, -24.94639959920905525 ) ) ;
#5076 = CARTESIAN_POINT ( 'NONE',  ( 444.5932000679999305, 393.1035676410047586, 49.52876447756236189 ) ) ;
#5077 = ADVANCED_FACE ( 'NONE', ( #48 ), #8586, .F. ) ;
#5078 = CARTESIAN_POINT ( 'NONE',  ( 440.9999999999998863, 457.8500000000000796, 3.160795882460825101 ) ) ;
#5079 = VERTEX_POINT ( 'NONE', #9459 ) ;
#5080 = CARTESIAN_POINT ( 'NONE',  ( 451.3999999999998067, 295.8991819944683357, 32.45853243898721274 ) ) ;
#5081 = AXIS2_PLACEMENT_3D ( 'NONE', #5425, #7860, #9347 ) ;
#5082 = DIRECTION ( 'NONE',  ( -1.000000000000000000, -2.478716320810480276E-16, -0.000000000000000000 ) ) ;
#5083 = CARTESIAN_POINT ( 'NONE',  ( 480.9999999999999432, 273.4021883538922566, -20.51271249707421518 ) ) ;
#5084 = ORIENTED_EDGE ( 'NONE', *, *, #4585, .T. ) ;
#5085 = DIRECTION ( 'NONE',  ( 1.000000000000000000, 0.000000000000000000, 0.000000000000000000 ) ) ;
#5086 = AXIS2_PLACEMENT_3D ( 'NONE', #8313, #9030, #5891 ) ;
#5087 = DIRECTION ( 'NONE',  ( 0.000000000000000000, 0.000000000000000000, 1.000000000000000000 ) ) ;
#5088 = CARTESIAN_POINT ( 'NONE',  ( 461.0568542494923463, 305.5858664538761786, 22.43625267612663521 ) ) ;
#5089 = LINE ( 'NONE', #8250, #2288 ) ;
#5090 = CARTESIAN_POINT ( 'NONE',  ( 445.3999999999999773, 296.4159551052994175, -15.71352669059930562 ) ) ;
#5091 = CARTESIAN_POINT ( 'NONE',  ( 447.9999999999999432, 465.3500000000000227, 38.58485080497850106 ) ) ;
#5092 = AXIS2_PLACEMENT_3D ( 'NONE', #8134, #1041, #7081 ) ;
#5093 = ORIENTED_EDGE ( 'NONE', *, *, #1370, .T. ) ;
#5094 = CARTESIAN_POINT ( 'NONE',  ( 439.9999999999998295, 543.5350846314053115, 5.557570067520800627 ) ) ;
#5095 = EDGE_CURVE ( 'NONE', #1343, #3363, #8182, .T. ) ;
#5096 = CARTESIAN_POINT ( 'NONE',  ( 480.9999999999999432, 449.6000000000000796, -40.41514919502149894 ) ) ;
#5097 = CARTESIAN_POINT ( 'NONE',  ( 441.0000000000001705, 296.9577926942123440, -19.48043891049688270 ) ) ;
#5098 = EDGE_CURVE ( 'NONE', #7343, #8871, #778, .T. ) ;
#5099 = CARTESIAN_POINT ( 'NONE',  ( 418.8526740142684730, 549.9467326358872015, 19.77133620409006554 ) ) ;
#5100 = EDGE_LOOP ( 'NONE', ( #7072, #7212 ) ) ;
#5101 = CARTESIAN_POINT ( 'NONE',  ( 451.3999999999431907, 294.1028152757997418, 20.67219745369529704 ) ) ;
#5102 = DIRECTION ( 'NONE',  ( 1.000000000000000000, 0.000000000000000000, 0.000000000000000000 ) ) ;
#5103 = EDGE_CURVE ( 'NONE', #9555, #2550, #3381, .T. ) ;
#5104 = CARTESIAN_POINT ( 'NONE',  ( 480.9999999999999432, 286.8333081229242225, -15.60649365081390094 ) ) ;
#5105 = DIRECTION ( 'NONE',  ( 0.7071067811865521247, -0.7071067811865430208, 0.000000000000000000 ) ) ;
#5106 = ORIENTED_EDGE ( 'NONE', *, *, #6817, .F. ) ;
#5107 = AXIS2_PLACEMENT_3D ( 'NONE', #8863, #5718, #6540 ) ;
#5108 = CARTESIAN_POINT ( 'NONE',  ( 440.9999999999999432, 296.3291130221428489, 18.88655770814634494 ) ) ;
#5109 = FACE_BOUND ( 'NONE', #6976, .T. ) ;
#5110 = EDGE_LOOP ( 'NONE', ( #2691, #9832, #3762, #10022 ) ) ;
#5111 = CARTESIAN_POINT ( 'NONE',  ( 443.9999999999999432, 547.8638336407298084, 5.996736039841318089 ) ) ;
#5112 = ORIENTED_EDGE ( 'NONE', *, *, #4304, .T. ) ;
#5113 = CARTESIAN_POINT ( 'NONE',  ( 443.5000000000000000, 351.0637911992695877, 29.19622702458599406 ) ) ;
#5114 = AXIS2_PLACEMENT_3D ( 'NONE', #5091, #8207, #1119 ) ;
#5115 = FACE_BOUND ( 'NONE', #10108, .T. ) ;
#5116 = EDGE_LOOP ( 'NONE', ( #7908, #2963, #9988, #8517 ) ) ;
#5117 = DIRECTION ( 'NONE',  ( -0.7071067811865426878, 2.118623533716806267E-16, 0.7071067811865523467 ) ) ;
#5118 = ADVANCED_FACE ( 'NONE', ( #5539 ), #8637, .F. ) ;
#5119 = DIRECTION ( 'NONE',  ( 1.000000000000000000, 0.000000000000000000, 0.000000000000000000 ) ) ;
#5120 = ORIENTED_EDGE ( 'NONE', *, *, #2313, .F. ) ;
#5121 = FACE_OUTER_BOUND ( 'NONE', #601, .T. ) ;
#5122 = ORIENTED_EDGE ( 'NONE', *, *, #536, .F. ) ;
#5123 = ADVANCED_FACE ( 'NONE', ( #673 ), #3895, .F. ) ;
#5124 = DIRECTION ( 'NONE',  ( -2.482414054536381163E-31, -8.285246452426542583E-16, 1.000000000000000000 ) ) ;
#5125 = DIRECTION ( 'NONE',  ( 1.000000000000000000, -0.000000000000000000, 0.000000000000000000 ) ) ;
#5126 = CARTESIAN_POINT ( 'NONE',  ( 442.5979023992422867, 456.2520976007577360, 8.921611387726350983 ) ) ;
#5127 = DIRECTION ( 'NONE',  ( 2.442193098255953558E-16, -0.9852652672482566931, 0.1710331931357803870 ) ) ;
#5128 = DIRECTION ( 'NONE',  ( -0.7071067811865477948, 0.7068716969491740665, -0.01823195140939250572 ) ) ;
#5129 = ORIENTED_EDGE ( 'NONE', *, *, #2516, .T. ) ;
#5130 = CARTESIAN_POINT ( 'NONE',  ( 481.0009999999999195, 368.9938854097437115, 6.790891503351495828 ) ) ;
#5131 =( BOUNDED_CURVE ( )  B_SPLINE_CURVE ( 3, ( #653, #7014, #10017, #2269 ),
 .UNSPECIFIED., .F., .T. ) 
 B_SPLINE_CURVE_WITH_KNOTS ( ( 4, 4 ),
 ( 4.712965836353490978, 5.235987755982991487 ),
 .UNSPECIFIED. ) 
 CURVE ( )  GEOMETRIC_REPRESENTATION_ITEM ( )  RATIONAL_B_SPLINE_CURVE ( ( 1.000000000000000000, 0.9773336245103418918, 0.9773336245103418918, 1.000000000000000000 ) ) 
 REPRESENTATION_ITEM ( '' )  );
#5132 = CARTESIAN_POINT ( 'NONE',  ( 480.9999999999999432, 276.9938854097435978, 0.1778581151391607218 ) ) ;
#5133 = CARTESIAN_POINT ( 'NONE',  ( 336.0902124738105385, 351.9938854097436547, 33.30586396188319043 ) ) ;
#5134 = ORIENTED_EDGE ( 'NONE', *, *, #7372, .T. ) ;
#5135 = AXIS2_PLACEMENT_3D ( 'NONE', #7305, #9679, #3438 ) ;
#5136 = DIRECTION ( 'NONE',  ( -1.734723475976805319E-15, -0.000000000000000000, -1.000000000000000000 ) ) ;
#5137 = DIRECTION ( 'NONE',  ( 1.000000000000000000, 0.000000000000000000, 0.000000000000000000 ) ) ;
#5138 = CARTESIAN_POINT ( 'NONE',  ( 443.9999999999998863, 547.6751282671363015, -1.007398508359615974 ) ) ;
#5139 = CARTESIAN_POINT ( 'NONE',  ( 441.1523006980261812, 421.8012526925670045, 14.23922846596874692 ) ) ;
#5140 = DIRECTION ( 'NONE',  ( -0.000000000000000000, 0.9852652672482568041, -0.1710331931357803315 ) ) ;
#5141 = CARTESIAN_POINT ( 'NONE',  ( 447.4999999999999432, 375.4938854097437684, 6.790891503351499381 ) ) ;
#5142 = EDGE_LOOP ( 'NONE', ( #8625, #5261, #3437, #3560 ) ) ;
#5143 = AXIS2_PLACEMENT_3D ( 'NONE', #8136, #6469, #3481 ) ;
#5144 = CARTESIAN_POINT ( 'NONE',  ( 440.9999999999996589, 297.1100878840622954, -21.16713487218001788 ) ) ;
#5145 = LINE ( 'NONE', #2874, #3277 ) ;
#5146 = CARTESIAN_POINT ( 'NONE',  ( 441.0000000000000568, 298.1621872368604045, -15.94697369252995323 ) ) ;
#5147 = CARTESIAN_POINT ( 'NONE',  ( 439.9999999999997158, 541.6747925820718592, -6.002742234595456416 ) ) ;
#5148 = ORIENTED_EDGE ( 'NONE', *, *, #3013, .F. ) ;
#5149 = CARTESIAN_POINT ( 'NONE',  ( 451.4000000000283990, 294.0414308481511512, 21.52733859651935333 ) ) ;
#5150 = VECTOR ( 'NONE', #4144, 1000.000000000000000 ) ;
#5151 = CARTESIAN_POINT ( 'NONE',  ( 424.9803973138206175, 522.5205682198137538, 46.45556253128471269 ) ) ;
#5152 = PLANE ( 'NONE',  #2760 ) ;
#5153 = EDGE_CURVE ( 'NONE', #2903, #9161, #6217, .T. ) ;
#5154 = CARTESIAN_POINT ( 'NONE',  ( 448.0669411534212827, 532.3949281471024051, -20.38502330658071315 ) ) ;
#5155 = ORIENTED_EDGE ( 'NONE', *, *, #8008, .T. ) ;
#5156 = EDGE_CURVE ( 'NONE', #5267, #1873, #633, .T. ) ;
#5157 = CARTESIAN_POINT ( 'NONE',  ( 441.0000000000003979, 296.2561199379502455, 24.05356303801588780 ) ) ;
#5158 = VECTOR ( 'NONE', #9198, 1000.000000000000000 ) ;
#5159 = EDGE_CURVE ( 'NONE', #848, #2356, #5036, .T. ) ;
#5160 = CARTESIAN_POINT ( 'NONE',  ( 461.9999999999998863, 453.1000000000000796, -32.91514919502149894 ) ) ;
#5161 = EDGE_LOOP ( 'NONE', ( #4121, #10175, #6389, #1289 ) ) ;
#5162 = CARTESIAN_POINT ( 'NONE',  ( 443.9999999999999432, 548.1996834887543173, 12.33055530858818827 ) ) ;
#5163 = ORIENTED_EDGE ( 'NONE', *, *, #6198, .T. ) ;
#5164 = CYLINDRICAL_SURFACE ( 'NONE', #3354, 1.649999999999984812 ) ;
#5165 = CARTESIAN_POINT ( 'NONE',  ( 414.0615614267409228, 523.6356451105349379, 52.59767853460048315 ) ) ;
#5166 = ORIENTED_EDGE ( 'NONE', *, *, #731, .T. ) ;
#5167 = DIRECTION ( 'NONE',  ( 1.000000000000000000, 0.000000000000000000, 0.000000000000000000 ) ) ;
#5168 = EDGE_CURVE ( 'NONE', #4530, #9966, #727, .T. ) ;
#5169 = ADVANCED_FACE ( 'NONE', ( #9406 ), #9005, .T. ) ;
#5170 = DIRECTION ( 'NONE',  ( -0.000000000000000000, -0.2325235526185131518, 0.9725907656757107889 ) ) ;
#5171 = ORIENTED_EDGE ( 'NONE', *, *, #3522, .T. ) ;
#5172 = CYLINDRICAL_SURFACE ( 'NONE', #9899, 1.250000000000001110 ) ;
#5173 = ORIENTED_EDGE ( 'NONE', *, *, #5176, .T. ) ;
#5174 = CC_DESIGN_APPROVAL ( #9901, ( #9260 ) ) ;
#5175 = CARTESIAN_POINT ( 'NONE',  ( 443.9999999999999432, 538.8899563225709244, 34.01692291315411154 ) ) ;
#5176 = EDGE_CURVE ( 'NONE', #5422, #10044, #2706, .T. ) ;
#5177 = CARTESIAN_POINT ( 'NONE',  ( 441.0000000000000000, 298.3817193826943139, -15.63734210317915085 ) ) ;
#5178 = DIRECTION ( 'NONE',  ( 1.000000000000000000, 0.000000000000000000, 0.000000000000000000 ) ) ;
#5179 = LINE ( 'NONE', #4419, #9776 ) ;
#5180 = AXIS2_PLACEMENT_3D ( 'NONE', #5063, #8228, #458 ) ;
#5181 = PLANE ( 'NONE',  #4546 ) ;
#5182 = CIRCLE ( 'NONE', #7150, 6.500000000000117240 ) ;
#5183 = ORIENTED_EDGE ( 'NONE', *, *, #812, .T. ) ;
#5184 = CARTESIAN_POINT ( 'NONE',  ( 446.6432260299580435, 453.1000000000001933, 11.49405693751306501 ) ) ;
#5185 = LINE ( 'NONE', #7409, #4154 ) ;
#5186 = ORIENTED_EDGE ( 'NONE', *, *, #2761, .T. ) ;
#5187 = AXIS2_PLACEMENT_3D ( 'NONE', #3500, #6653, #3399 ) ;
#5188 = CONICAL_SURFACE ( 'NONE', #6504, 6.500000000000005329, 0.7853981633974213006 ) ;
#5189 = DIRECTION ( 'NONE',  ( 0.000000000000000000, 0.000000000000000000, -1.000000000000000000 ) ) ;
#5190 = CARTESIAN_POINT ( 'NONE',  ( 424.7512886940357930, 523.3297849415058636, -19.98679670478662374 ) ) ;
#5191 = CARTESIAN_POINT ( 'NONE',  ( 443.9999999999999432, 547.1228806810810283, -2.008479549795475272 ) ) ;
#5192 = AXIS2_PLACEMENT_3D ( 'NONE', #683, #10146, #8595 ) ;
#5193 =( BOUNDED_CURVE ( )  B_SPLINE_CURVE ( 2, ( #7493, #8181, #5794 ),
 .UNSPECIFIED., .F., .T. ) 
 B_SPLINE_CURVE_WITH_KNOTS ( ( 3, 3 ),
 ( -6.000000002701890305E-08, 0.01219584828035576163 ),
 .UNSPECIFIED. ) 
 CURVE ( )  GEOMETRIC_REPRESENTATION_ITEM ( )  RATIONAL_B_SPLINE_CURVE ( ( 1.000000000000000000, 0.5252257314388891762, 1.000000000000000000 ) ) 
 REPRESENTATION_ITEM ( '' )  );
#5194 = CIRCLE ( 'NONE', #1896, 6.500000000000005329 ) ;
#5195 = CARTESIAN_POINT ( 'NONE',  ( 419.2557133904144848, 524.2854674908473953, -14.98567176118729449 ) ) ;
#5196 = ADVANCED_FACE ( 'NONE', ( #4110, #265 ), #5810, .F. ) ;
#5197 = CARTESIAN_POINT ( 'NONE',  ( 451.3999999999999204, 295.5756992111008685, -30.16147484239576571 ) ) ;
#5198 = CARTESIAN_POINT ( 'NONE',  ( 447.5000000000000000, 350.6256198646573239, -27.82827543812757654 ) ) ;
#5199 = ORIENTED_EDGE ( 'NONE', *, *, #2129, .T. ) ;
#5200 = VECTOR ( 'NONE', #7122, 1000.000000000000000 ) ;
#5201 = CARTESIAN_POINT ( 'NONE',  ( 440.9999999999997726, 297.1450976697781243, -18.27155811344238856 ) ) ;
#5202 = CARTESIAN_POINT ( 'NONE',  ( 441.0000000000002274, 295.6443517892958539, 21.60732375478117007 ) ) ;
#5203 = CARTESIAN_POINT ( 'NONE',  ( 480.9999999999999432, 421.6000000000000227, -30.64042097131219933 ) ) ;
#5204 = CARTESIAN_POINT ( 'NONE',  ( 461.9999999999998863, 446.6000000000000227, -34.91514919502148473 ) ) ;
#5205 = ORIENTED_EDGE ( 'NONE', *, *, #6608, .T. ) ;
#5206 = FACE_OUTER_BOUND ( 'NONE', #3884, .T. ) ;
#5207 = VECTOR ( 'NONE', #4795, 1000.000000000000000 ) ;
#5208 = LINE ( 'NONE', #3506, #3765 ) ;
#5209 = DIRECTION ( 'NONE',  ( 0.000000000000000000, 0.000000000000000000, 1.000000000000000000 ) ) ;
#5210 = CARTESIAN_POINT ( 'NONE',  ( 440.8305420319649670, 533.4894321773844013, -22.45639753777406256 ) ) ;
#5211 = VERTEX_POINT ( 'NONE', #7295 ) ;
#5212 = CARTESIAN_POINT ( 'NONE',  ( 442.5999999999999091, 294.0434491819578398, 21.92769856807288775 ) ) ;
#5213 = DIRECTION ( 'NONE',  ( 0.000000000000000000, 0.9725907656757108999, 0.2325235526185131241 ) ) ;
#5214 = ORIENTED_EDGE ( 'NONE', *, *, #7752, .T. ) ;
#5215 = DIRECTION ( 'NONE',  ( 0.000000000000000000, 0.000000000000000000, -1.000000000000000000 ) ) ;
#5216 = ORIENTED_EDGE ( 'NONE', *, *, #6682, .T. ) ;
#5217 = DIRECTION ( 'NONE',  ( 1.000000000000000000, -0.000000000000000000, 0.000000000000000000 ) ) ;
#5218 = CARTESIAN_POINT ( 'NONE',  ( 439.5832945798672995, 523.0839732062205485, 54.94736461377338088 ) ) ;
#5219 = VERTEX_POINT ( 'NONE', #5078 ) ;
#5220 = DIRECTION ( 'NONE',  ( 0.000000000000000000, 0.000000000000000000, -1.000000000000000000 ) ) ;
#5221 = EDGE_CURVE ( 'NONE', #8790, #9605, #8285, .T. ) ;
#5222 = CARTESIAN_POINT ( 'NONE',  ( 421.2871870788978867, 520.0886861333490288, -16.18420893480785594 ) ) ;
#5223 = EDGE_LOOP ( 'NONE', ( #9822, #1498, #240, #7485, #9229, #5621, #4136, #9046, #8852, #5511 ) ) ;
#5224 = CARTESIAN_POINT ( 'NONE',  ( 480.7271675789867800, 463.5150657555609541, -34.67159903742928151 ) ) ;
#5225 = ORIENTED_EDGE ( 'NONE', *, *, #8539, .T. ) ;
#5226 = PRODUCT_DEFINITION_SHAPE ( 'NONE', 'NONE',  #8971 ) ;
#5227 = CIRCLE ( 'NONE', #1272, 41.99999999999997868 ) ;
#5228 = CARTESIAN_POINT ( 'NONE',  ( 448.1066666666666833, 297.3233250367960068, 26.62996359750183117 ) ) ;
#5229 = ADVANCED_FACE ( 'NONE', ( #3269 ), #5704, .F. ) ;
#5230 =( LENGTH_UNIT ( ) NAMED_UNIT ( * ) SI_UNIT ( .MILLI., .METRE. ) );
#5231 = DIRECTION ( 'NONE',  ( 0.000000000000000000, -1.852100334687637656E-16, -1.000000000000000000 ) ) ;
#5232 = EDGE_LOOP ( 'NONE', ( #4252, #3151, #2303, #5636 ) ) ;
#5233 = DIRECTION ( 'NONE',  ( 0.000000000000000000, 0.2325235526185131796, -0.9725907656757110109 ) ) ;
#5234 = LINE ( 'NONE', #7415, #5658 ) ;
#5235 = ORIENTED_EDGE ( 'NONE', *, *, #6645, .T. ) ;
#5236 = AXIS2_PLACEMENT_3D ( 'NONE', #6769, #9921, #2844 ) ;
#5237 = EDGE_CURVE ( 'NONE', #5470, #2971, #8847, .T. ) ;
#5238 = ORIENTED_EDGE ( 'NONE', *, *, #10021, .F. ) ;
#5239 = CARTESIAN_POINT ( 'NONE',  ( 442.5999999999999659, 298.9431832186263023, -24.94639959920905525 ) ) ;
#5240 = VERTEX_POINT ( 'NONE', #4917 ) ;
#5241 = VECTOR ( 'NONE', #2978, 1000.000000000000114 ) ;
#5242 = CARTESIAN_POINT ( 'NONE',  ( 440.9999999999999432, 436.1000000000000227, 53.58485080497848685 ) ) ;
#5243 = CARTESIAN_POINT ( 'NONE',  ( 447.4999999999999432, 375.6938854097437570, 6.790891503351499381 ) ) ;
#5244 = DIRECTION ( 'NONE',  ( 1.000000000000000000, 0.000000000000000000, 0.000000000000000000 ) ) ;
#5245 = AXIS2_PLACEMENT_3D ( 'NONE', #7025, #6360, #10127 ) ;
#5246 = CARTESIAN_POINT ( 'NONE',  ( 445.4000000000143018, 298.4957354090452668, -24.84342770268027323 ) ) ;
#5247 = EDGE_CURVE ( 'NONE', #4625, #4511, #8085, .T. ) ;
#5248 = CARTESIAN_POINT ( 'NONE',  ( 480.8701740399587834, 461.8648323178610440, 41.42063418815236275 ) ) ;
#5249 = ORIENTED_EDGE ( 'NONE', *, *, #756, .F. ) ;
#5250 = CARTESIAN_POINT ( 'NONE',  ( 441.0000000000000568, 297.8666991613969230, -16.43387530324264034 ) ) ;
#5251 = EDGE_CURVE ( 'NONE', #8538, #3132, #2559, .T. ) ;
#5252 = B_SPLINE_CURVE_WITH_KNOTS ( 'NONE', 3,
 ( #3265, #7975, #8737, #8081 ),
 .UNSPECIFIED., .F., .F.,
 ( 4, 4 ),
 ( 2.036778967176156558E-07, 0.001011203153131780925 ),
 .UNSPECIFIED. ) ;
#5253 = CARTESIAN_POINT ( 'NONE',  ( 441.0000000000001705, 297.3313786036566171, 24.95745307516214595 ) ) ;
#5254 = CARTESIAN_POINT ( 'NONE',  ( 440.9999999999997158, 299.1223550119721608, -23.35357250715258459 ) ) ;
#5255 = CARTESIAN_POINT ( 'NONE',  ( 439.9999999999999432, 544.2718662395249112, 8.317357091865408947 ) ) ;
#5256 = EDGE_LOOP ( 'NONE', ( #904, #8989, #6030, #3453 ) ) ;
#5257 = DIRECTION ( 'NONE',  ( -2.478716320810480276E-16, 1.000000000000000000, 0.000000000000000000 ) ) ;
#5258 = CIRCLE ( 'NONE', #3779, 4.000000000000000000 ) ;
#5259 = CARTESIAN_POINT ( 'NONE',  ( 429.6526740142684275, 532.3604643982598645, 14.75472080497848992 ) ) ;
#5260 = CARTESIAN_POINT ( 'NONE',  ( 423.2207898692648769, 536.8712541208653874, -19.73443118926790163 ) ) ;
#5261 = ORIENTED_EDGE ( 'NONE', *, *, #7123, .T. ) ;
#5262 = DIRECTION ( 'NONE',  ( -1.000000000000000000, -2.478716320810481262E-16, 0.000000000000000000 ) ) ;
#5263 = VECTOR ( 'NONE', #7270, 1000.000000000000000 ) ;
#5264 = CARTESIAN_POINT ( 'NONE',  ( 447.5000000000000000, 351.9938854097436547, 25.30586396188315490 ) ) ;
#5265 = ORIENTED_EDGE ( 'NONE', *, *, #2647, .F. ) ;
#5266 = DIRECTION ( 'NONE',  ( 0.000000000000000000, 0.6364713999880141637, 0.7713003027338297679 ) ) ;
#5267 = VERTEX_POINT ( 'NONE', #8191 ) ;
#5268 = DIRECTION ( 'NONE',  ( 1.000000000000000000, 0.000000000000000000, 0.000000000000000000 ) ) ;
#5269 = CARTESIAN_POINT ( 'NONE',  ( 447.7432428742870343, 520.3116526026211659, 55.76662876109686806 ) ) ;
#5270 = ORIENTED_EDGE ( 'NONE', *, *, #8965, .F. ) ;
#5271 = DIRECTION ( 'NONE',  ( 0.000000000000000000, 0.000000000000000000, 1.000000000000000000 ) ) ;
#5272 = CARTESIAN_POINT ( 'NONE',  ( 416.9710928178118365, 521.5643806838062346, -26.34852786879365638 ) ) ;
#5273 = ORIENTED_EDGE ( 'NONE', *, *, #2034, .F. ) ;
#5274 = ORIENTED_EDGE ( 'NONE', *, *, #1279, .T. ) ;
#5275 = CARTESIAN_POINT ( 'NONE',  ( 423.0380999787108749, 525.6015632064165857, -15.03766668192264433 ) ) ;
#5276 = DIRECTION ( 'NONE',  ( -1.000000000000000000, -0.000000000000000000, 0.000000000000000000 ) ) ;
#5277 = CIRCLE ( 'NONE', #4937, 3.499999999999996003 ) ;
#5278 = PERSON_AND_ORGANIZATION_ROLE ( 'classification_officer' ) ;
#5279 = CARTESIAN_POINT ( 'NONE',  ( 440.9999999999999432, 368.9938854097437115, -0.2091084966484926810 ) ) ;
#5280 = ORIENTED_EDGE ( 'NONE', *, *, #4167, .F. ) ;
#5281 = CARTESIAN_POINT ( 'NONE',  ( 447.9999999999999432, 461.3500000000000227, -29.18954201200539700 ) ) ;
#5282 = DIRECTION ( 'NONE',  ( 0.000000000000000000, 0.000000000000000000, 1.000000000000000000 ) ) ;
#5283 = ORIENTED_EDGE ( 'NONE', *, *, #9662, .F. ) ;
#5284 = CARTESIAN_POINT ( 'NONE',  ( 481.0009999999999195, 415.1000000000000227, 14.23922846596874514 ) ) ;
#5285 = CARTESIAN_POINT ( 'NONE',  ( 465.9999999999998863, 449.6000000000000796, -40.41514919502149894 ) ) ;
#5286 = VERTEX_POINT ( 'NONE', #8792 ) ;
#5287 = EDGE_CURVE ( 'NONE', #6206, #8905, #3387, .T. ) ;
#5288 = EDGE_CURVE ( 'NONE', #3524, #6773, #7405, .T. ) ;
#5289 = DIRECTION ( 'NONE',  ( -2.478716320810480276E-16, 1.000000000000000000, 0.000000000000000000 ) ) ;
#5290 = ADVANCED_FACE ( 'NONE', ( #9985 ), #4366, .F. ) ;
#5291 = CARTESIAN_POINT ( 'NONE',  ( 480.9999999999999432, 285.7438236647383292, 17.84122402630373116 ) ) ;
#5292 = CYLINDRICAL_SURFACE ( 'NONE', #4217, 1.250000000000001110 ) ;
#5293 = CARTESIAN_POINT ( 'NONE',  ( 451.3999999999997499, 296.5453288705957675, -23.54548347583527601 ) ) ;
#5294 = EDGE_CURVE ( 'NONE', #5334, #7964, #7658, .T. ) ;
#5295 = AXIS2_PLACEMENT_3D ( 'NONE', #6589, #7201, #6533 ) ;
#5296 = LINE ( 'NONE', #583, #9550 ) ;
#5297 = ORIENTED_EDGE ( 'NONE', *, *, #4871, .F. ) ;
#5298 = CARTESIAN_POINT ( 'NONE',  ( 441.0000000000002842, 297.5549065798637116, -22.20937248563188859 ) ) ;
#5299 = CARTESIAN_POINT ( 'NONE',  ( 449.5000000000000568, 453.1000000000000796, 18.23922846596918390 ) ) ;
#5300 = DIRECTION ( 'NONE',  ( -0.7071067811865474617, -0.7071067811865474617, -0.000000000000000000 ) ) ;
#5301 = ADVANCED_FACE ( 'NONE', ( #4516 ), #1309, .T. ) ;
#5302 = AXIS2_PLACEMENT_3D ( 'NONE', #9886, #2809, #3538 ) ;
#5303 = TOROIDAL_SURFACE ( 'NONE', #8118, 3.499999999999999556, 4.000000000000000000 ) ;
#5304 = CARTESIAN_POINT ( 'NONE',  ( 444.0000000000000000, 547.9778522790264788, 6.457433373934130749 ) ) ;
#5305 = ORIENTED_EDGE ( 'NONE', *, *, #8453, .F. ) ;
#5306 = CARTESIAN_POINT ( 'NONE',  ( 446.2053489102152071, 453.1000000000000227, 0.5757573630082504224 ) ) ;
#5307 = DIRECTION ( 'NONE',  ( -1.000000000000000000, -2.478716320810480276E-16, -0.000000000000000000 ) ) ;
#5308 = CARTESIAN_POINT ( 'NONE',  ( 444.6345161721270074, 527.9799011416602070, -24.25461307297769409 ) ) ;
#5309 = VERTEX_POINT ( 'NONE', #9155 ) ;
#5310 = CARTESIAN_POINT ( 'NONE',  ( 442.5999999999999659, 296.1228751062957372, 16.27387480217105420 ) ) ;
#5311 = DIRECTION ( 'NONE',  ( -1.000000000000000000, -2.478716320810480276E-16, -0.000000000000000000 ) ) ;
#5312 = ORIENTED_EDGE ( 'NONE', *, *, #8143, .T. ) ;
#5313 = CARTESIAN_POINT ( 'NONE',  ( 413.9999999999999432, 535.3121939437094170, -18.11750702446007111 ) ) ;
#5314 = ORIENTED_EDGE ( 'NONE', *, *, #7702, .T. ) ;
#5315 = CARTESIAN_POINT ( 'NONE',  ( 480.9999999999999432, 534.3604643982597509, 23.62334978965654386 ) ) ;
#5316 = DIRECTION ( 'NONE',  ( 0.000000000000000000, 1.000000000000000000, 0.000000000000000000 ) ) ;
#5317 = ORIENTED_EDGE ( 'NONE', *, *, #1379, .T. ) ;
#5318 = CARTESIAN_POINT ( 'NONE',  ( 453.9999999999999432, 538.8899563225709244, 56.58485080497850817 ) ) ;
#5319 = CARTESIAN_POINT ( 'NONE',  ( 450.7098211061365305, 293.0299144142180126, -23.91990929339246819 ) ) ;
#5320 = ORIENTED_EDGE ( 'NONE', *, *, #7466, .F. ) ;
#5321 = CIRCLE ( 'NONE', #9596, 6.500000000000015987 ) ;
#5322 = EDGE_LOOP ( 'NONE', ( #2988, #4568, #5625, #3261, #9548 ) ) ;
#5323 = EDGE_CURVE ( 'NONE', #9707, #7106, #8344, .T. ) ;
#5324 = CARTESIAN_POINT ( 'NONE',  ( 442.5999999999999659, 294.1000593282378190, 20.84376000384779815 ) ) ;
#5325 = CARTESIAN_POINT ( 'NONE',  ( 449.5000000000000000, 429.5999999999999659, 18.23922846596880731 ) ) ;
#5326 = COORDINATED_UNIVERSAL_TIME_OFFSET ( 8, 0, .BEHIND. ) ;
#5327 = CARTESIAN_POINT ( 'NONE',  ( 447.4999999999999432, 405.1000000000000227, -2.760771534031251750 ) ) ;
#5328 = EDGE_LOOP ( 'NONE', ( #3916, #1264, #1777, #5583 ) ) ;
#5329 = CARTESIAN_POINT ( 'NONE',  ( 456.0231999999999175, 319.7091509620437932, 25.81279747212780862 ) ) ;
#5330 = AXIS2_PLACEMENT_3D ( 'NONE', #3955, #2562, #8859 ) ;
#5331 = DIRECTION ( 'NONE',  ( 0.000000000000000000, -1.000000000000000000, 0.000000000000000000 ) ) ;
#5332 = EDGE_LOOP ( 'NONE', ( #2778, #1276, #4133, #1031 ) ) ;
#5333 = LINE ( 'NONE', #6212, #1222 ) ;
#5334 = VERTEX_POINT ( 'NONE', #9241 ) ;
#5335 = CARTESIAN_POINT ( 'NONE',  ( 442.2597612430020035, 483.7631221156145784, -28.23963808125862585 ) ) ;
#5336 = CARTESIAN_POINT ( 'NONE',  ( 440.9999999999998295, 421.1000000000001364, -6.760771534031785990 ) ) ;
#5337 = DIRECTION ( 'NONE',  ( 0.7071067811865449082, -8.659560562354964906E-17, -0.7071067811865502373 ) ) ;
#5338 = ADVANCED_FACE ( 'NONE', ( #7507 ), #421, .F. ) ;
#5339 = VECTOR ( 'NONE', #10216, 1000.000000000000000 ) ;
#5340 = CARTESIAN_POINT ( 'NONE',  ( 451.3999999999997499, 296.0525704894648698, -30.35898013651305050 ) ) ;
#5341 = VECTOR ( 'NONE', #1537, 1000.000000000000114 ) ;
#5342 = ADVANCED_FACE ( 'NONE', ( #1410 ), #5181, .T. ) ;
#5343 = CARTESIAN_POINT ( 'NONE',  ( 443.9999999999999432, 538.8899563225709244, 45.36803544799825971 ) ) ;
#5344 = VERTEX_POINT ( 'NONE', #7609 ) ;
#5345 = CARTESIAN_POINT ( 'NONE',  ( 441.0000000000000568, 297.4146906971156454, -21.96294611747248737 ) ) ;
#5346 = VECTOR ( 'NONE', #150, 1000.000000000000000 ) ;
#5347 = AXIS2_PLACEMENT_3D ( 'NONE', #9965, #59, #788 ) ;
#5348 = CARTESIAN_POINT ( 'NONE',  ( 425.4588531724842824, 520.8631485070450253, 46.58485080497850106 ) ) ;
#5349 = EDGE_CURVE ( 'NONE', #9883, #7355, #9159, .T. ) ;
#5350 = EDGE_CURVE ( 'NONE', #7023, #8834, #1737, .T. ) ;
#5351 = CARTESIAN_POINT ( 'NONE',  ( 439.9999999999734541, 548.3955471529365013, 9.430016689850848621 ) ) ;
#5352 = ORIENTED_EDGE ( 'NONE', *, *, #10031, .T. ) ;
#5353 = DIRECTION ( 'NONE',  ( 0.000000000000000000, 9.912705577010318647E-16, 1.000000000000000000 ) ) ;
#5354 = EDGE_CURVE ( 'NONE', #4683, #7257, #5697, .T. ) ;
#5355 = FACE_OUTER_BOUND ( 'NONE', #5733, .T. ) ;
#5356 = CARTESIAN_POINT ( 'NONE',  ( 428.3927581876654926, 533.0660454746063124, -22.59458362682821431 ) ) ;
#5357 = EDGE_LOOP ( 'NONE', ( #476, #2131, #4469, #1632, #10154, #4906, #8864, #8123 ) ) ;
#5358 = ADVANCED_FACE ( 'NONE', ( #8434 ), #2033, .F. ) ;
#5359 = CARTESIAN_POINT ( 'NONE',  ( 442.6000000000000796, 294.0641963915013548, 21.19858975040214943 ) ) ;
#5360 = CARTESIAN_POINT ( 'NONE',  ( 440.9999999999999432, 446.6000000000000227, 53.58485080497848685 ) ) ;
#5361 = AXIS2_PLACEMENT_3D ( 'NONE', #4055, #9355, #7823 ) ;
#5362 = ORIENTED_EDGE ( 'NONE', *, *, #7777, .F. ) ;
#5363 = CARTESIAN_POINT ( 'NONE',  ( 441.0000000000000000, 297.6953627209855426, 25.07381837242081346 ) ) ;
#5364 = ORIENTED_EDGE ( 'NONE', *, *, #3340, .T. ) ;
#5365 = CARTESIAN_POINT ( 'NONE',  ( 429.6526740142684275, 542.0104643982598418, 3.579720804978486548 ) ) ;
#5366 = DIRECTION ( 'NONE',  ( -1.000000000000000000, -0.000000000000000000, -0.000000000000000000 ) ) ;
#5367 = ORIENTED_EDGE ( 'NONE', *, *, #8757, .T. ) ;
#5368 = CARTESIAN_POINT ( 'NONE',  ( 451.3999999999999204, 288.3345702798702064, 24.48096397354916576 ) ) ;
#5369 = CARTESIAN_POINT ( 'NONE',  ( 447.9999999999999432, 470.5668708588108302, 46.58485080497850106 ) ) ;
#5370 = EDGE_LOOP ( 'NONE', ( #3725, #5664, #8709, #6863, #9089, #9906, #5895, #9345 ) ) ;
#5371 = CIRCLE ( 'NONE', #9319, 6.500000000000005329 ) ;
#5372 = EDGE_CURVE ( 'NONE', #8796, #4677, #728, .T. ) ;
#5373 = DIRECTION ( 'NONE',  ( -1.000000000000000000, 0.000000000000000000, 0.000000000000000000 ) ) ;
#5374 = CARTESIAN_POINT ( 'NONE',  ( 447.9999999999999432, 470.5668708588108302, 42.58485080497850817 ) ) ;
#5375 = EDGE_CURVE ( 'NONE', #7266, #2038, #3585, .T. ) ;
#5376 = DIRECTION ( 'NONE',  ( 0.000000000000000000, 1.000000000000000000, -0.000000000000000000 ) ) ;
#5377 = VERTEX_POINT ( 'NONE', #5281 ) ;
#5378 = DIRECTION ( 'NONE',  ( 0.000000000000000000, 0.000000000000000000, 1.000000000000000000 ) ) ;
#5379 = CARTESIAN_POINT ( 'NONE',  ( 427.2203688634223795, 519.1162789983852690, 56.58485080497850106 ) ) ;
#5380 = ORIENTED_EDGE ( 'NONE', *, *, #7837, .F. ) ;
#5381 = CARTESIAN_POINT ( 'NONE',  ( 443.9999999999999432, 465.3500000000000227, -29.18954201200539700 ) ) ;
#5382 = DIRECTION ( 'NONE',  ( 0.000000000000000000, 0.8285820459426891382, -0.5598676568095601880 ) ) ;
#5383 = ORIENTED_EDGE ( 'NONE', *, *, #4128, .F. ) ;
#5384 = AXIS2_PLACEMENT_3D ( 'NONE', #7, #8601, #1525 ) ;
#5385 = CARTESIAN_POINT ( 'NONE',  ( 413.9999999999999432, 427.4419730684657566, 9.584850804978511718 ) ) ;
#5386 = CARTESIAN_POINT ( 'NONE',  ( 450.6011474096600864, 421.5042760661345937, 15.38744077845919200 ) ) ;
#5387 = CARTESIAN_POINT ( 'NONE',  ( 443.9999999999999432, 547.7202995294392167, 20.78190531351974002 ) ) ;
#5388 = VECTOR ( 'NONE', #1749, 1000.000000000000000 ) ;
#5389 = CARTESIAN_POINT ( 'NONE',  ( 445.3999999998866315, 295.3804596621594669, 17.25669851967574786 ) ) ;
#5390 = CIRCLE ( 'NONE', #9682, 2.000000000000001776 ) ;
#5391 = CARTESIAN_POINT ( 'NONE',  ( 451.3999999999996930, 291.0286258398857058, -26.10831782810501522 ) ) ;
#5392 = CARTESIAN_POINT ( 'NONE',  ( 414.0000000000000000, 547.2856418678012460, 19.77018250496703899 ) ) ;
#5393 = EDGE_LOOP ( 'NONE', ( #7186, #8667, #868, #8296 ) ) ;
#5394 = DIRECTION ( 'NONE',  ( 0.000000000000000000, 0.000000000000000000, 1.000000000000000000 ) ) ;
#5395 = CARTESIAN_POINT ( 'NONE',  ( 425.2169804741080839, 521.7010201121466935, 46.58485080497851527 ) ) ;
#5396 = CARTESIAN_POINT ( 'NONE',  ( 440.0000000000000568, 544.3169658209501449, 8.630003278263426836 ) ) ;
#5397 = VERTEX_POINT ( 'NONE', #1359 ) ;
#5398 = CARTESIAN_POINT ( 'NONE',  ( 449.3674642945387063, 453.1000000000001364, -5.279155380414771059 ) ) ;
#5399 = DIRECTION ( 'NONE',  ( 0.000000000000000000, -1.000000000000000000, 0.000000000000000000 ) ) ;
#5400 = AXIS2_PLACEMENT_3D ( 'NONE', #2930, #9367, #9320 ) ;
#5401 = DIRECTION ( 'NONE',  ( -1.000000000000000000, -2.478716320810480276E-16, -0.000000000000000000 ) ) ;
#5402 = EDGE_LOOP ( 'NONE', ( #769, #5992, #4307, #3660 ) ) ;
#5403 = CARTESIAN_POINT ( 'NONE',  ( 447.4999999999999432, 412.2317344549137488, -38.52254310929824044 ) ) ;
#5404 = EDGE_CURVE ( 'NONE', #5931, #4256, #2393, .T. ) ;
#5405 = EDGE_CURVE ( 'NONE', #4256, #5487, #3879, .T. ) ;
#5406 = AXIS2_PLACEMENT_3D ( 'NONE', #290, #1959, #3455 ) ;
#5407 = ORIENTED_EDGE ( 'NONE', *, *, #7171, .F. ) ;
#5408 = DIRECTION ( 'NONE',  ( -0.000000000000000000, -0.5111585965539384713, 0.8594864101130443856 ) ) ;
#5409 = EDGE_LOOP ( 'NONE', ( #4392, #7351, #6908, #6080 ) ) ;
#5410 = CARTESIAN_POINT ( 'NONE',  ( 480.9999999999999432, 285.7438236647383292, 16.59122402630373116 ) ) ;
#5411 = DIRECTION ( 'NONE',  ( -0.000000000000000000, -0.000000000000000000, 1.000000000000000000 ) ) ;
#5412 = ORIENTED_EDGE ( 'NONE', *, *, #1876, .T. ) ;
#5413 = CARTESIAN_POINT ( 'NONE',  ( 449.7984323070131722, 294.6715762972153811, -24.20488703820074150 ) ) ;
#5414 = ORIENTED_EDGE ( 'NONE', *, *, #7890, .T. ) ;
#5415 = ADVANCED_FACE ( 'NONE', ( #3534 ), #2754, .F. ) ;
#5416 = B_SPLINE_CURVE_WITH_KNOTS ( 'NONE', 3,
 ( #8102, #7260, #5663, #8808 ),
 .UNSPECIFIED., .F., .F.,
 ( 4, 4 ),
 ( 1.202006060209491421E-06, 0.001012201481295503351 ),
 .UNSPECIFIED. ) ;
#5417 = VECTOR ( 'NONE', #9796, 1000.000000000000000 ) ;
#5418 = CYLINDRICAL_SURFACE ( 'NONE', #397, 8.000000000000000000 ) ;
#5419 = DIRECTION ( 'NONE',  ( 2.601736677730715002E-31, -1.049630672089176363E-15, 1.000000000000000000 ) ) ;
#5420 = PERSON_AND_ORGANIZATION ( #4277, #4175 ) ;
#5421 = DIRECTION ( 'NONE',  ( 0.000000000000000000, 0.000000000000000000, -1.000000000000000000 ) ) ;
#5422 = VERTEX_POINT ( 'NONE', #3109 ) ;
#5423 = CARTESIAN_POINT ( 'NONE',  ( 445.7499999999998863, 429.6000000000000227, 1.164662208042392733 ) ) ;
#5424 = EDGE_CURVE ( 'NONE', #7073, #1871, #7172, .T. ) ;
#5425 = CARTESIAN_POINT ( 'NONE',  ( 463.3999999999999204, 276.9938854097435978, 0.1778581151391607218 ) ) ;
#5426 = ORIENTED_EDGE ( 'NONE', *, *, #597, .T. ) ;
#5427 = CARTESIAN_POINT ( 'NONE',  ( 442.5999999999999659, 297.3233250367959499, 26.62996359750182407 ) ) ;
#5428 = CARTESIAN_POINT ( 'NONE',  ( 475.0493545357292646, 286.8333081229242225, -15.60649365081390094 ) ) ;
#5429 = ORIENTED_EDGE ( 'NONE', *, *, #6169, .F. ) ;
#5430 = EDGE_CURVE ( 'NONE', #6618, #2441, #7711, .T. ) ;
#5431 = CIRCLE ( 'NONE', #638, 6.499999999999996447 ) ;
#5432 = DIRECTION ( 'NONE',  ( 0.000000000000000000, 0.000000000000000000, 1.000000000000000000 ) ) ;
#5433 = DIRECTION ( 'NONE',  ( 0.000000000000000000, -1.000000000000000000, 0.000000000000000000 ) ) ;
#5434 = CARTESIAN_POINT ( 'NONE',  ( 443.9999999999998863, 549.9986776609019898, 15.53207381482565275 ) ) ;
#5435 = CARTESIAN_POINT ( 'NONE',  ( 451.4000000000143586, 295.4319010663035101, 25.56363644562837578 ) ) ;
#5436 = AXIS2_PLACEMENT_3D ( 'NONE', #4113, #4921, #6422 ) ;
#5437 = CARTESIAN_POINT ( 'NONE',  ( 451.3999999999999773, 298.9617389438055284, -24.94962070628925233 ) ) ;
#5438 = CYLINDRICAL_SURFACE ( 'NONE', #3468, 6.500000000000002665 ) ;
#5439 = ORIENTED_EDGE ( 'NONE', *, *, #8828, .F. ) ;
#5440 = CYLINDRICAL_SURFACE ( 'NONE', #5622, 1.649999999999984812 ) ;
#5441 = CARTESIAN_POINT ( 'NONE',  ( 459.3999999999999204, 306.3595542011694874, -14.87729038735910159 ) ) ;
#5442 = CARTESIAN_POINT ( 'NONE',  ( 443.9999999999822649, 548.3955471520753235, 9.430016689853843559 ) ) ;
#5443 = EDGE_LOOP ( 'NONE', ( #4397, #2399, #6800, #3677 ) ) ;
#5444 = DIRECTION ( 'NONE',  ( 0.000000000000000000, 1.000000000000000000, 1.734723475976805517E-15 ) ) ;
#5445 = CARTESIAN_POINT ( 'NONE',  ( 448.5491368714199325, 420.3137254675081067, -6.656206242043977817 ) ) ;
#5446 = CARTESIAN_POINT ( 'NONE',  ( 412.9394066845675866, 533.2543437360253620, -20.23631036745003442 ) ) ;
#5447 =( BOUNDED_SURFACE ( )  B_SPLINE_SURFACE ( 3, 2, ( 
 ( #2625, #8662, #4731 ),
 ( #16, #5562, #8712 ),
 ( #1633, #5613, #1689 ),
 ( #4780, #7946, #4833 ),
 ( #4076, #7216, #6443 ),
 ( #2518, #5671, #8977 ) ),
 .UNSPECIFIED., .F., .F., .T. ) 
 B_SPLINE_SURFACE_WITH_KNOTS ( ( 4, 2, 4 ),
 ( 3, 3 ),
 ( 9.974659986866640793E-18, 0.0008333040315893603485, 0.001666608063178710722 ),
 ( 0.000000000000000000, 1.000000000000000000 ),
 .UNSPECIFIED. ) 
 GEOMETRIC_REPRESENTATION_ITEM ( )  RATIONAL_B_SPLINE_SURFACE ( (
 ( 1.000000000000000000, 0.5965640326580259334, 1.000000000000000000),
 ( 1.000000000000000000, 0.6042631715863024944, 1.000000000000000000),
 ( 1.000000000000000000, 0.6126407229525290266, 1.000000000000000000),
 ( 1.000000000000000000, 0.6306979260305873858, 1.000000000000000000),
 ( 1.000000000000000000, 0.6403776306331412371, 1.000000000000000000),
 ( 1.000000000000000000, 0.6506949349395737547, 1.000000000000000000) ) ) 
 REPRESENTATION_ITEM ( '' )  SURFACE ( )  );
#5448 = ORIENTED_EDGE ( 'NONE', *, *, #5731, .T. ) ;
#5449 = CARTESIAN_POINT ( 'NONE',  ( 471.0732000679998919, 393.8011382988603373, 46.61099218053524140 ) ) ;
#5450 = ORIENTED_EDGE ( 'NONE', *, *, #9165, .F. ) ;
#5451 = DIRECTION ( 'NONE',  ( -1.000000000000000000, 0.000000000000000000, 0.000000000000000000 ) ) ;
#5452 = ORIENTED_EDGE ( 'NONE', *, *, #3610, .T. ) ;
#5453 = CARTESIAN_POINT ( 'NONE',  ( 443.9999999999999432, 538.3604643982596372, 23.62334978965654742 ) ) ;
#5454 = PLANE ( 'NONE',  #773 ) ;
#5455 = ORIENTED_EDGE ( 'NONE', *, *, #2770, .F. ) ;
#5456 = DIRECTION ( 'NONE',  ( -1.000000000000000000, 0.000000000000000000, 0.000000000000000000 ) ) ;
#5457 = DIRECTION ( 'NONE',  ( 1.000000000000000000, 2.478716320810480276E-16, 0.000000000000000000 ) ) ;
#5458 = EDGE_CURVE ( 'NONE', #6627, #1128, #9346, .T. ) ;
#5459 = ORIENTED_EDGE ( 'NONE', *, *, #2793, .F. ) ;
#5460 = EDGE_CURVE ( 'NONE', #8030, #3216, #2068, .T. ) ;
#5461 = CARTESIAN_POINT ( 'NONE',  ( 441.3535533905932198, 415.1000000000000227, 14.23922846596874514 ) ) ;
#5462 = CARTESIAN_POINT ( 'NONE',  ( 447.5000000000000000, 355.9938854097437115, 56.58485080497850817 ) ) ;
#5463 = DIRECTION ( 'NONE',  ( -2.601736677730715002E-31, 1.049630672089176363E-15, -1.000000000000000000 ) ) ;
#5464 = PERSON_AND_ORGANIZATION ( #4277, #4175 ) ;
#5465 = CARTESIAN_POINT ( 'NONE',  ( 447.9999999999857891, 471.7999102812103160, -36.80519875966704291 ) ) ;
#5466 = EDGE_LOOP ( 'NONE', ( #8738, #3577, #10097, #7280, #5320 ) ) ;
#5467 = CARTESIAN_POINT ( 'NONE',  ( 451.3999999999999204, 291.5319175791232738, 12.41083079728338312 ) ) ;
#5468 = EDGE_CURVE ( 'NONE', #7601, #8230, #8623, .T. ) ;
#5469 = CARTESIAN_POINT ( 'NONE',  ( 456.0231999999999175, 376.4673797864808762, 42.46689864009361060 ) ) ;
#5470 = VERTEX_POINT ( 'NONE', #6258 ) ;
#5471 = EDGE_CURVE ( 'NONE', #504, #3054, #6915, .T. ) ;
#5472 = CARTESIAN_POINT ( 'NONE',  ( 444.4666666666668107, 297.3233250367960068, 26.62996359750183117 ) ) ;
#5473 = AXIS2_PLACEMENT_3D ( 'NONE', #7907, #660, #5421 ) ;
#5474 = DIRECTION ( 'NONE',  ( 1.000000000000000000, 0.000000000000000000, 0.000000000000000000 ) ) ;
#5475 = EDGE_LOOP ( 'NONE', ( #6675, #711, #8498, #4959 ) ) ;
#5476 = EDGE_CURVE ( 'NONE', #3324, #4915, #2238, .T. ) ;
#5477 = CARTESIAN_POINT ( 'NONE',  ( 449.5000000000000000, 429.6000000000001364, -6.760771534031789542 ) ) ;
#5478 = TOROIDAL_SURFACE ( 'NONE', #4658, 19.00000000000001776, 6.000000000000000000 ) ;
#5479 = CARTESIAN_POINT ( 'NONE',  ( 440.9999999999998295, 296.8399634856983766, 24.67430759288372855 ) ) ;
#5480 = CARTESIAN_POINT ( 'NONE',  ( 414.9227883515069379, 528.1047243183220417, -24.21387294936806711 ) ) ;
#5481 = CARTESIAN_POINT ( 'NONE',  ( 451.3999999999999204, 292.2709096761370802, -11.11871346937397931 ) ) ;
#5482 = CARTESIAN_POINT ( 'NONE',  ( 451.3999999999635406, 296.8832207816785740, 26.49911636448990038 ) ) ;
#5483 = CARTESIAN_POINT ( 'NONE',  ( 451.3999999999999204, 297.9515218565063037, -30.86398665371964611 ) ) ;
#5484 = CARTESIAN_POINT ( 'NONE',  ( 414.0000000000001137, 548.7246148850018699, 16.19279562064487266 ) ) ;
#5485 = CIRCLE ( 'NONE', #9285, 8.000000000000000000 ) ;
#5486 = VECTOR ( 'NONE', #7442, 1000.000000000000000 ) ;
#5487 = VERTEX_POINT ( 'NONE', #6925 ) ;
#5488 = CARTESIAN_POINT ( 'NONE',  ( 442.5999999999999091, 295.5641159475827067, -18.00311310095997896 ) ) ;
#5489 = CYLINDRICAL_SURFACE ( 'NONE', #8988, 3.999999999999974243 ) ;
#5490 = ADVANCED_FACE ( 'NONE', ( #9295 ), #10071, .F. ) ;
#5491 = DIRECTION ( 'NONE',  ( 1.000000000000000000, 0.000000000000000000, 0.000000000000000000 ) ) ;
#5492 = ORIENTED_EDGE ( 'NONE', *, *, #9811, .F. ) ;
#5493 = VECTOR ( 'NONE', #5124, 1000.000000000000000 ) ;
#5494 = CIRCLE ( 'NONE', #9454, 8.000000000000007105 ) ;
#5495 = LINE ( 'NONE', #9576, #2249 ) ;
#5496 = CARTESIAN_POINT ( 'NONE',  ( 443.9999999999999432, 554.7104643982597736, 56.58485080497850817 ) ) ;
#5497 = FACE_OUTER_BOUND ( 'NONE', #2791, .T. ) ;
#5498 = CARTESIAN_POINT ( 'NONE',  ( 419.3409900978027736, 533.8390186750331168, -22.34229855790739094 ) ) ;
#5499 = B_SPLINE_CURVE_WITH_KNOTS ( 'NONE', 3,
 ( #8778, #1702, #9916, #503, #9085, #2117, #4401, #8373, #403, #8226, #8272, #5111, #2740, #4251, #7542, #3670, #456, #8421, #2690, #7389, #5162, #9967, #6811, #7437, #8323, #301, #4301, #1191, #2839, #349 ),
 .UNSPECIFIED., .F., .F.,
 ( 4, 2, 2, 2, 2, 2, 2, 2, 2, 2, 2, 2, 2, 2, 4 ),
 ( 0.1538427964084456423, 0.1875000000000026090, 0.2500000000000046629, 0.3125000000000067168, 0.3750000000000087708, 0.4062500000000087708, 0.4375000000000086597, 0.4687500000000085487, 0.5000000000000084377, 0.5312500000000083267, 0.5625000000000083267, 0.6250000000000079936, 0.6875000000000077716, 0.7500000000000074385, 0.8474970665657399760 ),
 .UNSPECIFIED. ) ;
#5500 = EDGE_LOOP ( 'NONE', ( #573, #5536, #4881, #353, #1968, #3447 ) ) ;
#5501 = AXIS2_PLACEMENT_3D ( 'NONE', #3825, #4885, #1594 ) ;
#5502 = AXIS2_PLACEMENT_3D ( 'NONE', #5462, #4512, #5373 ) ;
#5503 = AXIS2_PLACEMENT_3D ( 'NONE', #4139, #7330, #4191 ) ;
#5504 = FACE_BOUND ( 'NONE', #3027, .T. ) ;
#5505 = ORIENTED_EDGE ( 'NONE', *, *, #4430, .T. ) ;
#5506 = FACE_OUTER_BOUND ( 'NONE', #9177, .T. ) ;
#5507 = VERTEX_POINT ( 'NONE', #2278 ) ;
#5508 = LINE ( 'NONE', #7060, #10116 ) ;
#5509 = AXIS2_PLACEMENT_3D ( 'NONE', #276, #3546, #4119 ) ;
#5510 = DIRECTION ( 'NONE',  ( 0.000000000000000000, -0.9725907656757108999, -0.2325235526185132073 ) ) ;
#5511 = ORIENTED_EDGE ( 'NONE', *, *, #4330, .F. ) ;
#5512 =( BOUNDED_SURFACE ( )  B_SPLINE_SURFACE ( 3, 2, ( 
 ( #6146, #4508, #512 ),
 ( #2846, #1400, #9976 ),
 ( #9335, #4457, #7600 ),
 ( #9234, #1446, #5222 ) ),
 .UNSPECIFIED., .F., .F., .T. ) 
 B_SPLINE_SURFACE_WITH_KNOTS ( ( 4, 4 ),
 ( 3, 3 ),
 ( 1.954697052702493165, 2.094395102393195707 ),
 ( 0.000000000000000000, 1.000000000000000000 ),
 .UNSPECIFIED. ) 
 GEOMETRIC_REPRESENTATION_ITEM ( )  RATIONAL_B_SPLINE_SURFACE ( (
 ( 1.000000000000000000, 0.6647517132976062948, 1.000000000000000000),
 ( 1.000000000000000000, 0.6597135513026095577, 1.000000000000000000),
 ( 1.000000000000000000, 0.6547601068687717296, 1.000000000000000000),
 ( 1.000000000000000000, 0.6499471705378876418, 1.000000000000000000) ) ) 
 REPRESENTATION_ITEM ( '' )  SURFACE ( )  );
#5513 = VECTOR ( 'NONE', #5654, 1000.000000000000000 ) ;
#5514 = DIRECTION ( 'NONE',  ( 0.000000000000000000, 0.1710331931357861046, 0.9852652672482558049 ) ) ;
#5515 = DIRECTION ( 'NONE',  ( 0.000000000000000000, 1.000000000000000000, 0.000000000000000000 ) ) ;
#5516 = EDGE_LOOP ( 'NONE', ( #2644, #8645, #1375, #9618 ) ) ;
#5517 = CIRCLE ( 'NONE', #6692, 6.499999999999948486 ) ;
#5518 = CARTESIAN_POINT ( 'NONE',  ( 480.9999999999999432, 350.1336969887955206, 33.08659008728884032 ) ) ;
#5519 = CARTESIAN_POINT ( 'NONE',  ( 449.5000000000000000, 436.1000000000002501, 18.23922846596880731 ) ) ;
#5520 = CARTESIAN_POINT ( 'NONE',  ( 435.1413741261461041, 519.7774536387181570, 56.58485080497850106 ) ) ;
#5521 = ORIENTED_EDGE ( 'NONE', *, *, #247, .F. ) ;
#5522 = DIRECTION ( 'NONE',  ( 0.000000000000000000, 0.000000000000000000, 1.000000000000000000 ) ) ;
#5523 = ORIENTED_EDGE ( 'NONE', *, *, #7256, .T. ) ;
#5524 = CARTESIAN_POINT ( 'NONE',  ( 480.9999999999999432, 359.9938854097437115, 0.000000000000000000 ) ) ;
#5525 = EDGE_CURVE ( 'NONE', #7714, #5507, #7170, .T. ) ;
#5526 = CARTESIAN_POINT ( 'NONE',  ( 414.8905932075186911, 527.9810368626618811, 47.63999966940055231 ) ) ;
#5527 = ADVANCED_FACE ( 'NONE', ( #7758 ), #8576, .F. ) ;
#5528 = EDGE_LOOP ( 'NONE', ( #2648, #4592, #4086, #3685, #5060, #3569, #9531, #5801, #9724, #4947, #3935, #3629, #9056, #5998, #6007, #1214, #5641, #4483, #894, #2090 ) ) ;
#5529 = AXIS2_PLACEMENT_3D ( 'NONE', #2137, #10076, #667 ) ;
#5530 = CARTESIAN_POINT ( 'NONE',  ( 445.7499999999999432, 429.6000000000000796, 10.31379472389522967 ) ) ;
#5531 = CARTESIAN_POINT ( 'NONE',  ( 442.5999999999998522, 295.4565359030302147, -21.08166891764394180 ) ) ;
#5532 = EDGE_LOOP ( 'NONE', ( #2342, #7460, #4115, #3402 ) ) ;
#5533 = ADVANCED_FACE ( 'NONE', ( #712 ), #575, .F. ) ;
#5534 = DIRECTION ( 'NONE',  ( 0.000000000000000000, 0.000000000000000000, -1.000000000000000000 ) ) ;
#5535 = CARTESIAN_POINT ( 'NONE',  ( 441.0000000000000000, 295.7003451882448530, 20.94775151309845995 ) ) ;
#5536 = ORIENTED_EDGE ( 'NONE', *, *, #925, .T. ) ;
#5537 = EDGE_CURVE ( 'NONE', #9648, #6391, #6425, .T. ) ;
#5538 = DIRECTION ( 'NONE',  ( -1.965662807769971800E-30, 7.930164461608288050E-15, 1.000000000000000000 ) ) ;
#5539 = FACE_OUTER_BOUND ( 'NONE', #6964, .T. ) ;
#5540 = EDGE_CURVE ( 'NONE', #438, #3432, #1812, .T. ) ;
#5541 = CARTESIAN_POINT ( 'NONE',  ( 451.3999999999642228, 295.3591939224407383, 25.48801290323343594 ) ) ;
#5542 = CARTESIAN_POINT ( 'NONE',  ( 441.0000000000001705, 297.3313786036566171, 24.95745307516214595 ) ) ;
#5543 = CARTESIAN_POINT ( 'NONE',  ( 445.3999999999999204, 298.9777210153209808, -24.95239505023014814 ) ) ;
#5544 = TOROIDAL_SURFACE ( 'NONE', #6869, 4.000000000000031086, 4.000000000000000000 ) ;
#5545 = CARTESIAN_POINT ( 'NONE',  ( 443.4999999999999432, 417.6000000000000227, -30.64042097131219933 ) ) ;
#5546 = ORIENTED_EDGE ( 'NONE', *, *, #2380, .F. ) ;
#5547 = CARTESIAN_POINT ( 'NONE',  ( 442.5999999999998522, 297.4591577351401952, -24.36229743054133934 ) ) ;
#5548 = DIRECTION ( 'NONE',  ( 0.7071067811865523467, 0.000000000000000000, -0.7071067811865426878 ) ) ;
#5549 = CARTESIAN_POINT ( 'NONE',  ( 441.0000000000000000, 361.9938854097435978, 6.790891503351486058 ) ) ;
#5550 = AXIS2_PLACEMENT_3D ( 'NONE', #7003, #5307, #5399 ) ;
#5551 = DIRECTION ( 'NONE',  ( 0.000000000000000000, 0.000000000000000000, -1.000000000000000000 ) ) ;
#5552 = EDGE_CURVE ( 'NONE', #6263, #5062, #1032, .T. ) ;
#5553 = CARTESIAN_POINT ( 'NONE',  ( 423.5268410342909533, 525.6327356592061051, -19.23515346500474266 ) ) ;
#5554 = CARTESIAN_POINT ( 'NONE',  ( 444.3750813996584839, 536.1651275670374162, 26.97879224249367880 ) ) ;
#5555 = DIRECTION ( 'NONE',  ( 0.000000000000000000, 1.000000000000000000, 0.000000000000000000 ) ) ;
#5556 = LINE ( 'NONE', #4629, #1062 ) ;
#5557 = ORIENTED_EDGE ( 'NONE', *, *, #951, .F. ) ;
#5558 = EDGE_CURVE ( 'NONE', #1381, #7266, #5517, .T. ) ;
#5559 = EDGE_CURVE ( 'NONE', #7106, #645, #9476, .T. ) ;
#5560 = CARTESIAN_POINT ( 'NONE',  ( 479.3999999999999204, 276.9938854097435978, -14.82214188486084083 ) ) ;
#5561 = VERTEX_POINT ( 'NONE', #8124 ) ;
#5562 = CARTESIAN_POINT ( 'NONE',  ( 419.2749477258406614, 523.8923028810263531, 46.29194485521296798 ) ) ;
#5563 = ORIENTED_EDGE ( 'NONE', *, *, #6135, .F. ) ;
#5564 = FACE_OUTER_BOUND ( 'NONE', #2447, .T. ) ;
#5565 = CARTESIAN_POINT ( 'NONE',  ( 438.9089653438086316, 489.5668708588109439, 42.58485080497850817 ) ) ;
#5566 = ORIENTED_EDGE ( 'NONE', *, *, #5153, .T. ) ;
#5567 = AXIS2_PLACEMENT_3D ( 'NONE', #4351, #406, #6717 ) ;
#5568 = DIRECTION ( 'NONE',  ( 0.000000000000000000, 0.000000000000000000, -1.000000000000000000 ) ) ;
#5569 = DIRECTION ( 'NONE',  ( 1.000000000000000000, 2.478716320810481262E-16, 0.000000000000000000 ) ) ;
#5570 = ORIENTED_EDGE ( 'NONE', *, *, #7105, .T. ) ;
#5571 = DIRECTION ( 'NONE',  ( 0.000000000000000000, -0.9506469424946871749, -0.3102747020391814492 ) ) ;
#5572 = VECTOR ( 'NONE', #6705, 1000.000000000000000 ) ;
#5573 = CARTESIAN_POINT ( 'NONE',  ( 442.5999999999993975, 296.1433403680927086, 26.13894093305255950 ) ) ;
#5574 = VERTEX_POINT ( 'NONE', #2533 ) ;
#5575 = DIRECTION ( 'NONE',  ( 0.000000000000000000, 0.000000000000000000, -1.000000000000000000 ) ) ;
#5576 = ORIENTED_EDGE ( 'NONE', *, *, #3020, .F. ) ;
#5577 = CARTESIAN_POINT ( 'NONE',  ( 446.8700902574279326, 296.1425847695257403, 26.34767639989036070 ) ) ;
#5578 = FACE_OUTER_BOUND ( 'NONE', #5901, .T. ) ;
#5579 = EDGE_LOOP ( 'NONE', ( #9515, #1865, #9376, #10036 ) ) ;
#5580 = CARTESIAN_POINT ( 'NONE',  ( 447.9018652169804113, 529.4522355981639521, 41.86929359012680862 ) ) ;
#5581 = CARTESIAN_POINT ( 'NONE',  ( 442.5999999999998522, 297.4591577351401952, -24.36229743054133934 ) ) ;
#5582 = VECTOR ( 'NONE', #386, 1000.000000000000000 ) ;
#5583 = ORIENTED_EDGE ( 'NONE', *, *, #666, .T. ) ;
#5584 = ADVANCED_FACE ( 'NONE', ( #1088 ), #5846, .F. ) ;
#5585 = CARTESIAN_POINT ( 'NONE',  ( 422.8526740142684730, 527.7851986257510362, -18.46496103207909201 ) ) ;
#5586 = FACE_OUTER_BOUND ( 'NONE', #4687, .T. ) ;
#5587 = CARTESIAN_POINT ( 'NONE',  ( 413.9989999999999668, 461.3500000000000227, 0.000000000000000000 ) ) ;
#5588 = ORIENTED_EDGE ( 'NONE', *, *, #82, .F. ) ;
#5589 = CARTESIAN_POINT ( 'NONE',  ( 447.5000000000000000, 370.4938854097436547, -23.15758699032833334 ) ) ;
#5590 = DIRECTION ( 'NONE',  ( 0.000000000000000000, 0.000000000000000000, 1.000000000000000000 ) ) ;
#5591 = CARTESIAN_POINT ( 'NONE',  ( 451.4000000000285695, 296.0662818471187165, 26.09151535805973765 ) ) ;
#5592 = EDGE_CURVE ( 'NONE', #7642, #1574, #6352, .T. ) ;
#5593 = CARTESIAN_POINT ( 'NONE',  ( 442.5999999999999659, 420.4675803170656536, 56.07085562821720259 ) ) ;
#5594 = CARTESIAN_POINT ( 'NONE',  ( 445.3999999999995794, 298.9409977354519015, -24.94601993826433528 ) ) ;
#5595 = VERTEX_POINT ( 'NONE', #3415 ) ;
#5596 = DIRECTION ( 'NONE',  ( 0.000000000000000000, 0.000000000000000000, -1.000000000000000000 ) ) ;
#5597 = EDGE_CURVE ( 'NONE', #8055, #121, #4904, .T. ) ;
#5598 = ORIENTED_EDGE ( 'NONE', *, *, #3786, .F. ) ;
#5599 = ADVANCED_FACE ( 'NONE', ( #8992 ), #8835, .F. ) ;
#5600 = LINE ( 'NONE', #7775, #9404 ) ;
#5601 = CARTESIAN_POINT ( 'NONE',  ( 336.0902124738105385, 359.9938854097437115, -19.94615330014154253 ) ) ;
#5602 = FACE_OUTER_BOUND ( 'NONE', #4846, .T. ) ;
#5603 = AXIS2_PLACEMENT_3D ( 'NONE', #4574, #9359, #7141 ) ;
#5604 = CARTESIAN_POINT ( 'NONE',  ( 444.0000000000349587, 544.5225163089268108, 21.36679344590654139 ) ) ;
#5605 = CARTESIAN_POINT ( 'NONE',  ( 480.9999999999999432, 276.9938854097435978, 0.1778581151391607218 ) ) ;
#5606 = CARTESIAN_POINT ( 'NONE',  ( 422.8526740142684730, 526.0728315120054503, -14.85001997201148782 ) ) ;
#5607 = FACE_OUTER_BOUND ( 'NONE', #7237, .T. ) ;
#5608 = DIRECTION ( 'NONE',  ( 0.000000000000000000, -1.000000000000000000, 0.000000000000000000 ) ) ;
#5609 = ORIENTED_EDGE ( 'NONE', *, *, #1955, .T. ) ;
#5610 = EDGE_CURVE ( 'NONE', #1050, #691, #9710, .T. ) ;
#5611 = FACE_OUTER_BOUND ( 'NONE', #7853, .T. ) ;
#5612 = EDGE_LOOP ( 'NONE', ( #6822, #9435, #8786, #8090 ) ) ;
#5613 = CARTESIAN_POINT ( 'NONE',  ( 419.5390847987208645, 523.3374152201968172, 46.50178799231575510 ) ) ;
#5615 = ORIENTED_EDGE ( 'NONE', *, *, #5746, .T. ) ;
#5614 = B_SPLINE_CURVE_WITH_KNOTS ( 'NONE', 3,
 ( #7019, #7069, #8527, #7753, #566, #7855, #10066, #1449 ),
 .UNSPECIFIED., .F., .F.,
 ( 4, 1, 1, 1, 1, 4 ),
 ( 0.6732659463030112867, 0.7482465375789821849, 0.8413353469664510698, 0.9111519540070526224, 0.9809685610476538420, 1.000000000000000000 ),
 .UNSPECIFIED. ) ;
#5616 = CYLINDRICAL_SURFACE ( 'NONE', #3699, 6.499999999999995559 ) ;
#5617 = DIRECTION ( 'NONE',  ( -1.000000000000000000, 0.000000000000000000, 0.000000000000000000 ) ) ;
#5618 = ORIENTED_EDGE ( 'NONE', *, *, #7762, .F. ) ;
#5619 = CARTESIAN_POINT ( 'NONE',  ( 441.0000000000000000, 298.3817193826943139, -15.63734210317915085 ) ) ;
#5620 = CARTESIAN_POINT ( 'NONE',  ( 451.4000000000000909, 288.1358026654939977, 23.41192674039440291 ) ) ;
#5621 = ORIENTED_EDGE ( 'NONE', *, *, #6505, .F. ) ;
#5622 = AXIS2_PLACEMENT_3D ( 'NONE', #6275, #8594, #1517 ) ;
#5623 = CARTESIAN_POINT ( 'NONE',  ( 443.5000000000000000, 355.9938854097437115, -19.94615330014154608 ) ) ;
#5624 = DIRECTION ( 'NONE',  ( 0.000000000000000000, 0.000000000000000000, -1.000000000000000000 ) ) ;
#5625 = ORIENTED_EDGE ( 'NONE', *, *, #4713, .F. ) ;
#5626 = CARTESIAN_POINT ( 'NONE',  ( 441.5000000000001137, 362.4938854097436547, -0.2091084966484984264 ) ) ;
#5627 = ORIENTED_EDGE ( 'NONE', *, *, #9017, .F. ) ;
#5628 = DIRECTION ( 'NONE',  ( -1.000000000000000000, 2.996186134945139640E-16, 0.000000000000000000 ) ) ;
#5629 = CIRCLE ( 'NONE', #2823, 6.853553390593295269 ) ;
#5630 = CARTESIAN_POINT ( 'NONE',  ( 427.1574991577694504, 520.3667145147425117, 56.58485080497798236 ) ) ;
#5631 = ADVANCED_FACE ( 'NONE', ( #871 ), #8019, .F. ) ;
#5632 = ORIENTED_EDGE ( 'NONE', *, *, #9525, .T. ) ;
#5633 = AXIS2_PLACEMENT_3D ( 'NONE', #6068, #6886, #5289 ) ;
#5634 = LINE ( 'NONE', #8022, #7672 ) ;
#5635 = CARTESIAN_POINT ( 'NONE',  ( 442.5999999999996817, 296.9569634994850844, -14.87305517731416771 ) ) ;
#5636 = ORIENTED_EDGE ( 'NONE', *, *, #1379, .F. ) ;
#5637 = CIRCLE ( 'NONE', #8452, 36.99999999999997868 ) ;
#5638 = CARTESIAN_POINT ( 'NONE',  ( 451.4000000000001478, 289.3660593438410729, -20.69340228548335503 ) ) ;
#5639 = CYLINDRICAL_SURFACE ( 'NONE', #4373, 4.000000000000000000 ) ;
#5640 = DIRECTION ( 'NONE',  ( 1.000000000000000000, 2.478716320810480276E-16, 0.000000000000000000 ) ) ;
#5641 = ORIENTED_EDGE ( 'NONE', *, *, #5698, .F. ) ;
#5642 = LINE ( 'NONE', #8791, #9104 ) ;
#5643 =( GEOMETRIC_REPRESENTATION_CONTEXT ( 3 ) GLOBAL_UNCERTAINTY_ASSIGNED_CONTEXT ( ( #1940 ) ) GLOBAL_UNIT_ASSIGNED_CONTEXT ( ( #5230, #5963, #2854 ) ) REPRESENTATION_CONTEXT ( 'NONE', 'WORKASPACE' ) );
#5644 = CARTESIAN_POINT ( 'NONE',  ( 417.0589853271503102, 521.7789426808509461, 55.28092529606395544 ) ) ;
#5645 = CIRCLE ( 'NONE', #192, 8.000000000000007105 ) ;
#5646 = CARTESIAN_POINT ( 'NONE',  ( 451.4000000000000341, 291.1584559573988713, 29.77808170187005032 ) ) ;
#5647 = DIRECTION ( 'NONE',  ( 1.000000000000000000, 0.000000000000000000, 0.000000000000000000 ) ) ;
#5648 = CARTESIAN_POINT ( 'NONE',  ( 451.3999999999999204, 298.0633963571141862, -30.88340706130481905 ) ) ;
#5649 = VERTEX_POINT ( 'NONE', #8069 ) ;
#5650 = CARTESIAN_POINT ( 'NONE',  ( 479.7786065516584131, 469.4131102438266225, -37.21298878676915933 ) ) ;
#5651 = AXIS2_PLACEMENT_3D ( 'NONE', #10206, #3767, #6909 ) ;
#5652 = B_SPLINE_CURVE_WITH_KNOTS ( 'NONE', 3,
 ( #464, #6428, #9568, #5650, #8944, #7398, #5017, #309, #3475, #9766, #514, #9978, #5224, #3679, #6821, #4459, #2902, #2080, #9146, #7602, #8382, #1302, #888, #4868 ),
 .UNSPECIFIED., .F., .F.,
 ( 4, 2, 2, 2, 2, 2, 2, 2, 2, 2, 2, 4 ),
 ( 0.000000000000000000, 0.001894736393436571463, 0.003789472786873142925, 0.005684209180309714171, 0.007578945573746285851, 0.008526313770464647585, 0.009473681967183008451, 0.01042105016390137105, 0.01136841836061973192, 0.01326315475405651784, 0.01421052295077489258, 0.01515789114749326559 ),
 .UNSPECIFIED. ) ;
#5653 = DIRECTION ( 'NONE',  ( 1.000000000000000000, 0.000000000000000000, 0.000000000000000000 ) ) ;
#5654 = DIRECTION ( 'NONE',  ( -2.482414054536381163E-31, -8.285246452426542583E-16, 1.000000000000000000 ) ) ;
#5655 = CARTESIAN_POINT ( 'NONE',  ( 449.2734264866164722, 527.0766217934606175, -24.37762150421380625 ) ) ;
#5656 = EDGE_CURVE ( 'NONE', #5692, #9147, #735, .T. ) ;
#5657 = DIRECTION ( 'NONE',  ( -1.000000000000000000, 0.000000000000000000, 0.000000000000000000 ) ) ;
#5658 = VECTOR ( 'NONE', #572, 1000.000000000000000 ) ;
#5659 = CARTESIAN_POINT ( 'NONE',  ( 448.5995727386437579, 453.0999999999998522, 14.65914503472615138 ) ) ;
#5660 = DIRECTION ( 'NONE',  ( -1.000000000000000000, 0.000000000000000000, 0.000000000000000000 ) ) ;
#5661 = EDGE_CURVE ( 'NONE', #1085, #8230, #978, .T. ) ;
#5662 = FACE_OUTER_BOUND ( 'NONE', #1760, .T. ) ;
#5663 = CARTESIAN_POINT ( 'NONE',  ( 441.1068867033476977, 421.8466666872455448, -2.429857391226499352 ) ) ;
#5664 = ORIENTED_EDGE ( 'NONE', *, *, #724, .F. ) ;
#5665 = CC_DESIGN_PERSON_AND_ORGANIZATION_ASSIGNMENT ( #3782, #568, ( #9940 ) ) ;
#5666 = FACE_OUTER_BOUND ( 'NONE', #5528, .T. ) ;
#5667 = CARTESIAN_POINT ( 'NONE',  ( 439.4006316065066358, 482.7152799114504091, -39.02820170753875573 ) ) ;
#5668 = CIRCLE ( 'NONE', #1044, 4.000000000000003553 ) ;
#5669 = VERTEX_POINT ( 'NONE', #6458 ) ;
#5670 = ADVANCED_FACE ( 'NONE', ( #9601 ), #3889, .F. ) ;
#5671 = CARTESIAN_POINT ( 'NONE',  ( 420.6605119810812994, 521.1741192426053431, 46.88893532219511684 ) ) ;
#5672 = VERTEX_POINT ( 'NONE', #2588 ) ;
#5673 = DIRECTION ( 'NONE',  ( 0.000000000000000000, -0.2325235526185186474, 0.9725907656757096786 ) ) ;
#5674 = LINE ( 'NONE', #911, #4102 ) ;
#5675 = ORIENTED_EDGE ( 'NONE', *, *, #64, .F. ) ;
#5676 = CARTESIAN_POINT ( 'NONE',  ( 447.9999999999999432, 461.3500000000000227, 0.000000000000000000 ) ) ;
#5677 = EDGE_CURVE ( 'NONE', #8055, #1145, #5742, .T. ) ;
#5678 = FACE_OUTER_BOUND ( 'NONE', #5402, .T. ) ;
#5679 = VECTOR ( 'NONE', #5074, 1000.000000000000000 ) ;
#5680 = ORIENTED_EDGE ( 'NONE', *, *, #9904, .F. ) ;
#5681 = CIRCLE ( 'NONE', #224, 6.199999999999983302 ) ;
#5682 = B_SPLINE_CURVE_WITH_KNOTS ( 'NONE', 3,
 ( #7874, #4811, #8695, #8795 ),
 .UNSPECIFIED., .F., .F.,
 ( 4, 4 ),
 ( 0.000000000000000000, 0.01066735997012492609 ),
 .UNSPECIFIED. ) ;
#5683 = LINE ( 'NONE', #5623, #4202 ) ;
#5684 = CARTESIAN_POINT ( 'NONE',  ( 442.6000000000002501, 294.9273237905554197, 24.94646350789368228 ) ) ;
#5685 = AXIS2_PLACEMENT_3D ( 'NONE', #7092, #9413, #4717 ) ;
#5686 = EDGE_LOOP ( 'NONE', ( #9158, #1195, #7920, #8135, #3690 ) ) ;
#5687 = CARTESIAN_POINT ( 'NONE',  ( 447.5000000000000000, 309.9190292061907712, -16.70215687251033998 ) ) ;
#5689 = ORIENTED_EDGE ( 'NONE', *, *, #7574, .T. ) ;
#5688 = AXIS2_PLACEMENT_3D ( 'NONE', #553, #1621, #7929 ) ;
#5690 = DIRECTION ( 'NONE',  ( 0.000000000000000000, 0.9391474736241720578, -0.3435142250116214324 ) ) ;
#5691 = CARTESIAN_POINT ( 'NONE',  ( 455.5992255050524022, 516.5043799789971217, 56.58485080496600972 ) ) ;
#5692 = VERTEX_POINT ( 'NONE', #5113 ) ;
#5693 = DIRECTION ( 'NONE',  ( 0.000000000000000000, 0.000000000000000000, 1.000000000000000000 ) ) ;
#5694 = EDGE_CURVE ( 'NONE', #8883, #5056, #6864, .T. ) ;
#5695 = CARTESIAN_POINT ( 'NONE',  ( 463.3999999999999204, 275.1125202852500706, -10.66005982459162738 ) ) ;
#5696 = ORIENTED_EDGE ( 'NONE', *, *, #4229, .T. ) ;
#5697 = CIRCLE ( 'NONE', #1241, 4.000000000000003553 ) ;
#5698 = EDGE_CURVE ( 'NONE', #9037, #8389, #9652, .T. ) ;
#5699 = CARTESIAN_POINT ( 'NONE',  ( 443.4999999999999432, 421.6000000000000227, 24.93922846596874976 ) ) ;
#5700 = CARTESIAN_POINT ( 'NONE',  ( 475.0732000679998919, 303.3501970910192540, 24.98630178701351312 ) ) ;
#5701 = CARTESIAN_POINT ( 'NONE',  ( 440.9999999999998863, 295.7432265323407705, 20.66958369962193842 ) ) ;
#5702 = ORIENTED_EDGE ( 'NONE', *, *, #6302, .F. ) ;
#5703 = DIRECTION ( 'NONE',  ( 1.000000000000000000, 0.000000000000000000, 0.000000000000000000 ) ) ;
#5704 = CYLINDRICAL_SURFACE ( 'NONE', #2890, 4.000000000000003553 ) ;
#5705 = AXIS2_PLACEMENT_3D ( 'NONE', #9658, #4146, #3360 ) ;
#5706 = EDGE_LOOP ( 'NONE', ( #800, #4061, #6993, #1829 ) ) ;
#5707 = CARTESIAN_POINT ( 'NONE',  ( 445.3999999999997499, 297.3163966108784280, 26.62830107977033123 ) ) ;
#5708 = DIRECTION ( 'NONE',  ( 1.000000000000000000, 0.000000000000000000, 0.000000000000000000 ) ) ;
#5709 = FACE_OUTER_BOUND ( 'NONE', #8306, .T. ) ;
#5710 = ORIENTED_EDGE ( 'NONE', *, *, #4296, .F. ) ;
#5711 = DIRECTION ( 'NONE',  ( 0.000000000000000000, 1.000000000000000000, 1.734723475976805517E-15 ) ) ;
#5712 = DIRECTION ( 'NONE',  ( 0.000000000000000000, 0.000000000000000000, 1.000000000000000000 ) ) ;
#5713 = CARTESIAN_POINT ( 'NONE',  ( 451.4999999999999432, 417.6000000000000227, 14.23922846596874514 ) ) ;
#5714 = CARTESIAN_POINT ( 'NONE',  ( 419.5146955890733693, 523.6046656971376478, 40.22090289236805916 ) ) ;
#5715 = ORIENTED_EDGE ( 'NONE', *, *, #10204, .T. ) ;
#5716 = CARTESIAN_POINT ( 'NONE',  ( 445.0705931315796988, 534.3878355970889515, -4.299370760113364831 ) ) ;
#5717 = CARTESIAN_POINT ( 'NONE',  ( 445.3999999999429633, 295.3551584174494451, -19.20246901367646331 ) ) ;
#5718 = DIRECTION ( 'NONE',  ( -0.000000000000000000, -1.000000000000000000, 1.374084517793742623E-16 ) ) ;
#5719 = ORIENTED_EDGE ( 'NONE', *, *, #2140, .T. ) ;
#5720 = CARTESIAN_POINT ( 'NONE',  ( 454.0730317999999102, 502.5337287883886574, 46.58485080497850106 ) ) ;
#5721 = CARTESIAN_POINT ( 'NONE',  ( 449.9436369291813094, 362.8018202345751320, -2.207724126089507966 ) ) ;
#5722 = CARTESIAN_POINT ( 'NONE',  ( 441.0000000000000568, 297.1230074142177955, -18.36411257539459640 ) ) ;
#5723 = ORIENTED_EDGE ( 'NONE', *, *, #4105, .F. ) ;
#5724 = CARTESIAN_POINT ( 'NONE',  ( 447.5000000000000000, 366.4938854097437115, 13.49089150335155729 ) ) ;
#5725 = VERTEX_POINT ( 'NONE', #9135 ) ;
#5726 = CARTESIAN_POINT ( 'NONE',  ( 447.5000000000000000, 276.9938854097435978, 0.1778581151391607218 ) ) ;
#5727 = DIRECTION ( 'NONE',  ( 1.000000000000000000, -0.000000000000000000, 0.000000000000000000 ) ) ;
#5728 = ORIENTED_EDGE ( 'NONE', *, *, #9054, .T. ) ;
#5729 = CARTESIAN_POINT ( 'NONE',  ( 447.5000000000000000, 359.9938854097437115, 25.30586396188315490 ) ) ;
#5730 = CIRCLE ( 'NONE', #934, 6.199999999999983302 ) ;
#5731 = EDGE_CURVE ( 'NONE', #8129, #6917, #4193, .T. ) ;
#5732 = FACE_BOUND ( 'NONE', #9324, .T. ) ;
#5733 = EDGE_LOOP ( 'NONE', ( #5305, #1974, #4991, #9443 ) ) ;
#5734 = EDGE_CURVE ( 'NONE', #3408, #8155, #6092, .T. ) ;
#5735 = CARTESIAN_POINT ( 'NONE',  ( 440.9999999999996589, 296.0070272667171025, 19.67443292192730908 ) ) ;
#5736 = EDGE_CURVE ( 'NONE', #30, #6104, #1344, .T. ) ;
#5737 = CARTESIAN_POINT ( 'NONE',  ( 442.5999999999999091, 294.0434491819578398, 21.92769856807288775 ) ) ;
#5738 = AXIS2_PLACEMENT_3D ( 'NONE', #7219, #9696, #7950 ) ;
#5739 = ORIENTED_EDGE ( 'NONE', *, *, #343, .F. ) ;
#5740 = CARTESIAN_POINT ( 'NONE',  ( 443.9980827901536031, 473.9013810853505788, -31.79715028878664995 ) ) ;
#5741 = VERTEX_POINT ( 'NONE', #2020 ) ;
#5742 = LINE ( 'NONE', #4957, #1254 ) ;
#5743 = CARTESIAN_POINT ( 'NONE',  ( 452.1347380906079252, 517.5146389336666743, 56.58485080497557362 ) ) ;
#5744 = ORIENTED_EDGE ( 'NONE', *, *, #1910, .F. ) ;
#5745 = CARTESIAN_POINT ( 'NONE',  ( 480.9999999999999432, 286.8333081229242225, -15.60649365081390094 ) ) ;
#5746 = EDGE_CURVE ( 'NONE', #4727, #4165, #2204, .T. ) ;
#5747 = FACE_OUTER_BOUND ( 'NONE', #3183, .T. ) ;
#5748 = ORIENTED_EDGE ( 'NONE', *, *, #229, .T. ) ;
#5749 = VECTOR ( 'NONE', #214, 1000.000000000000000 ) ;
#5750 = AXIS2_PLACEMENT_3D ( 'NONE', #3129, #6949, #10101 ) ;
#5751 = CARTESIAN_POINT ( 'NONE',  ( 451.3999999999999204, 289.4306263762188678, -18.01557796386290988 ) ) ;
#5752 = EDGE_CURVE ( 'NONE', #685, #9717, #505, .T. ) ;
#5753 = DIRECTION ( 'NONE',  ( 0.000000000000000000, 0.000000000000000000, 1.000000000000000000 ) ) ;
#5754 = CARTESIAN_POINT ( 'NONE',  ( 447.5000000000000000, 366.4938854097437115, 17.49089150335156262 ) ) ;
#5755 = ORIENTED_EDGE ( 'NONE', *, *, #9952, .F. ) ;
#5756 = FACE_OUTER_BOUND ( 'NONE', #8848, .T. ) ;
#5757 = DIRECTION ( 'NONE',  ( -0.7071067811865473507, -7.009341333409706683E-16, 0.7071067811865477948 ) ) ;
#5758 = EDGE_LOOP ( 'NONE', ( #807, #2293, #9428, #4290 ) ) ;
#5759 = DIRECTION ( 'NONE',  ( -0.7071067811865474617, -0.7071067811865474617, -0.000000000000000000 ) ) ;
#5760 = CARTESIAN_POINT ( 'NONE',  ( 441.0753526273583134, 421.2082562311514948, -5.717289619114410471 ) ) ;
#5761 = DIRECTION ( 'NONE',  ( 1.000000000000000000, 0.000000000000000000, 0.000000000000000000 ) ) ;
#5762 = ORIENTED_EDGE ( 'NONE', *, *, #3495, .F. ) ;
#5763 = VECTOR ( 'NONE', #879, 1000.000000000000000 ) ;
#5764 = CARTESIAN_POINT ( 'NONE',  ( 443.5000000000000000, 366.4938854097437115, -10.90910849664849813 ) ) ;
#5765 = DIRECTION ( 'NONE',  ( 0.000000000000000000, 0.000000000000000000, -1.000000000000000000 ) ) ;
#5766 = DIRECTION ( 'NONE',  ( 0.000000000000000000, 0.000000000000000000, -1.000000000000000000 ) ) ;
#5767 = CARTESIAN_POINT ( 'NONE',  ( 404.8962970026126413, 294.7311491866767597, 14.02124909088984417 ) ) ;
#5768 = ORIENTED_EDGE ( 'NONE', *, *, #2645, .F. ) ;
#5769 = DIRECTION ( 'NONE',  ( 0.000000000000000000, 1.000000000000000000, 0.000000000000000000 ) ) ;
#5770 = CARTESIAN_POINT ( 'NONE',  ( 451.4000000000000341, 289.4817310688992507, -21.77859463399103035 ) ) ;
#5771 = DIRECTION ( 'NONE',  ( 0.000000000000000000, 1.000000000000000000, 0.000000000000000000 ) ) ;
#5772 = ORIENTED_EDGE ( 'NONE', *, *, #4368, .F. ) ;
#5773 = CIRCLE ( 'NONE', #5107, 4.825000000000000178 ) ;
#5774 = CARTESIAN_POINT ( 'NONE',  ( 440.0000000000000568, 539.7527262762534974, -1.663311569759757802 ) ) ;
#5775 = DIRECTION ( 'NONE',  ( -0.000000000000000000, -1.000000000000000000, -0.000000000000000000 ) ) ;
#5776 = CARTESIAN_POINT ( 'NONE',  ( 441.0000000000001705, 297.6105540343394296, -16.93880789949375298 ) ) ;
#5777 = CARTESIAN_POINT ( 'NONE',  ( 440.0000000000000568, 543.5350846330010199, 5.557570067396095048 ) ) ;
#5778 = ORIENTED_EDGE ( 'NONE', *, *, #1944, .F. ) ;
#5779 = CYLINDRICAL_SURFACE ( 'NONE', #1707, 6.350000000000000533 ) ;
#5780 = DIRECTION ( 'NONE',  ( 0.000000000000000000, 1.387778780781445922E-16, 1.000000000000000000 ) ) ;
#5781 = CARTESIAN_POINT ( 'NONE',  ( 475.4999999999999432, 285.7438236647383292, 14.59122402630372939 ) ) ;
#5782 = CIRCLE ( 'NONE', #7254, 3.999999999999823252 ) ;
#5783 = FACE_BOUND ( 'NONE', #4460, .T. ) ;
#5784 = VERTEX_POINT ( 'NONE', #2841 ) ;
#5785 = CARTESIAN_POINT ( 'NONE',  ( 442.6000000000000227, 295.9442402853893554, 26.00195427620034394 ) ) ;
#5786 = DIRECTION ( 'NONE',  ( 0.000000000000000000, 0.000000000000000000, -1.000000000000000000 ) ) ;
#5787 = ORIENTED_EDGE ( 'NONE', *, *, #4116, .F. ) ;
#5788 = CARTESIAN_POINT ( 'NONE',  ( 429.6526740142684275, 554.7104643982598873, 9.929720804978485305 ) ) ;
#5789 = ORIENTED_EDGE ( 'NONE', *, *, #2707, .F. ) ;
#5790 = CARTESIAN_POINT ( 'NONE',  ( 424.4839459534751995, 524.2568232595607469, 45.84672007549494310 ) ) ;
#5791 = CARTESIAN_POINT ( 'NONE',  ( 420.2890638105490098, 522.2914407452894920, 55.72793991523799662 ) ) ;
#5792 = ORIENTED_EDGE ( 'NONE', *, *, #3722, .F. ) ;
#5793 = ADVANCED_FACE ( 'NONE', ( #3516 ), #5164, .F. ) ;
#5794 = CARTESIAN_POINT ( 'NONE',  ( 445.3999999999999204, 298.9431832186263023, -24.94639959920905525 ) ) ;
#5795 = B_SPLINE_CURVE_WITH_KNOTS ( 'NONE', 3,
 ( #6963, #2271, #3048, #6051, #3730, #10115, #6871, #5413, #4408, #6005, #2170, #5319, #8475, #7549, #462, #4555 ),
 .UNSPECIFIED., .F., .F.,
 ( 4, 2, 2, 2, 2, 2, 2, 4 ),
 ( -1.549193341868409320E-05, 0.002840500026508391979, 0.004268496006471991441, 0.005696491986435590904, 0.007124487966399188632, 0.007838485956380987496, 0.008552483946362786360, 0.01140847590629024549 ),
 .UNSPECIFIED. ) ;
#5796 = ADVANCED_FACE ( 'NONE', ( #1246 ), #7645, .F. ) ;
#5797 = AXIS2_PLACEMENT_3D ( 'NONE', #7891, #3867, #6236 ) ;
#5798 = DIRECTION ( 'NONE',  ( 1.000000000000000000, -2.996186134945139640E-16, -0.000000000000000000 ) ) ;
#5799 = ORIENTED_EDGE ( 'NONE', *, *, #607, .T. ) ;
#5800 =( BOUNDED_CURVE ( )  B_SPLINE_CURVE ( 3, ( #2765, #3441, #5088, #1057 ),
 .UNSPECIFIED., .F., .T. ) 
 B_SPLINE_CURVE_WITH_KNOTS ( ( 4, 4 ),
 ( 3.141592653589792228, 4.712388980384687009 ),
 .UNSPECIFIED. ) 
 CURVE ( )  GEOMETRIC_REPRESENTATION_ITEM ( )  RATIONAL_B_SPLINE_CURVE ( ( 1.000000000000000000, 0.8047378541243654926, 0.8047378541243654926, 1.000000000000000000 ) ) 
 REPRESENTATION_ITEM ( '' )  );
#5801 = ORIENTED_EDGE ( 'NONE', *, *, #10084, .F. ) ;
#5802 = CC_DESIGN_PERSON_AND_ORGANIZATION_ASSIGNMENT ( #5420, #5278, ( #9260 ) ) ;
#5803 = CARTESIAN_POINT ( 'NONE',  ( 474.0333209967907351, 484.1912265117933316, 46.58485080497850106 ) ) ;
#5804 = CARTESIAN_POINT ( 'NONE',  ( 443.9999999999999432, 465.3500000000000227, 38.58485080497850106 ) ) ;
#5805 = VECTOR ( 'NONE', #3640, 1000.000000000000000 ) ;
#5806 = DIRECTION ( 'NONE',  ( 1.000000000000000000, 0.000000000000000000, 0.000000000000000000 ) ) ;
#5807 = AXIS2_PLACEMENT_3D ( 'NONE', #3214, #6266, #8686 ) ;
#5808 = ADVANCED_FACE ( 'NONE', ( #3672 ), #3572, .F. ) ;
#5809 = DIRECTION ( 'NONE',  ( 1.000000000000000000, 0.000000000000000000, 0.000000000000000000 ) ) ;
#5810 = PLANE ( 'NONE',  #7676 ) ;
#5811 = VERTEX_POINT ( 'NONE', #1143 ) ;
#5812 = CARTESIAN_POINT ( 'NONE',  ( 445.3999999999962824, 297.1291296795977246, 26.57874392948106035 ) ) ;
#5813 = FACE_OUTER_BOUND ( 'NONE', #2798, .T. ) ;
#5814 = CARTESIAN_POINT ( 'NONE',  ( 452.8607769611309095, 520.8631485070452527, 46.58485080497850106 ) ) ;
#5815 = ORIENTED_EDGE ( 'NONE', *, *, #2140, .F. ) ;
#5816 = EDGE_CURVE ( 'NONE', #7508, #9276, #2894, .T. ) ;
#5817 = PLANE ( 'NONE',  #828 ) ;
#5818 = AXIS2_PLACEMENT_3D ( 'NONE', #777, #10085, #8690 ) ;
#5819 = DIRECTION ( 'NONE',  ( 1.000000000000000000, 0.000000000000000000, 0.000000000000000000 ) ) ;
#5820 = CYLINDRICAL_SURFACE ( 'NONE', #564, 6.500000000000061284 ) ;
#5821 = DIRECTION ( 'NONE',  ( 1.000000000000000000, 0.000000000000000000, 0.000000000000000000 ) ) ;
#5822 = CARTESIAN_POINT ( 'NONE',  ( 441.1601733462833863, 421.7933800443098562, 14.29659339649450622 ) ) ;
#5823 = CARTESIAN_POINT ( 'NONE',  ( 451.3999999999999204, 292.2709096761371370, -11.11871346937401661 ) ) ;
#5824 = AXIS2_PLACEMENT_3D ( 'NONE', #1307, #1261, #9932 ) ;
#5825 = DIRECTION ( 'NONE',  ( 0.000000000000000000, -1.000000000000000000, 1.374084517793742623E-16 ) ) ;
#5826 = ORIENTED_EDGE ( 'NONE', *, *, #1249, .T. ) ;
#5827 = DIRECTION ( 'NONE',  ( 0.000000000000000000, 0.000000000000000000, 1.000000000000000000 ) ) ;
#5828 = EDGE_CURVE ( 'NONE', #8053, #10157, #6046, .T. ) ;
#5829 = CARTESIAN_POINT ( 'NONE',  ( 449.7274776470405300, 362.9001097235500310, -2.490814613596406435 ) ) ;
#5830 = DIRECTION ( 'NONE',  ( -1.000000000000000000, -0.000000000000000000, -0.000000000000000000 ) ) ;
#5831 = CIRCLE ( 'NONE', #8304, 4.000000000000003553 ) ;
#5832 = CARTESIAN_POINT ( 'NONE',  ( 447.4999999999999432, 417.6000000000000227, 24.93922846596874976 ) ) ;
#5833 = ORIENTED_EDGE ( 'NONE', *, *, #1816, .T. ) ;
#5834 = CARTESIAN_POINT ( 'NONE',  ( 451.3999999999999204, 290.8631688943203812, 13.20559182332534398 ) ) ;
#5835 = CARTESIAN_POINT ( 'NONE',  ( 441.1743353738212363, 421.3727707262364675, -5.055177934746331481 ) ) ;
#5836 = FACE_OUTER_BOUND ( 'NONE', #5409, .T. ) ;
#5837 = DIRECTION ( 'NONE',  ( 1.000000000000000000, 0.000000000000000000, 0.000000000000000000 ) ) ;
#5838 = EDGE_LOOP ( 'NONE', ( #8121, #10225, #7675, #5235 ) ) ;
#5839 = ADVANCED_FACE ( 'NONE', ( #5902, #9918 ), #2119, .F. ) ;
#5840 = CIRCLE ( 'NONE', #7810, 3.500000000000003109 ) ;
#5841 = CARTESIAN_POINT ( 'NONE',  ( 442.6000000000000796, 295.7519970315253772, 25.85452563140631099 ) ) ;
#5842 = CARTESIAN_POINT ( 'NONE',  ( 441.5000000000001137, 368.9938854097437115, -0.2091084966484926810 ) ) ;
#5843 = ORIENTED_EDGE ( 'NONE', *, *, #5237, .F. ) ;
#5844 = CARTESIAN_POINT ( 'NONE',  ( 449.4999999999999432, 436.1000000000004775, -34.91514919502161263 ) ) ;
#5845 = VERTEX_POINT ( 'NONE', #6764 ) ;
#5846 = CYLINDRICAL_SURFACE ( 'NONE', #412, 4.000000000000000000 ) ;
#5847 = CARTESIAN_POINT ( 'NONE',  ( 439.4875698109761970, 522.5903677726553269, 55.54419004309414021 ) ) ;
#5848 = ORIENTED_EDGE ( 'NONE', *, *, #9773, .F. ) ;
#5849 = VECTOR ( 'NONE', #2274, 1000.000000000000000 ) ;
#5850 = CARTESIAN_POINT ( 'NONE',  ( 336.0902124738105385, 369.1256198646574376, -31.03970912831439932 ) ) ;
#5851 = CIRCLE ( 'NONE', #8319, 6.500000000000061284 ) ;
#5852 = FACE_OUTER_BOUND ( 'NONE', #984, .T. ) ;
#5853 = ORIENTED_EDGE ( 'NONE', *, *, #187, .F. ) ;
#5854 = CARTESIAN_POINT ( 'NONE',  ( 441.0000000000000000, 328.2206644405273437, -7.956332081159240843 ) ) ;
#5855 = EDGE_LOOP ( 'NONE', ( #7559, #8826, #5778, #554, #3778, #5173, #2741, #3345, #5744 ) ) ;
#5856 = VECTOR ( 'NONE', #4695, 1000.000000000000114 ) ;
#5857 = CARTESIAN_POINT ( 'NONE',  ( 480.9999999999999432, 351.9938854097436547, -19.94615330014154253 ) ) ;
#5858 = EDGE_CURVE ( 'NONE', #153, #9883, #9619, .T. ) ;
#5859 = CARTESIAN_POINT ( 'NONE',  ( 447.5000000000000000, 366.4938854097437115, -10.90910849664849813 ) ) ;
#5860 = EDGE_CURVE ( 'NONE', #6835, #9868, #6001, .T. ) ;
#5861 = APPROVAL_STATUS ( 'not_yet_approved' ) ;
#5862 = FACE_OUTER_BOUND ( 'NONE', #6537, .T. ) ;
#5863 = CARTESIAN_POINT ( 'NONE',  ( 416.5408202721797579, 523.0003509282277037, 54.12170272451000130 ) ) ;
#5864 = ORIENTED_EDGE ( 'NONE', *, *, #4484, .T. ) ;
#5865 = CARTESIAN_POINT ( 'NONE',  ( 451.3999999999927581, 297.2798698750891617, 26.61940764619887290 ) ) ;
#5866 = AXIS2_PLACEMENT_3D ( 'NONE', #6225, #7834, #2295 ) ;
#5867 =( BOUNDED_CURVE ( )  B_SPLINE_CURVE ( 3, ( #3523, #409, #8128, #3422 ),
 .UNSPECIFIED., .F., .T. ) 
 B_SPLINE_CURVE_WITH_KNOTS ( ( 4, 4 ),
 ( 3.141592653589793116, 4.396906998305553316 ),
 .UNSPECIFIED. ) 
 CURVE ( )  GEOMETRIC_REPRESENTATION_ITEM ( )  RATIONAL_B_SPLINE_CURVE ( ( 1.000000000000000000, 0.8729370360714693300, 0.8729370360714693300, 1.000000000000000000 ) ) 
 REPRESENTATION_ITEM ( '' )  );
#5868 = CARTESIAN_POINT ( 'NONE',  ( 445.3999999999999204, 297.0952331286823664, -14.68605186448338351 ) ) ;
#5869 = FACE_OUTER_BOUND ( 'NONE', #2519, .T. ) ;
#5870 = ORIENTED_EDGE ( 'NONE', *, *, #2261, .T. ) ;
#5871 = ADVANCED_FACE ( 'NONE', ( #2792 ), #5951, .F. ) ;
#5872 = ADVANCED_FACE ( 'NONE', ( #8565 ), #2359, .F. ) ;
#5873 = CYLINDRICAL_SURFACE ( 'NONE', #5135, 4.000000000000000000 ) ;
#5874 = VECTOR ( 'NONE', #6269, 1000.000000000000000 ) ;
#5875 = EDGE_CURVE ( 'NONE', #139, #6086, #5668, .T. ) ;
#5876 = LINE ( 'NONE', #113, #5513 ) ;
#5877 = DIRECTION ( 'NONE',  ( -1.000000000000000000, 0.000000000000000000, 0.000000000000000000 ) ) ;
#5878 = CARTESIAN_POINT ( 'NONE',  ( 455.0578970022730800, 517.0576249654603771, 56.36043902279492102 ) ) ;
#5879 = CARTESIAN_POINT ( 'NONE',  ( 445.4000000001440753, 296.7292075035152834, -15.18105004299854954 ) ) ;
#5880 = AXIS2_PLACEMENT_3D ( 'NONE', #6929, #2960, #7077 ) ;
#5881 = EDGE_CURVE ( 'NONE', #7906, #8477, #5508, .T. ) ;
#5882 = CARTESIAN_POINT ( 'NONE',  ( 440.9999999999999432, 346.4394627972502008, 12.17533480644866906 ) ) ;
#5883 = ORIENTED_EDGE ( 'NONE', *, *, #1249, .F. ) ;
#5884 = FACE_OUTER_BOUND ( 'NONE', #137, .T. ) ;
#5885 = CARTESIAN_POINT ( 'NONE',  ( 447.5431321407340874, 365.8300447180129140, -5.898431633065688295 ) ) ;
#5886 = CARTESIAN_POINT ( 'NONE',  ( 440.9999999999999432, 297.4616680298474307, -17.28426547338402131 ) ) ;
#5887 = EDGE_CURVE ( 'NONE', #5487, #1337, #4522, .T. ) ;
#5888 = CARTESIAN_POINT ( 'NONE',  ( 444.0000000000522391, 544.1690388217531336, -2.105703638122322197 ) ) ;
#5889 = ORIENTED_EDGE ( 'NONE', *, *, #3492, .F. ) ;
#5890 = CARTESIAN_POINT ( 'NONE',  ( 451.3999999999997499, 288.7795279858100912, 17.29611166413488732 ) ) ;
#5891 = DIRECTION ( 'NONE',  ( 0.000000000000000000, 0.000000000000000000, -1.000000000000000000 ) ) ;
#5892 = CARTESIAN_POINT ( 'NONE',  ( 414.9227883515069379, 528.1047243183220417, -24.21387294936806711 ) ) ;
#5893 = EDGE_CURVE ( 'NONE', #1788, #9294, #2217, .T. ) ;
#5894 = FACE_OUTER_BOUND ( 'NONE', #1595, .T. ) ;
#5895 = ORIENTED_EDGE ( 'NONE', *, *, #1581, .T. ) ;
#5896 = CARTESIAN_POINT ( 'NONE',  ( 442.5999999999998522, 295.4023344431922169, 25.53549305175110717 ) ) ;
#5897 = CARTESIAN_POINT ( 'NONE',  ( 448.0623479302865917, 364.4288044015244168, 11.43054953146627462 ) ) ;
#5898 = AXIS2_PLACEMENT_3D ( 'NONE', #4689, #7851, #77 ) ;
#5899 = ORIENTED_EDGE ( 'NONE', *, *, #1494, .T. ) ;
#5900 = DIRECTION ( 'NONE',  ( 0.000000000000000000, 0.7713003027338305451, -0.6364713999880133866 ) ) ;
#5901 = EDGE_LOOP ( 'NONE', ( #8483, #125, #1711, #5297 ) ) ;
#5902 = FACE_OUTER_BOUND ( 'NONE', #6447, .T. ) ;
#5903 = AXIS2_PLACEMENT_3D ( 'NONE', #4026, #7166, #5514 ) ;
#5904 = LINE ( 'NONE', #7546, #6071 ) ;
#5905 = ORIENTED_EDGE ( 'NONE', *, *, #296, .T. ) ;
#5906 = DIRECTION ( 'NONE',  ( 0.000000000000000000, 0.000000000000000000, -1.000000000000000000 ) ) ;
#5907 = LINE ( 'NONE', #3368, #1053 ) ;
#5908 = EDGE_LOOP ( 'NONE', ( #4814, #647, #2107, #8010, #6721 ) ) ;
#5909 = LINE ( 'NONE', #9875, #8906 ) ;
#5910 = ORIENTED_EDGE ( 'NONE', *, *, #28, .T. ) ;
#5911 = CARTESIAN_POINT ( 'NONE',  ( 446.6432260299613404, 429.6000000000001364, -0.01560000558039667876 ) ) ;
#5912 = CARTESIAN_POINT ( 'NONE',  ( 447.4999999999999432, 417.6000000000000227, -9.460771534031239938 ) ) ;
#5913 = CARTESIAN_POINT ( 'NONE',  ( 441.0000000000000000, 255.9938854097436547, 56.58485080497850817 ) ) ;
#5914 = DIRECTION ( 'NONE',  ( -1.000000000000000000, 0.000000000000000000, 0.000000000000000000 ) ) ;
#5915 = ORIENTED_EDGE ( 'NONE', *, *, #9200, .F. ) ;
#5916 = AXIS2_PLACEMENT_3D ( 'NONE', #806, #5411, #3970 ) ;
#5917 = CARTESIAN_POINT ( 'NONE',  ( 422.8526740142684730, 549.9467326358872015, 19.77133620409006554 ) ) ;
#5918 = CARTESIAN_POINT ( 'NONE',  ( 441.1675214306504813, 421.7852951886933397, -2.875547150787678419 ) ) ;
#5919 = ORIENTED_EDGE ( 'NONE', *, *, #7381, .F. ) ;
#5920 = DIRECTION ( 'NONE',  ( 1.000000000000000000, 2.478716320810481262E-16, 0.000000000000000000 ) ) ;
#5921 = VECTOR ( 'NONE', #3244, 1000.000000000000000 ) ;
#5922 = CARTESIAN_POINT ( 'NONE',  ( 444.4997787652393413, 528.0606234331033875, -24.22826671471803195 ) ) ;
#5923 = CARTESIAN_POINT ( 'NONE',  ( 440.9999999999999432, 457.8500000000000796, 8.317661049476544832 ) ) ;
#5924 = ADVANCED_FACE ( 'NONE', ( #3188 ), #9429, .T. ) ;
#5925 = CARTESIAN_POINT ( 'NONE',  ( 455.2349239299032888, 516.7506431695509264, 56.55157864940876777 ) ) ;
#5926 = EDGE_CURVE ( 'NONE', #4888, #9709, #6325, .T. ) ;
#5927 = CARTESIAN_POINT ( 'NONE',  ( 451.4000000000000341, 296.0300235377479225, -16.55136746288648553 ) ) ;
#5928 = EDGE_CURVE ( 'NONE', #1337, #5725, #2705, .T. ) ;
#5929 = CARTESIAN_POINT ( 'NONE',  ( 480.7904984002611855, 462.8566205058574496, 43.26512919537812252 ) ) ;
#5930 = CIRCLE ( 'NONE', #2628, 4.000000000000007105 ) ;
#5931 = VERTEX_POINT ( 'NONE', #4550 ) ;
#5932 = CARTESIAN_POINT ( 'NONE',  ( 440.9999999999999432, 298.6295566919700946, -23.18747924257829496 ) ) ;
#5933 = CARTESIAN_POINT ( 'NONE',  ( 441.0000000000000000, 297.6953627209855426, 25.07381837242081346 ) ) ;
#5934 = LINE ( 'NONE', #9798, #1226 ) ;
#5935 = ADVANCED_FACE ( 'NONE', ( #805 ), #7895, .F. ) ;
#5936 = EDGE_CURVE ( 'NONE', #3680, #7046, #5485, .T. ) ;
#5937 = DIRECTION ( 'NONE',  ( -1.000000000000000000, -0.000000000000000000, 0.000000000000000000 ) ) ;
#5938 = ORIENTED_EDGE ( 'NONE', *, *, #8539, .F. ) ;
#5939 = CARTESIAN_POINT ( 'NONE',  ( 451.3999999997985810, 294.2091602853641348, 20.08832681859866653 ) ) ;
#5940 = LINE ( 'NONE', #8263, #1132 ) ;
#5941 = CARTESIAN_POINT ( 'NONE',  ( 413.9999999999999432, 276.9938854097435978, 0.1778581151391607218 ) ) ;
#5942 = CARTESIAN_POINT ( 'NONE',  ( 429.6589442147204636, 533.1226511872208675, -22.57610850233131572 ) ) ;
#5943 = ORIENTED_EDGE ( 'NONE', *, *, #4368, .T. ) ;
#5944 = EDGE_CURVE ( 'NONE', #4888, #10028, #4829, .T. ) ;
#5945 = AXIS2_PLACEMENT_3D ( 'NONE', #6649, #9581, #3395 ) ;
#5946 = CARTESIAN_POINT ( 'NONE',  ( 440.9999999999999432, 296.2496866996417566, 19.05852305657823464 ) ) ;
#5947 = CYLINDRICAL_SURFACE ( 'NONE', #3707, 1.650000000000040323 ) ;
#5948 = VERTEX_POINT ( 'NONE', #7011 ) ;
#5949 = CARTESIAN_POINT ( 'NONE',  ( 443.5000000000000000, 355.9938854097437115, -19.94615330014154253 ) ) ;
#5950 = EDGE_LOOP ( 'NONE', ( #7611, #748, #1475, #4648 ) ) ;
#5951 = CYLINDRICAL_SURFACE ( 'NONE', #6662, 1.649999999999984812 ) ;
#5952 = AXIS2_PLACEMENT_3D ( 'NONE', #7198, #6722, #109 ) ;
#5953 = CARTESIAN_POINT ( 'NONE',  ( 454.0730317999999102, 504.1837287883886916, 56.58485080497849395 ) ) ;
#5954 = ORIENTED_EDGE ( 'NONE', *, *, #2973, .T. ) ;
#5955 = DIRECTION ( 'NONE',  ( 0.000000000000000000, 0.000000000000000000, 1.000000000000000000 ) ) ;
#5956 = CARTESIAN_POINT ( 'NONE',  ( 461.9999999999998863, 433.1000000000000227, 43.08485080497851527 ) ) ;
#5957 = EDGE_LOOP ( 'NONE', ( #4025, #450, #8367, #6274 ) ) ;
#5958 = DIRECTION ( 'NONE',  ( -1.965662807769971800E-30, 7.930164461608288050E-15, 1.000000000000000000 ) ) ;
#5959 = ORIENTED_EDGE ( 'NONE', *, *, #4116, .T. ) ;
#5960 = CARTESIAN_POINT ( 'NONE',  ( 448.0637398590629346, 429.6000000000000227, -2.199040124179072464 ) ) ;
#5961 = FACE_OUTER_BOUND ( 'NONE', #6861, .T. ) ;
#5962 = EDGE_CURVE ( 'NONE', #8316, #5811, #6911, .T. ) ;
#5963 =( NAMED_UNIT ( * ) PLANE_ANGLE_UNIT ( ) SI_UNIT ( $, .RADIAN. ) );
#5964 = DIRECTION ( 'NONE',  ( 1.000000000000000000, 2.478716320810480276E-16, 0.000000000000000000 ) ) ;
#5965 = CARTESIAN_POINT ( 'NONE',  ( 480.9999999999999432, 297.8844405247982081, 16.48229637546774029 ) ) ;
#5966 = ORIENTED_EDGE ( 'NONE', *, *, #108, .F. ) ;
#5967 = ORIENTED_EDGE ( 'NONE', *, *, #166, .T. ) ;
#5968 = CARTESIAN_POINT ( 'NONE',  ( 481.0009999999999195, 9.179930163281405801E-15, -9.260771534031661645 ) ) ;
#5969 = ORIENTED_EDGE ( 'NONE', *, *, #8582, .F. ) ;
#5970 = AXIS2_PLACEMENT_3D ( 'NONE', #2041, #5136, #374 ) ;
#5971 = DIRECTION ( 'NONE',  ( 1.000000000000000000, 0.000000000000000000, -0.000000000000000000 ) ) ;
#5972 = DIRECTION ( 'NONE',  ( 1.000000000000000000, 0.000000000000000000, 0.000000000000000000 ) ) ;
#5973 = DIRECTION ( 'NONE',  ( 1.000000000000000000, 2.478716320810480276E-16, 0.000000000000000000 ) ) ;
#5974 = CARTESIAN_POINT ( 'NONE',  ( 456.0231999999999175, 315.9236046231678756, 27.99230748959118031 ) ) ;
#5975 = CARTESIAN_POINT ( 'NONE',  ( 451.3999999999999204, 293.5892909795214791, -28.97223287414845316 ) ) ;
#5976 = CARTESIAN_POINT ( 'NONE',  ( 413.9999999999998863, 549.4595500533112045, 6.622788104691470501 ) ) ;
#5977 = ORIENTED_EDGE ( 'NONE', *, *, #2313, .T. ) ;
#5978 = AXIS2_PLACEMENT_3D ( 'NONE', #2042, #6839, #7618 ) ;
#5979 = CARTESIAN_POINT ( 'NONE',  ( 441.0000000000000568, 296.9893675188964153, -20.51825178670625505 ) ) ;
#5980 = EDGE_CURVE ( 'NONE', #8682, #168, #3919, .T. ) ;
#5981 = CARTESIAN_POINT ( 'NONE',  ( 441.0000000000002274, 295.6546383861224285, 22.17582921452429190 ) ) ;
#5982 = PLANE ( 'NONE',  #3547 ) ;
#5983 = ADVANCED_FACE ( 'NONE', ( #10208 ), #10111, .F. ) ;
#5984 = CARTESIAN_POINT ( 'NONE',  ( 443.9999999998953513, 543.1260719915815116, -3.814282441628134457 ) ) ;
#5985 = APPROVAL_PERSON_ORGANIZATION ( #6776, #293, #4315 ) ;
#5986 = VERTEX_POINT ( 'NONE', #5365 ) ;
#5987 = CYLINDRICAL_SURFACE ( 'NONE', #2867, 4.000000000000010658 ) ;
#5988 = CIRCLE ( 'NONE', #6312, 4.000000000000003553 ) ;
#5989 = DIRECTION ( 'NONE',  ( 0.000000000000000000, 0.000000000000000000, -1.000000000000000000 ) ) ;
#5990 = LINE ( 'NONE', #9175, #9341 ) ;
#5991 = CARTESIAN_POINT ( 'NONE',  ( 426.4046598395140677, 537.3534540905435506, -19.68568845222184649 ) ) ;
#5992 = ORIENTED_EDGE ( 'NONE', *, *, #2418, .T. ) ;
#5993 = EDGE_CURVE ( 'NONE', #7278, #981, #4365, .T. ) ;
#5994 = CARTESIAN_POINT ( 'NONE',  ( 442.5999999999998522, 294.6535228081365858, 18.72481980281251523 ) ) ;
#5995 = AXIS2_PLACEMENT_3D ( 'NONE', #4185, #6342, #908 ) ;
#5996 = EDGE_CURVE ( 'NONE', #7199, #6263, #9230, .T. ) ;
#5997 = DIRECTION ( 'NONE',  ( 0.000000000000000000, 0.000000000000000000, 1.000000000000000000 ) ) ;
#5998 = ORIENTED_EDGE ( 'NONE', *, *, #7667, .F. ) ;
#5999 = DIRECTION ( 'NONE',  ( 0.000000000000000000, -2.365499919840624750E-15, -1.000000000000000000 ) ) ;
#6000 = ORIENTED_EDGE ( 'NONE', *, *, #304, .T. ) ;
#6001 = LINE ( 'NONE', #7488, #209 ) ;
#6002 = CARTESIAN_POINT ( 'NONE',  ( 455.7181185813668094, 516.7707335054382156, 56.38578784289953205 ) ) ;
#6003 = EDGE_LOOP ( 'NONE', ( #4196, #3332, #9219, #5407 ) ) ;
#6004 = LINE ( 'NONE', #9140, #273 ) ;
#6005 = CARTESIAN_POINT ( 'NONE',  ( 450.4019399142482598, 293.6660312098745180, -24.03033345060677561 ) ) ;
#6006 = AXIS2_PLACEMENT_3D ( 'NONE', #4503, #5217, #1919 ) ;
#6007 = ORIENTED_EDGE ( 'NONE', *, *, #6189, .F. ) ;
#6008 = DIRECTION ( 'NONE',  ( 2.601736677730715002E-31, -1.049630672089176363E-15, 1.000000000000000000 ) ) ;
#6009 = VERTEX_POINT ( 'NONE', #751 ) ;
#6010 = CARTESIAN_POINT ( 'NONE',  ( 449.3451501957255232, 429.6000000000000796, -5.288360935423614073 ) ) ;
#6011 = CARTESIAN_POINT ( 'NONE',  ( 445.3862304925332865, 533.8094427541908544, -20.01727375292828981 ) ) ;
#6012 = CARTESIAN_POINT ( 'NONE',  ( 441.3535533905932198, 421.5999999999999659, -2.760771534031256191 ) ) ;
#6013 = LINE ( 'NONE', #3533, #4809 ) ;
#6014 = DIRECTION ( 'NONE',  ( 0.000000000000000000, 0.000000000000000000, -1.000000000000000000 ) ) ;
#6015 = EDGE_CURVE ( 'NONE', #5811, #2358, #3141, .T. ) ;
#6016 = FACE_OUTER_BOUND ( 'NONE', #7411, .T. ) ;
#6017 = ORIENTED_EDGE ( 'NONE', *, *, #6265, .F. ) ;
#6018 = EDGE_LOOP ( 'NONE', ( #2517, #6222, #8242, #7094 ) ) ;
#6019 = DIRECTION ( 'NONE',  ( -0.7071067811866653674, 0.7071067811864297781, 0.000000000000000000 ) ) ;
#6020 = ORIENTED_EDGE ( 'NONE', *, *, #4421, .F. ) ;
#6021 = AXIS2_PLACEMENT_3D ( 'NONE', #4966, #7973, #8189 ) ;
#6022 = ADVANCED_FACE ( 'NONE', ( #5564 ), #7218, .F. ) ;
#6023 = CIRCLE ( 'NONE', #4039, 4.000000000000007105 ) ;
#6024 = PLANE ( 'NONE',  #8108 ) ;
#6025 = CARTESIAN_POINT ( 'NONE',  ( 336.0902124738105385, 350.6256198646573239, -27.82827543812757654 ) ) ;
#6026 = LINE ( 'NONE', #3599, #8004 ) ;
#6027 = AXIS2_PLACEMENT_3D ( 'NONE', #7306, #6643, #4874 ) ;
#6028 = CARTESIAN_POINT ( 'NONE',  ( 451.4000000000214072, 298.4957354090813055, -24.84342770255560851 ) ) ;
#6029 = CARTESIAN_POINT ( 'NONE',  ( 414.0000000000000000, 547.7209953954493358, 1.091508188148044400 ) ) ;
#6030 = ORIENTED_EDGE ( 'NONE', *, *, #6112, .T. ) ;
#6031 = VECTOR ( 'NONE', #6880, 1000.000000000000227 ) ;
#6032 = CARTESIAN_POINT ( 'NONE',  ( 441.0000000000006821, 298.1093394204436322, -22.85591345438884048 ) ) ;
#6033 = CARTESIAN_POINT ( 'NONE',  ( 441.0000000000000568, 296.8785042889301735, 24.70262683200793319 ) ) ;
#6034 = DIRECTION ( 'NONE',  ( 0.000000000000000000, 0.000000000000000000, -1.000000000000000000 ) ) ;
#6035 = CARTESIAN_POINT ( 'NONE',  ( 444.0000000000000000, 547.7713701496775229, 5.670438928706981407 ) ) ;
#6036 = ORIENTED_EDGE ( 'NONE', *, *, #7515, .F. ) ;
#6037 = CARTESIAN_POINT ( 'NONE',  ( 449.5000000000000568, 453.0999999999999659, 30.00000000000000000 ) ) ;
#6038 = DIRECTION ( 'NONE',  ( -0.7071067811865473507, -7.009341333409706683E-16, -0.7071067811865477948 ) ) ;
#6039 = CARTESIAN_POINT ( 'NONE',  ( 441.7131215473698944, 529.6165633064324538, -23.72043488040820947 ) ) ;
#6040 = ORIENTED_EDGE ( 'NONE', *, *, #1964, .T. ) ;
#6041 = CARTESIAN_POINT ( 'NONE',  ( 442.5999999999999659, 294.1154758410658019, 20.72700179394934850 ) ) ;
#6042 = DIRECTION ( 'NONE',  ( 0.000000000000000000, 0.000000000000000000, -1.000000000000000000 ) ) ;
#6043 = ORIENTED_EDGE ( 'NONE', *, *, #3658, .F. ) ;
#6044 = LINE ( 'NONE', #9133, #3006 ) ;
#6045 = ORIENTED_EDGE ( 'NONE', *, *, #10089, .F. ) ;
#6046 = LINE ( 'NONE', #9184, #8152 ) ;
#6047 = EDGE_CURVE ( 'NONE', #641, #1224, #6490, .T. ) ;
#6048 = LINE ( 'NONE', #1194, #9689 ) ;
#6049 = ORIENTED_EDGE ( 'NONE', *, *, #2649, .F. ) ;
#6050 = FACE_OUTER_BOUND ( 'NONE', #1979, .T. ) ;
#6051 = CARTESIAN_POINT ( 'NONE',  ( 447.9331217515333492, 296.8073587404300042, -24.57563967025744134 ) ) ;
#6052 = EDGE_CURVE ( 'NONE', #4757, #10242, #4241, .T. ) ;
#6053 = ORIENTED_EDGE ( 'NONE', *, *, #2905, .T. ) ;
#6054 = EDGE_CURVE ( 'NONE', #5470, #1900, #6349, .T. ) ;
#6055 = VERTEX_POINT ( 'NONE', #7379 ) ;
#6056 = CARTESIAN_POINT ( 'NONE',  ( 443.9999999999999432, 538.8899563225710381, -7.728071514360776106 ) ) ;
#6057 = CONICAL_SURFACE ( 'NONE', #8874, 2.000000000000001776, 1.029744258676659197 ) ;
#6058 = CARTESIAN_POINT ( 'NONE',  ( 444.2933333333338055, 289.0692543060682169, 24.65660962622504826 ) ) ;
#6059 = CARTESIAN_POINT ( 'NONE',  ( 461.9999999999998863, 457.1000000000000796, 43.08485080497851527 ) ) ;
#6060 = ORIENTED_EDGE ( 'NONE', *, *, #5993, .F. ) ;
#6061 = CARTESIAN_POINT ( 'NONE',  ( 461.9999999999998863, 449.6000000000000796, -32.91514919502149894 ) ) ;
#6062 = FACE_OUTER_BOUND ( 'NONE', #5500, .T. ) ;
#6063 = EDGE_LOOP ( 'NONE', ( #3291, #9756, #9457, #6553, #5588 ) ) ;
#6064 = CARTESIAN_POINT ( 'NONE',  ( 443.5333333333334735, 297.3233250367960068, 26.62996359750183117 ) ) ;
#6065 = FACE_OUTER_BOUND ( 'NONE', #5328, .T. ) ;
#6066 = EDGE_LOOP ( 'NONE', ( #9567, #3925, #2121, #2166 ) ) ;
#6067 = EDGE_CURVE ( 'NONE', #1361, #8277, #1382, .T. ) ;
#6068 = CARTESIAN_POINT ( 'NONE',  ( 447.9999999999999432, 469.3500000000000227, 38.58485080497850106 ) ) ;
#6069 = CARTESIAN_POINT ( 'NONE',  ( 443.9999999999999432, 469.3500000000000227, 42.58485080497850817 ) ) ;
#6070 = CARTESIAN_POINT ( 'NONE',  ( 443.9999999999999432, 538.3604643982596372, 23.62334978965654742 ) ) ;
#6071 = VECTOR ( 'NONE', #9088, 1000.000000000000000 ) ;
#6072 = CARTESIAN_POINT ( 'NONE',  ( 451.3999999999997499, 292.2504764208499637, -27.75885218696916112 ) ) ;
#6073 = CARTESIAN_POINT ( 'NONE',  ( 442.3242732769292616, 424.2296240445500075, -46.41514919502148473 ) ) ;
#6074 = ORIENTED_EDGE ( 'NONE', *, *, #9860, .T. ) ;
#6075 = CIRCLE ( 'NONE', #9048, 6.199999999999983302 ) ;
#6076 = CARTESIAN_POINT ( 'NONE',  ( 440.9999999999999432, 296.9696649438137683, -20.32916921471493765 ) ) ;
#6077 = CYLINDRICAL_SURFACE ( 'NONE', #8406, 34.99999999999997868 ) ;
#6078 = CARTESIAN_POINT ( 'NONE',  ( 441.0000000000000000, 298.7596471515432768, -23.24476511205150331 ) ) ;
#6079 = CARTESIAN_POINT ( 'NONE',  ( 440.0000000000000568, 544.0862555025676102, 7.386609533492912050 ) ) ;
#6080 = ORIENTED_EDGE ( 'NONE', *, *, #9325, .T. ) ;
#6081 = CARTESIAN_POINT ( 'NONE',  ( 441.3535533905932198, 415.1000000000000227, -2.760771534031255303 ) ) ;
#6082 = VECTOR ( 'NONE', #470, 1000.000000000000000 ) ;
#6083 = EDGE_CURVE ( 'NONE', #8393, #3225, #5840, .T. ) ;
#6084 = DIRECTION ( 'NONE',  ( 0.000000000000000000, 1.000000000000000000, -0.000000000000000000 ) ) ;
#6085 = CARTESIAN_POINT ( 'NONE',  ( 450.1926487987407199, 524.3149747697905241, -25.45078158433202375 ) ) ;
#6086 = VERTEX_POINT ( 'NONE', #128 ) ;
#6087 = CARTESIAN_POINT ( 'NONE',  ( 480.9999999999999432, 362.4938854097437115, -23.15758699032833334 ) ) ;
#6088 = FACE_OUTER_BOUND ( 'NONE', #5223, .T. ) ;
#6089 = VERTEX_POINT ( 'NONE', #858 ) ;
#6090 = CYLINDRICAL_SURFACE ( 'NONE', #2857, 4.000000000000007105 ) ;
#6091 = VERTEX_POINT ( 'NONE', #6497 ) ;
#6092 = LINE ( 'NONE', #6813, #6819 ) ;
#6093 = CARTESIAN_POINT ( 'NONE',  ( 421.2871870788979436, 520.0886861333490288, 42.39248229010330249 ) ) ;
#6094 = VERTEX_POINT ( 'NONE', #966 ) ;
#6095 = DIRECTION ( 'NONE',  ( 1.000000000000000000, 0.000000000000000000, 0.000000000000000000 ) ) ;
#6096 = CARTESIAN_POINT ( 'NONE',  ( 404.8962970026126413, 296.9543463143241411, 20.37265943817060787 ) ) ;
#6097 = EDGE_LOOP ( 'NONE', ( #6000, #2582 ) ) ;
#6098 = VERTEX_POINT ( 'NONE', #4078 ) ;
#6099 = CARTESIAN_POINT ( 'NONE',  ( 442.5999999999997954, 295.8231243873733547, 16.63029379739463209 ) ) ;
#6100 = CARTESIAN_POINT ( 'NONE',  ( 451.4526474772549705, 517.5435154445458465, 56.58485080497848685 ) ) ;
#6101 = DATE_TIME_ROLE ( 'creation_date' ) ;
#6102 = ADVANCED_FACE ( 'NONE', ( #6445 ), #5779, .F. ) ;
#6103 = DIRECTION ( 'NONE',  ( 0.000000000000000000, 0.000000000000000000, 1.000000000000000000 ) ) ;
#6104 = VERTEX_POINT ( 'NONE', #8164 ) ;
#6105 = DIRECTION ( 'NONE',  ( 0.000000000000000000, 0.000000000000000000, 1.000000000000000000 ) ) ;
#6106 = CYLINDRICAL_SURFACE ( 'NONE', #4354, 2.000000000000001776 ) ;
#6107 = EDGE_CURVE ( 'NONE', #7955, #7906, #6161, .T. ) ;
#6108 = VERTEX_POINT ( 'NONE', #1635 ) ;
#6109 = DIRECTION ( 'NONE',  ( -2.478716320810480276E-16, 1.000000000000000000, 0.000000000000000000 ) ) ;
#6110 = CYLINDRICAL_SURFACE ( 'NONE', #4488, 4.000000000000003553 ) ;
#6111 = VERTEX_POINT ( 'NONE', #7162 ) ;
#6112 = EDGE_CURVE ( 'NONE', #9540, #5672, #1017, .T. ) ;
#6113 = ADVANCED_FACE ( 'NONE', ( #241 ), #3371, .F. ) ;
#6114 = LINE ( 'NONE', #7461, #9092 ) ;
#6115 = CARTESIAN_POINT ( 'NONE',  ( 447.4999999999999432, 415.1000000000000227, 20.73922846596875402 ) ) ;
#6116 = FACE_OUTER_BOUND ( 'NONE', #2976, .T. ) ;
#6117 = ADVANCED_FACE ( 'NONE', ( #2417 ), #5616, .F. ) ;
#6118 = CARTESIAN_POINT ( 'NONE',  ( 445.4000000000141313, 296.9885727255700658, -24.00086480271066236 ) ) ;
#6119 = AXIS2_PLACEMENT_3D ( 'NONE', #2964, #6691, #9206 ) ;
#6120 = CARTESIAN_POINT ( 'NONE',  ( 480.9039704651792704, 461.3500000000000227, 39.11630856529865952 ) ) ;
#6121 = ORIENTED_EDGE ( 'NONE', *, *, #7044, .F. ) ;
#6122 =( BOUNDED_SURFACE ( )  B_SPLINE_SURFACE ( 3, 2, ( 
 ( #7361, #3489, #3440 ),
 ( #2502, #8249, #4983 ),
 ( #2665, #9731, #4066 ),
 ( #1056, #4225, #7252 ) ),
 .UNSPECIFIED., .F., .F., .T. ) 
 B_SPLINE_SURFACE_WITH_KNOTS ( ( 4, 4 ),
 ( 3, 3 ),
 ( 0.000000000000000000, 0.0005400813752412409472 ),
 ( 0.000000000000000000, 1.000000000000000000 ),
 .UNSPECIFIED. ) 
 GEOMETRIC_REPRESENTATION_ITEM ( )  RATIONAL_B_SPLINE_SURFACE ( (
 ( 1.000000000000000000, 0.6647517132976066279, 1.000000000000000000),
 ( 1.000000000000000000, 0.6597820346006373349, 1.000000000000000000),
 ( 1.000000000000000000, 0.6551055966931542685, 1.000000000000000000),
 ( 1.000000000000000000, 0.6507179411809701497, 1.000000000000000000) ) ) 
 REPRESENTATION_ITEM ( '' )  SURFACE ( )  );
#6123 = CARTESIAN_POINT ( 'NONE',  ( 440.9999999999997158, 297.0315940313249712, -20.79863975544779464 ) ) ;
#6124 = CARTESIAN_POINT ( 'NONE',  ( 441.0000000000001705, 298.2596200620896525, -22.97109121840101764 ) ) ;
#6125 = AXIS2_PLACEMENT_3D ( 'NONE', #5968, #9779, #2710 ) ;
#6126 = AXIS2_PLACEMENT_3D ( 'NONE', #5385, #775, #723 ) ;
#6127 = CARTESIAN_POINT ( 'NONE',  ( 440.0000000000173941, 545.5221529704705290, 19.57040645141552204 ) ) ;
#6128 = ORIENTED_EDGE ( 'NONE', *, *, #2012, .F. ) ;
#6129 = EDGE_CURVE ( 'NONE', #3618, #1646, #9589, .T. ) ;
#6130 = CARTESIAN_POINT ( 'NONE',  ( 481.0009999999999195, 2.055818656775035754E-14, 20.73922846596915548 ) ) ;
#6131 = CARTESIAN_POINT ( 'NONE',  ( 456.0231999999999175, 319.0115803041882714, 28.73056976915495753 ) ) ;
#6132 = CIRCLE ( 'NONE', #1018, 4.000000000000003553 ) ;
#6133 = CARTESIAN_POINT ( 'NONE',  ( 442.4513196379497231, 529.2181956541219279, -23.85045518457950919 ) ) ;
#6134 = ORIENTED_EDGE ( 'NONE', *, *, #9072, .F. ) ;
#6135 = EDGE_CURVE ( 'NONE', #199, #6193, #9339, .T. ) ;
#6136 = CARTESIAN_POINT ( 'NONE',  ( 442.5999999999997385, 294.0418505304238579, 21.80513705254945478 ) ) ;
#6137 = LINE ( 'NONE', #5601, #1546 ) ;
#6138 = TOROIDAL_SURFACE ( 'NONE', #5824, 3.999999999999979128, 4.000000000000000000 ) ;
#6139 = VERTEX_POINT ( 'NONE', #3243 ) ;
#6140 = CARTESIAN_POINT ( 'NONE',  ( 480.9999999999999432, 538.3604643982596372, 23.62334978965654742 ) ) ;
#6141 = ORIENTED_EDGE ( 'NONE', *, *, #6449, .T. ) ;
#6142 = CARTESIAN_POINT ( 'NONE',  ( 404.8962970026126413, 298.8664056459464859, -14.78352078243895562 ) ) ;
#6143 = DIRECTION ( 'NONE',  ( 0.000000000000000000, 0.000000000000000000, 1.000000000000000000 ) ) ;
#6144 = ORIENTED_EDGE ( 'NONE', *, *, #6315, .T. ) ;
#6145 = CARTESIAN_POINT ( 'NONE',  ( 441.0000000000000000, 297.6953627209855426, 25.07381837242081346 ) ) ;
#6146 = CARTESIAN_POINT ( 'NONE',  ( 423.0380999787108749, 526.8426620145733068, -18.84025445190135883 ) ) ;
#6147 = VERTEX_POINT ( 'NONE', #1691 ) ;
#6148 = AXIS2_PLACEMENT_3D ( 'NONE', #1484, #4634, #6241 ) ;
#6149 = CARTESIAN_POINT ( 'NONE',  ( 413.9999999999999432, 436.1000000000000227, 38.58485080497850817 ) ) ;
#6150 = CYLINDRICAL_SURFACE ( 'NONE', #887, 4.000000000000007105 ) ;
#6151 = CALENDAR_DATE ( 2024, 29, 2 ) ;
#6152 = CARTESIAN_POINT ( 'NONE',  ( 447.5000000000000000, 309.9190292061907712, -16.70215687251036840 ) ) ;
#6153 = ORIENTED_EDGE ( 'NONE', *, *, #1187, .F. ) ;
#6154 = DIRECTION ( 'NONE',  ( -1.000000000000000000, -2.478716320810480276E-16, -0.000000000000000000 ) ) ;
#6155 = AXIS2_PLACEMENT_3D ( 'NONE', #8201, #5331, #1360 ) ;
#6156 = CARTESIAN_POINT ( 'NONE',  ( 442.7523772767356149, 519.2332833940688488, 56.58485080497846553 ) ) ;
#6157 = ORIENTED_EDGE ( 'NONE', *, *, #5736, .F. ) ;
#6158 = DIRECTION ( 'NONE',  ( 0.000000000000000000, 0.000000000000000000, 1.000000000000000000 ) ) ;
#6159 = DIRECTION ( 'NONE',  ( 0.000000000000000000, 0.000000000000000000, 1.000000000000000000 ) ) ;
#6160 = ORIENTED_EDGE ( 'NONE', *, *, #6054, .F. ) ;
#6161 = CIRCLE ( 'NONE', #7142, 4.000000000000003553 ) ;
#6162 = VECTOR ( 'NONE', #5167, 1000.000000000000000 ) ;
#6163 = AXIS2_PLACEMENT_3D ( 'NONE', #4690, #10164, #5515 ) ;
#6164 = CYLINDRICAL_SURFACE ( 'NONE', #1667, 4.762500000000011724 ) ;
#6165 = CARTESIAN_POINT ( 'NONE',  ( 419.9658803139244583, 522.5885030657100287, 40.95461665356967984 ) ) ;
#6166 = CARTESIAN_POINT ( 'NONE',  ( 446.9704873061556896, 296.9696689023264184, -14.59320359464035555 ) ) ;
#6167 = CARTESIAN_POINT ( 'NONE',  ( 451.3999999999999204, 291.5319175791232738, 12.41083079728340088 ) ) ;
#6168 = VECTOR ( 'NONE', #6749, 1000.000000000000000 ) ;
#6169 = EDGE_CURVE ( 'NONE', #2038, #9236, #1604, .T. ) ;
#6170 = CIRCLE ( 'NONE', #4029, 8.730000000000000426 ) ;
#6171 = CARTESIAN_POINT ( 'NONE',  ( 445.3999999999999204, 295.4666986192152649, -21.15930716555568480 ) ) ;
#6172 = VECTOR ( 'NONE', #9650, 1000.000000000000000 ) ;
#6173 = CARTESIAN_POINT ( 'NONE',  ( 448.5932000679999305, 389.9107752361574057, 45.68089797006117436 ) ) ;
#6174 = EDGE_CURVE ( 'NONE', #4256, #9010, #8803, .T. ) ;
#6175 = ORIENTED_EDGE ( 'NONE', *, *, #6803, .T. ) ;
#6176 = ADVANCED_FACE ( 'NONE', ( #2779 ), #5987, .F. ) ;
#6177 = DIRECTION ( 'NONE',  ( 1.000000000000000000, 0.000000000000000000, -0.000000000000000000 ) ) ;
#6178 = AXIS2_PLACEMENT_3D ( 'NONE', #2599, #1875, #4264 ) ;
#6179 = AXIS2_PLACEMENT_3D ( 'NONE', #2936, #7739, #897 ) ;
#6180 = FACE_OUTER_BOUND ( 'NONE', #2375, .T. ) ;
#6181 = CARTESIAN_POINT ( 'NONE',  ( 440.0000000000087539, 548.3168554137024557, 11.44190252064722380 ) ) ;
#6182 = EDGE_LOOP ( 'NONE', ( #5450, #2230, #2708, #972 ) ) ;
#6183 = EDGE_CURVE ( 'NONE', #1120, #6756, #9122, .T. ) ;
#6184 = CARTESIAN_POINT ( 'NONE',  ( 445.7499999999999432, 429.6000000000000796, 10.31379472389522967 ) ) ;
#6185 = LINE ( 'NONE', #7734, #8376 ) ;
#6186 = CARTESIAN_POINT ( 'NONE',  ( 443.4999999999999432, 400.9000000000000341, -2.760771534031251750 ) ) ;
#6187 =( BOUNDED_CURVE ( )  B_SPLINE_CURVE ( 3, ( #8481, #3828, #6923, #3883 ),
 .UNSPECIFIED., .F., .T. ) 
 B_SPLINE_CURVE_WITH_KNOTS ( ( 4, 4 ),
 ( 5.078202488585253249, 5.182342355061075878 ),
 .UNSPECIFIED. ) 
 CURVE ( )  GEOMETRIC_REPRESENTATION_ITEM ( )  RATIONAL_B_SPLINE_CURVE ( ( 1.000000000000000000, 0.9990964448609714887, 0.9990964448609714887, 1.000000000000000000 ) ) 
 REPRESENTATION_ITEM ( '' )  );
#6188 = ORIENTED_EDGE ( 'NONE', *, *, #357, .F. ) ;
#6189 = EDGE_CURVE ( 'NONE', #2586, #1739, #2053, .T. ) ;
#6190 = DIRECTION ( 'NONE',  ( 1.000000000000000000, 2.478716320810480276E-16, 0.000000000000000000 ) ) ;
#6191 = AXIS2_PLACEMENT_3D ( 'NONE', #200, #875, #4960 ) ;
#6192 = AXIS2_PLACEMENT_3D ( 'NONE', #9562, #7353, #4973 ) ;
#6193 = VERTEX_POINT ( 'NONE', #7476 ) ;
#6194 = DIRECTION ( 'NONE',  ( 0.000000000000000000, 1.000000000000000000, -1.374084517793742623E-16 ) ) ;
#6195 = ORIENTED_EDGE ( 'NONE', *, *, #2338, .T. ) ;
#6196 = DIRECTION ( 'NONE',  ( -0.000000000000000000, -1.387778780781445922E-16, -1.000000000000000000 ) ) ;
#6197 = CARTESIAN_POINT ( 'NONE',  ( 440.9999999999999432, 446.6000000000000227, 38.58485080497850817 ) ) ;
#6198 = EDGE_CURVE ( 'NONE', #131, #2980, #6170, .T. ) ;
#6199 = EDGE_LOOP ( 'NONE', ( #3591, #6195, #9777, #6486, #3621, #5455, #7397 ) ) ;
#6200 = DIRECTION ( 'NONE',  ( 0.3271326250870757457, -0.8540103378190571082, -0.4045374995001312368 ) ) ;
#6201 = CARTESIAN_POINT ( 'NONE',  ( 447.4999999999999432, 421.6000000000000227, 40.03443545679896687 ) ) ;
#6202 = ORIENTED_EDGE ( 'NONE', *, *, #8568, .T. ) ;
#6203 = CARTESIAN_POINT ( 'NONE',  ( 449.4085032279365919, 526.8426620145733068, -18.84025445190136239 ) ) ;
#6204 = CARTESIAN_POINT ( 'NONE',  ( 440.4011780232692672, 535.7130829308579223, -19.87086694797659092 ) ) ;
#6205 = FACE_OUTER_BOUND ( 'NONE', #8631, .T. ) ;
#6206 = VERTEX_POINT ( 'NONE', #7532 ) ;
#6207 = DIRECTION ( 'NONE',  ( 1.000000000000000000, 2.478716320810480276E-16, 0.000000000000000000 ) ) ;
#6208 = B_SPLINE_CURVE_WITH_KNOTS ( 'NONE', 3,
 ( #8302, #8151, #7520, #7465, #9016, #6741, #5925, #435, #4329, #9111, #2766, #4383, #5878, #9734 ),
 .UNSPECIFIED., .F., .F.,
 ( 4, 2, 2, 2, 2, 2, 4 ),
 ( 0.000000000000000000, 0.2500000000003838041, 0.3750000000008045231, 0.4375000000009657830, 0.5000000000011269874, 0.7500000000005635492, 1.000000000000000000 ),
 .UNSPECIFIED. ) ;
#6209 = CARTESIAN_POINT ( 'NONE',  ( 416.1664414384239308, 516.6437310474788092, 56.58485080497849395 ) ) ;
#6210 = ORIENTED_EDGE ( 'NONE', *, *, #9472, .T. ) ;
#6211 = FACE_OUTER_BOUND ( 'NONE', #6771, .T. ) ;
#6212 = CARTESIAN_POINT ( 'NONE',  ( 480.9999999999999432, 421.6000000000000227, 0.000000000000000000 ) ) ;
#6213 = ORIENTED_EDGE ( 'NONE', *, *, #2830, .F. ) ;
#6214 = TOROIDAL_SURFACE ( 'NONE', #7561, 3.499999999999999556, 4.000000000000000000 ) ;
#6215 = CARTESIAN_POINT ( 'NONE',  ( 447.4999999999999432, 405.1000000000000227, 56.58485080497850817 ) ) ;
#6216 = CARTESIAN_POINT ( 'NONE',  ( 451.2734762684772249, 421.5951803194598142, 14.52799090839444851 ) ) ;
#6217 = LINE ( 'NONE', #2335, #9468 ) ;
#6218 = CARTESIAN_POINT ( 'NONE',  ( 451.3999999999999204, 289.6023103301895958, 27.74519547700218425 ) ) ;
#6219 = CIRCLE ( 'NONE', #7545, 4.000000000000000000 ) ;
#6220 = DIRECTION ( 'NONE',  ( 1.000000000000000000, 2.478716320810480276E-16, 0.000000000000000000 ) ) ;
#6221 = CARTESIAN_POINT ( 'NONE',  ( 414.0000000000000000, 543.4934115868636582, 26.50680118207193559 ) ) ;
#6222 = ORIENTED_EDGE ( 'NONE', *, *, #8953, .T. ) ;
#6223 = CARTESIAN_POINT ( 'NONE',  ( 442.5999999999999659, 295.4014444798511931, -18.91834944538880947 ) ) ;
#6224 = CIRCLE ( 'NONE', #5916, 4.000000000000003553 ) ;
#6225 = CARTESIAN_POINT ( 'NONE',  ( 441.5000000000001137, 368.9938854097437115, 6.790891503351495828 ) ) ;
#6226 = ADVANCED_FACE ( 'NONE', ( #2242 ), #6937, .F. ) ;
#6227 = CARTESIAN_POINT ( 'NONE',  ( 439.9999999999999432, 544.3211846780679934, 11.16972420221257956 ) ) ;
#6228 = EDGE_LOOP ( 'NONE', ( #9543, #6820, #6289, #7135 ) ) ;
#6229 = DIRECTION ( 'NONE',  ( 0.000000000000000000, 0.000000000000000000, -1.000000000000000000 ) ) ;
#6230 = CARTESIAN_POINT ( 'NONE',  ( 442.5979023992446173, 426.4479023992448674, 8.921611387727445219 ) ) ;
#6231 = EDGE_CURVE ( 'NONE', #1574, #9183, #1714, .T. ) ;
#6232 = CARTESIAN_POINT ( 'NONE',  ( 447.4999999999999432, 417.6000000000000227, -8.760771534031254859 ) ) ;
#6233 = CIRCLE ( 'NONE', #2612, 22.49999999999999645 ) ;
#6234 = CARTESIAN_POINT ( 'NONE',  ( 480.9999999999999432, 433.1000000000000227, -40.41514919502149894 ) ) ;
#6235 = EDGE_LOOP ( 'NONE', ( #3540, #4635, #7740, #4700 ) ) ;
#6236 = DIRECTION ( 'NONE',  ( 0.000000000000000000, 0.9725907656757107889, 0.2325235526185132628 ) ) ;
#6237 = ADVANCED_FACE ( 'NONE', ( #5206 ), #3015, .T. ) ;
#6238 = ADVANCED_FACE ( 'NONE', ( #4440 ), #163, .F. ) ;
#6239 = AXIS2_PLACEMENT_3D ( 'NONE', #1116, #2719, #1945 ) ;
#6240 = ORIENTED_EDGE ( 'NONE', *, *, #9434, .F. ) ;
#6241 = DIRECTION ( 'NONE',  ( 0.000000000000000000, -0.1710331931357801927, -0.9852652672482569152 ) ) ;
#6242 = EDGE_LOOP ( 'NONE', ( #8869, #2616, #1253 ) ) ;
#6243 = DIRECTION ( 'NONE',  ( 1.000000000000000000, 0.000000000000000000, -0.000000000000000000 ) ) ;
#6244 = DIRECTION ( 'NONE',  ( 0.000000000000000000, -0.6594169674145775595, 0.7517774026171323287 ) ) ;
#6245 = ORIENTED_EDGE ( 'NONE', *, *, #2761, .F. ) ;
#6246 =( BOUNDED_CURVE ( )  B_SPLINE_CURVE ( 3, ( #4875, #4276, #950, #2614 ),
 .UNSPECIFIED., .F., .T. ) 
 B_SPLINE_CURVE_WITH_KNOTS ( ( 4, 4 ),
 ( 4.188790204786388749, 4.446956769253763042 ),
 .UNSPECIFIED. ) 
 CURVE ( )  GEOMETRIC_REPRESENTATION_ITEM ( )  RATIONAL_B_SPLINE_CURVE ( ( 1.000000000000000000, 0.9944535433197820851, 0.9944535433197820851, 1.000000000000000000 ) ) 
 REPRESENTATION_ITEM ( '' )  );
#6247 = LINE ( 'NONE', #7648, #2915 ) ;
#6248 = EDGE_CURVE ( 'NONE', #2893, #9925, #7492, .T. ) ;
#6249 = DIRECTION ( 'NONE',  ( 0.000000000000000000, -1.000000000000000000, 0.000000000000000000 ) ) ;
#6250 = VERTEX_POINT ( 'NONE', #212 ) ;
#6251 = AXIS2_PLACEMENT_3D ( 'NONE', #8842, #4103, #1874 ) ;
#6252 = FACE_OUTER_BOUND ( 'NONE', #2035, .T. ) ;
#6253 = CARTESIAN_POINT ( 'NONE',  ( 442.5999999999996248, 294.3859299048630760, 19.48286895510861072 ) ) ;
#6254 = CARTESIAN_POINT ( 'NONE',  ( 447.4999999999999432, 366.4938854097437115, 6.790891503351493164 ) ) ;
#6255 = DATE_AND_TIME ( #615, #7294 ) ;
#6256 = LINE ( 'NONE', #9391, #2027 ) ;
#6257 = ORIENTED_EDGE ( 'NONE', *, *, #361, .F. ) ;
#6258 = CARTESIAN_POINT ( 'NONE',  ( 443.5000000000000000, 328.2206644405273437, -7.956332081159240843 ) ) ;
#6259 = DIRECTION ( 'NONE',  ( 0.000000000000000000, 0.7713003027338422024, -0.6364713999879989537 ) ) ;
#6260 = ORIENTED_EDGE ( 'NONE', *, *, #4359, .T. ) ;
#6261 = FACE_OUTER_BOUND ( 'NONE', #5393, .T. ) ;
#6262 = CYLINDRICAL_SURFACE ( 'NONE', #7482, 7.500000000000000000 ) ;
#6263 = VERTEX_POINT ( 'NONE', #6529 ) ;
#6264 = VECTOR ( 'NONE', #1615, 1000.000000000000000 ) ;
#6265 = EDGE_CURVE ( 'NONE', #9694, #2530, #9672, .T. ) ;
#6266 = DIRECTION ( 'NONE',  ( -0.7071067811865430208, -0.7071067811865521247, -5.858553950312634048E-16 ) ) ;
#6267 = CYLINDRICAL_SURFACE ( 'NONE', #3118, 4.000000000000003553 ) ;
#6268 = LINE ( 'NONE', #4708, #7288 ) ;
#6269 = DIRECTION ( 'NONE',  ( -8.659560562354548288E-17, 0.7071067811865787700, 0.7071067811865162644 ) ) ;
#6270 = CARTESIAN_POINT ( 'NONE',  ( 445.4000000000432351, 296.5957017215975497, 26.38560317352395757 ) ) ;
#6271 = AXIS2_PLACEMENT_3D ( 'NONE', #551, #3717, #4544 ) ;
#6272 = CARTESIAN_POINT ( 'NONE',  ( 451.3999999999999204, 297.8876017483988221, -30.85284911686832032 ) ) ;
#6273 = CARTESIAN_POINT ( 'NONE',  ( 414.0000000000001705, 537.6371878638849466, 34.91378467129616325 ) ) ;
#6274 = ORIENTED_EDGE ( 'NONE', *, *, #5828, .F. ) ;
#6275 = CARTESIAN_POINT ( 'NONE',  ( 440.9999999999999432, 346.4394627972502008, 12.17533480644866906 ) ) ;
#6276 = CARTESIAN_POINT ( 'NONE',  ( 447.7666077176210138, 529.6865084591590858, -23.09226230091753251 ) ) ;
#6277 = VERTEX_POINT ( 'NONE', #8902 ) ;
#6278 = CYLINDRICAL_SURFACE ( 'NONE', #2168, 2.000000000000001776 ) ;
#6279 = CARTESIAN_POINT ( 'NONE',  ( 447.8852432933135219, 453.1000000000000227, -1.872424500879161124 ) ) ;
#6280 = AXIS2_PLACEMENT_3D ( 'NONE', #4074, #4778, #7786 ) ;
#6281 = CARTESIAN_POINT ( 'NONE',  ( 447.5431322616364582, 418.2638416082830872, -8.450094192307695096 ) ) ;
#6282 = DIRECTION ( 'NONE',  ( 2.410776604349946585E-16, -0.9725907656757110109, -0.2325235526185131796 ) ) ;
#6283 = VERTEX_POINT ( 'NONE', #7903 ) ;
#6284 = EDGE_CURVE ( 'NONE', #2948, #2958, #4898, .T. ) ;
#6285 = CARTESIAN_POINT ( 'NONE',  ( 428.3101530420394170, 537.4968745679611857, -19.67202419273508340 ) ) ;
#6286 = AXIS2_PLACEMENT_3D ( 'NONE', #2962, #4655, #4520 ) ;
#6287 = EDGE_CURVE ( 'NONE', #679, #1971, #8013, .T. ) ;
#6288 = CONICAL_SURFACE ( 'NONE', #1844, 67.00318916304803452, 0.8507533688201530664 ) ;
#6289 = ORIENTED_EDGE ( 'NONE', *, *, #3230, .T. ) ;
#6290 = DIRECTION ( 'NONE',  ( -1.000000000000000000, -2.478716320810480276E-16, -0.000000000000000000 ) ) ;
#6291 = ORIENTED_EDGE ( 'NONE', *, *, #630, .T. ) ;
#6292 = DIRECTION ( 'NONE',  ( 1.000000000000000000, 0.000000000000000000, 0.000000000000000000 ) ) ;
#6293 = LINE ( 'NONE', #6960, #4900 ) ;
#6294 = ORIENTED_EDGE ( 'NONE', *, *, #925, .F. ) ;
#6295 = DIRECTION ( 'NONE',  ( 0.000000000000000000, -0.2325235526185131796, 0.9725907656757110109 ) ) ;
#6296 = EDGE_CURVE ( 'NONE', #5397, #7746, #3148, .T. ) ;
#6297 = CARTESIAN_POINT ( 'NONE',  ( 447.5000000000000000, 370.4938854097436547, 29.72877838309286602 ) ) ;
#6298 = ORIENTED_EDGE ( 'NONE', *, *, #2920, .T. ) ;
#6299 = ADVANCED_FACE ( 'NONE', ( #6300 ), #3036, .F. ) ;
#6300 = FACE_OUTER_BOUND ( 'NONE', #1986, .T. ) ;
#6301 = CIRCLE ( 'NONE', #8, 6.499999999999915623 ) ;
#6302 = EDGE_CURVE ( 'NONE', #7181, #965, #9544, .T. ) ;
#6303 = CARTESIAN_POINT ( 'NONE',  ( 444.5932000679999305, 302.6526264331637321, 27.90407408404064427 ) ) ;
#6304 = CARTESIAN_POINT ( 'NONE',  ( 435.0970911661574405, 537.0497484486772919, -19.71599227637715757 ) ) ;
#6305 = VERTEX_POINT ( 'NONE', #3977 ) ;
#6306 = FACE_OUTER_BOUND ( 'NONE', #4651, .T. ) ;
#6307 = ORIENTED_EDGE ( 'NONE', *, *, #8145, .T. ) ;
#6308 = DIRECTION ( 'NONE',  ( 0.000000000000000000, 1.000000000000000000, 0.000000000000000000 ) ) ;
#6309 = FACE_OUTER_BOUND ( 'NONE', #4093, .T. ) ;
#6310 = EDGE_LOOP ( 'NONE', ( #4433, #522, #2557, #4198 ) ) ;
#6311 = DIRECTION ( 'NONE',  ( 0.000000000000000000, -1.000000000000000000, 0.000000000000000000 ) ) ;
#6312 = AXIS2_PLACEMENT_3D ( 'NONE', #4197, #138, #9656 ) ;
#6313 = CARTESIAN_POINT ( 'NONE',  ( 442.5999999999998522, 297.2635907012974599, -24.22514246907164548 ) ) ;
#6314 = ORIENTED_EDGE ( 'NONE', *, *, #8950, .F. ) ;
#6315 = EDGE_CURVE ( 'NONE', #746, #6091, #4412, .T. ) ;
#6316 = PLANE ( 'NONE',  #7454 ) ;
#6317 = AXIS2_PLACEMENT_3D ( 'NONE', #3869, #7009, #555 ) ;
#6318 = CARTESIAN_POINT ( 'NONE',  ( 441.0000000000000000, 295.6676755452294856, 21.22829551561445527 ) ) ;
#6319 = DIRECTION ( 'NONE',  ( 0.000000000000000000, -0.2325235526185131796, 0.9725907656757107889 ) ) ;
#6320 = DIRECTION ( 'NONE',  ( 0.000000000000000000, -0.2325235526185188417, 0.9725907656757095676 ) ) ;
#6321 = CARTESIAN_POINT ( 'NONE',  ( 451.4000000000000341, 294.2222732618929513, 23.40192044279486794 ) ) ;
#6322 = CARTESIAN_POINT ( 'NONE',  ( 441.0000000000003979, 296.6207547517619787, 24.48979653506285459 ) ) ;
#6323 = CARTESIAN_POINT ( 'NONE',  ( 451.3999999999999204, 297.8995830573830972, -30.85495563076875669 ) ) ;
#6324 = LINE ( 'NONE', #3899, #6264 ) ;
#6325 = CIRCLE ( 'NONE', #3853, 3.999999999999965361 ) ;
#6326 = ORIENTED_EDGE ( 'NONE', *, *, #10138, .F. ) ;
#6327 = CARTESIAN_POINT ( 'NONE',  ( 442.5999999999999659, 295.9300723281200476, -22.57170715115168136 ) ) ;
#6328 = LINE ( 'NONE', #6860, #1398 ) ;
#6329 = CARTESIAN_POINT ( 'NONE',  ( 404.8962970026126413, 276.9938854097435978, 0.1778581151391607218 ) ) ;
#6330 = CARTESIAN_POINT ( 'NONE',  ( 422.8526740142684162, 528.6187171119573804, 42.55710698259051128 ) ) ;
#6331 = VERTEX_POINT ( 'NONE', #8773 ) ;
#6332 = AXIS2_PLACEMENT_3D ( 'NONE', #866, #9490, #5571 ) ;
#6333 = AXIS2_PLACEMENT_3D ( 'NONE', #10063, #2224, #3774 ) ;
#6334 = CARTESIAN_POINT ( 'NONE',  ( 480.9999999999999432, 286.8333081229242225, -16.85649365081390272 ) ) ;
#6335 = CARTESIAN_POINT ( 'NONE',  ( 444.7102213692660939, 535.1853212097441883, -6.209686291846327144 ) ) ;
#6336 = CARTESIAN_POINT ( 'NONE',  ( 440.9999999999998295, 421.0999999999998522, -28.41514919502196079 ) ) ;
#6337 = DIRECTION ( 'NONE',  ( 1.000000000000000000, 2.478716320810480276E-16, 0.000000000000000000 ) ) ;
#6338 = ORIENTED_EDGE ( 'NONE', *, *, #10229, .T. ) ;
#6339 = AXIS2_PLACEMENT_3D ( 'NONE', #5859, #1928, #1205 ) ;
#6340 = PLANE ( 'NONE',  #1175 ) ;
#6341 = ORIENTED_EDGE ( 'NONE', *, *, #2129, .F. ) ;
#6342 = DIRECTION ( 'NONE',  ( -0.000000000000000000, -0.000000000000000000, -1.000000000000000000 ) ) ;
#6343 = VERTEX_POINT ( 'NONE', #3197 ) ;
#6344 = DIRECTION ( 'NONE',  ( 1.965662807769971800E-30, -7.930164461608288050E-15, -1.000000000000000000 ) ) ;
#6345 = CONICAL_SURFACE ( 'NONE', #10132, 6.500000000000117240, 0.7853981633974415066 ) ;
#6346 = DIRECTION ( 'NONE',  ( 0.000000000000000000, 1.000000000000000000, -1.374084517793742623E-16 ) ) ;
#6347 = ORIENTED_EDGE ( 'NONE', *, *, #10149, .T. ) ;
#6348 = DIRECTION ( 'NONE',  ( 1.000000000000000000, -0.000000000000000000, 0.000000000000000000 ) ) ;
#6349 = CIRCLE ( 'NONE', #36, 6.199999999999983302 ) ;
#6350 = DIRECTION ( 'NONE',  ( 0.000000000000000000, -2.365499919840624750E-15, -1.000000000000000000 ) ) ;
#6351 = ORIENTED_EDGE ( 'NONE', *, *, #10149, .F. ) ;
#6352 = CIRCLE ( 'NONE', #4387, 3.999999999999921840 ) ;
#6353 = DIRECTION ( 'NONE',  ( -1.000000000000000000, -2.478716320810480276E-16, -0.000000000000000000 ) ) ;
#6354 = CARTESIAN_POINT ( 'NONE',  ( 442.5999999999999091, 294.4633683322094271, 24.06634964757750694 ) ) ;
#6355 = ADVANCED_FACE ( 'NONE', ( #3251 ), #6400, .F. ) ;
#6356 = ORIENTED_EDGE ( 'NONE', *, *, #7638, .T. ) ;
#6357 = CARTESIAN_POINT ( 'NONE',  ( 442.3730669589463673, 492.8079696669676650, -29.94858873995663728 ) ) ;
#6358 = EDGE_LOOP ( 'NONE', ( #6240, #8958, #5426, #7797 ) ) ;
#6359 = CARTESIAN_POINT ( 'NONE',  ( 446.1372708570351051, 296.7353913163686912, 26.48940248772922601 ) ) ;
#6360 = DIRECTION ( 'NONE',  ( -1.000000000000000000, -2.478716320810480276E-16, -0.000000000000000000 ) ) ;
#6361 = ORIENTED_EDGE ( 'NONE', *, *, #2011, .T. ) ;
#6362 = EDGE_CURVE ( 'NONE', #9147, #8030, #5683, .T. ) ;
#6363 = AXIS2_PLACEMENT_3D ( 'NONE', #4519, #4653, #621 ) ;
#6364 = CARTESIAN_POINT ( 'NONE',  ( 448.5848155703040447, 429.6000000000001364, 14.65764774647278301 ) ) ;
#6365 = ADVANCED_FACE ( 'NONE', ( #7116 ), #9961, .F. ) ;
#6366 = CARTESIAN_POINT ( 'NONE',  ( 442.5999999999999659, 295.6806215255846269, -17.55443089977968896 ) ) ;
#6367 = ORIENTED_EDGE ( 'NONE', *, *, #1197, .T. ) ;
#6368 = CARTESIAN_POINT ( 'NONE',  ( 447.5000000000000000, 362.4938854097437115, 17.49089150335155551 ) ) ;
#6369 = DIRECTION ( 'NONE',  ( -0.7071067811865521247, 0.7071067811865430208, 0.000000000000000000 ) ) ;
#6370 = DIRECTION ( 'NONE',  ( -2.601736677730715002E-31, 1.049630672089176363E-15, -1.000000000000000000 ) ) ;
#6371 = ORIENTED_EDGE ( 'NONE', *, *, #7910, .F. ) ;
#6372 = CARTESIAN_POINT ( 'NONE',  ( 449.1124206123486715, 420.8189465795266528, 17.34401795788715717 ) ) ;
#6373 = CARTESIAN_POINT ( 'NONE',  ( 445.3999999999999204, 297.0952331286823664, -14.68605186448338351 ) ) ;
#6374 = CARTESIAN_POINT ( 'NONE',  ( 445.3999999999855390, 294.7791247059053603, 24.70850796232974389 ) ) ;
#6375 = CARTESIAN_POINT ( 'NONE',  ( 336.0902124738105385, 366.4938854097437115, -10.90910849664849813 ) ) ;
#6376 = CARTESIAN_POINT ( 'NONE',  ( 451.3999999999994657, 298.9281129477152490, -24.94375558299720197 ) ) ;
#6377 = ADVANCED_FACE ( 'NONE', ( #6252 ), #8063, .T. ) ;
#6378 = CARTESIAN_POINT ( 'NONE',  ( 414.0000000000000568, 544.1780729116804878, 25.42137317521314088 ) ) ;
#6379 = ORIENTED_EDGE ( 'NONE', *, *, #1258, .T. ) ;
#6380 = PLANE ( 'NONE',  #2824 ) ;
#6381 = CIRCLE ( 'NONE', #5059, 1.250000000000001110 ) ;
#6382 = CARTESIAN_POINT ( 'NONE',  ( 461.9999999999998863, 449.6000000000000796, -40.41514919502149894 ) ) ;
#6383 = CARTESIAN_POINT ( 'NONE',  ( 443.4999999999999432, 379.6938854097437570, 6.790891503351501157 ) ) ;
#6384 = AXIS2_PLACEMENT_3D ( 'NONE', #2060, #8365, #1286 ) ;
#6385 = DIRECTION ( 'NONE',  ( 0.000000000000000000, -0.9852652672482568041, 0.1710331931357803315 ) ) ;
#6386 = CARTESIAN_POINT ( 'NONE',  ( 444.9809116970648120, 534.5692203192940042, -5.065730287145568056 ) ) ;
#6387 = DIRECTION ( 'NONE',  ( -1.000000000000000000, 0.000000000000000000, 0.000000000000000000 ) ) ;
#6388 = CARTESIAN_POINT ( 'NONE',  ( 447.5000000000000000, 368.6336969887955775, 37.50950450849854434 ) ) ;
#6389 = ORIENTED_EDGE ( 'NONE', *, *, #4554, .T. ) ;
#6390 = CARTESIAN_POINT ( 'NONE',  ( 420.3613349036452860, 536.1707563240937588, -19.81420124407619099 ) ) ;
#6391 = VERTEX_POINT ( 'NONE', #8721 ) ;
#6392 = FACE_OUTER_BOUND ( 'NONE', #3868, .T. ) ;
#6393 = VERTEX_POINT ( 'NONE', #5518 ) ;
#6394 = CARTESIAN_POINT ( 'NONE',  ( 446.8205167246309770, 531.3251861276008867, 40.32374843559517075 ) ) ;
#6395 = LINE ( 'NONE', #75, #5921 ) ;
#6396 = ORIENTED_EDGE ( 'NONE', *, *, #5540, .F. ) ;
#6397 = CARTESIAN_POINT ( 'NONE',  ( 445.0907239120895724, 534.3212751654900785, -19.51336986958870767 ) ) ;
#6398 = DIRECTION ( 'NONE',  ( -1.000000000000000000, 0.000000000000000000, 0.000000000000000000 ) ) ;
#6399 = VERTEX_POINT ( 'NONE', #9595 ) ;
#6400 = CYLINDRICAL_SURFACE ( 'NONE', #7991, 6.500000000000061284 ) ;
#6401 = VECTOR ( 'NONE', #393, 1000.000000000000000 ) ;
#6402 = CARTESIAN_POINT ( 'NONE',  ( 442.6000000000001933, 294.5164779671717952, 24.19310446070006648 ) ) ;
#6403 = VERTEX_POINT ( 'NONE', #973 ) ;
#6404 = CARTESIAN_POINT ( 'NONE',  ( 447.4999999999999432, 412.9158672274568858, -34.58148204030520390 ) ) ;
#6405 = ORIENTED_EDGE ( 'NONE', *, *, #2969, .T. ) ;
#6406 = CARTESIAN_POINT ( 'NONE',  ( 424.7512886940357362, 523.3142237596528048, 46.20011377522811813 ) ) ;
#6407 = CARTESIAN_POINT ( 'NONE',  ( 423.8232366323865676, 519.0903432222712581, 56.58485080497850106 ) ) ;
#6408 = ORIENTED_EDGE ( 'NONE', *, *, #962, .F. ) ;
#6409 = DIRECTION ( 'NONE',  ( 0.000000000000000000, 0.000000000000000000, -1.000000000000000000 ) ) ;
#6410 = FACE_OUTER_BOUND ( 'NONE', #8942, .T. ) ;
#6411 = AXIS2_PLACEMENT_3D ( 'NONE', #8026, #936, #9557 ) ;
#6412 = VERTEX_POINT ( 'NONE', #9387 ) ;
#6413 = EDGE_CURVE ( 'NONE', #3296, #8796, #1642, .T. ) ;
#6414 = DIRECTION ( 'NONE',  ( -8.285246452426648093E-16, 8.285246452426540611E-16, -1.000000000000000000 ) ) ;
#6415 = FACE_OUTER_BOUND ( 'NONE', #6242, .T. ) ;
#6416 = ADVANCED_FACE ( 'NONE', ( #3100 ), #2317, .F. ) ;
#6417 = FACE_OUTER_BOUND ( 'NONE', #804, .T. ) ;
#6418 = ORIENTED_EDGE ( 'NONE', *, *, #4285, .T. ) ;
#6419 = LINE ( 'NONE', #1103, #8130 ) ;
#6420 = DIRECTION ( 'NONE',  ( 1.000000000000000000, 0.000000000000000000, 0.000000000000000000 ) ) ;
#6421 = CARTESIAN_POINT ( 'NONE',  ( 445.4000000000426667, 295.0181069038883948, 25.08133813654112387 ) ) ;
#6422 = DIRECTION ( 'NONE',  ( 0.000000000000000000, 0.000000000000000000, 1.000000000000000000 ) ) ;
#6423 = CARTESIAN_POINT ( 'NONE',  ( 445.3999999999995794, 298.9361641211835945, -24.94517513116608143 ) ) ;
#6424 = ORIENTED_EDGE ( 'NONE', *, *, #8907, .F. ) ;
#6425 = B_SPLINE_CURVE_WITH_KNOTS ( 'NONE', 3,
 ( #2692, #3467, #2640, #5790, #8780, #6406 ),
 .UNSPECIFIED., .F., .F.,
 ( 4, 2, 4 ),
 ( 1.387778780781445676E-17, 0.001547033876002640610, 0.003094067752005267343 ),
 .UNSPECIFIED. ) ;
#6426 = AXIS2_PLACEMENT_3D ( 'NONE', #3131, #6282, #329 ) ;
#6427 = EDGE_CURVE ( 'NONE', #8055, #2903, #7956, .T. ) ;
#6428 = CARTESIAN_POINT ( 'NONE',  ( 479.3391613565047464, 471.2427388087411941, -36.98710670056093619 ) ) ;
#6429 = EDGE_CURVE ( 'NONE', #3848, #5507, #6610, .T. ) ;
#6430 = CARTESIAN_POINT ( 'NONE',  ( 470.8321898339203813, 489.7357483275766867, -36.73684237252331997 ) ) ;
#6431 = CARTESIAN_POINT ( 'NONE',  ( 447.5000000000000000, 359.9938854097437115, -19.94615330014154253 ) ) ;
#6432 = DIRECTION ( 'NONE',  ( 1.000000000000000000, 0.000000000000000000, 0.000000000000000000 ) ) ;
#6433 = EDGE_CURVE ( 'NONE', #3194, #2322, #9001, .T. ) ;
#6434 = CARTESIAN_POINT ( 'NONE',  ( 444.0000000000350724, 542.4104565514084015, 24.77504430106301925 ) ) ;
#6435 = LINE ( 'NONE', #116, #8287 ) ;
#6436 = CARTESIAN_POINT ( 'NONE',  ( 475.0493545357292646, 286.8333081229242225, -15.60649365081390094 ) ) ;
#6437 = CARTESIAN_POINT ( 'NONE',  ( 451.2734836735992303, 421.5951807439503796, -3.049524533313251240 ) ) ;
#6438 = CARTESIAN_POINT ( 'NONE',  ( 443.4999999999999432, 370.4938854097436547, -23.15758699032833334 ) ) ;
#6439 = EDGE_LOOP ( 'NONE', ( #8522, #3079, #8425, #7217 ) ) ;
#6440 = FACE_OUTER_BOUND ( 'NONE', #1803, .T. ) ;
#6441 = EDGE_CURVE ( 'NONE', #7601, #1501, #8974, .T. ) ;
#6442 = EDGE_LOOP ( 'NONE', ( #5163, #1583 ) ) ;
#6443 = CARTESIAN_POINT ( 'NONE',  ( 424.6153541488147312, 523.7851148407607980, 46.04855112005956386 ) ) ;
#6444 = ORIENTED_EDGE ( 'NONE', *, *, #3519, .T. ) ;
#6445 = FACE_OUTER_BOUND ( 'NONE', #6707, .T. ) ;
#6446 = DIRECTION ( 'NONE',  ( 1.000000000000000000, 0.000000000000000000, 0.000000000000000000 ) ) ;
#6447 = EDGE_LOOP ( 'NONE', ( #3801, #6557 ) ) ;
#6448 = DIRECTION ( 'NONE',  ( 0.000000000000000000, -0.8898687512553331569, 0.4562166212878198124 ) ) ;
#6449 = EDGE_CURVE ( 'NONE', #9173, #9115, #41, .T. ) ;
#6450 = CARTESIAN_POINT ( 'NONE',  ( 441.3535533905932198, 421.2044585785570803, -4.993613996606777405 ) ) ;
#6451 = EDGE_LOOP ( 'NONE', ( #3669, #6650, #10162, #4053, #9351, #5546, #9397, #5710, #9664 ) ) ;
#6452 = VECTOR ( 'NONE', #8908, 1000.000000000000114 ) ;
#6453 = CARTESIAN_POINT ( 'NONE',  ( 451.7104349777418406, 518.7434316135661447, 55.95541036807414059 ) ) ;
#6454 = CARTESIAN_POINT ( 'NONE',  ( 442.6000000000001364, 294.0581795435409163, 22.29639458336888680 ) ) ;
#6455 = ORIENTED_EDGE ( 'NONE', *, *, #4446, .T. ) ;
#6456 = DIRECTION ( 'NONE',  ( 0.000000000000000000, -1.049630672089176166E-15, 1.000000000000000000 ) ) ;
#6457 = ORIENTED_EDGE ( 'NONE', *, *, #9853, .F. ) ;
#6458 = CARTESIAN_POINT ( 'NONE',  ( 445.7499999999929514, 453.1000000000071282, 10.31379472389174090 ) ) ;
#6459 = CARTESIAN_POINT ( 'NONE',  ( 420.5691789744256539, 520.8320623341010105, 56.42055296876135628 ) ) ;
#6460 = ORIENTED_EDGE ( 'NONE', *, *, #8027, .F. ) ;
#6461 = LINE ( 'NONE', #9606, #5486 ) ;
#6462 = CARTESIAN_POINT ( 'NONE',  ( 442.6000000000001364, 295.8940788700307394, -16.90048791804175821 ) ) ;
#6463 = ORIENTED_EDGE ( 'NONE', *, *, #3841, .F. ) ;
#6464 = AXIS2_PLACEMENT_3D ( 'NONE', #8636, #10233, #4660 ) ;
#6465 = CARTESIAN_POINT ( 'NONE',  ( 461.9999999999998863, 425.6000000000000227, 43.08485080497851527 ) ) ;
#6466 = CARTESIAN_POINT ( 'NONE',  ( 413.9989999999999668, 461.3500000000000227, 38.58485080497850106 ) ) ;
#6467 = CARTESIAN_POINT ( 'NONE',  ( 441.0000000000000000, 297.3471304468749850, 17.30401987014100484 ) ) ;
#6468 = ORIENTED_EDGE ( 'NONE', *, *, #8600, .F. ) ;
#6469 = DIRECTION ( 'NONE',  ( -0.000000000000000000, -0.2325235526185132073, 0.9725907656757110109 ) ) ;
#6470 = DIRECTION ( 'NONE',  ( 0.000000000000000000, 0.9725907656757106778, 0.2325235526185134016 ) ) ;
#6471 = CIRCLE ( 'NONE', #10093, 6.699999999999983302 ) ;
#6472 = CARTESIAN_POINT ( 'NONE',  ( 445.3999999999962824, 297.2798698750924018, 26.61940764618229949 ) ) ;
#6473 = LINE ( 'NONE', #1663, #985 ) ;
#6474 = LINE ( 'NONE', #8851, #5749 ) ;
#6475 = ORIENTED_EDGE ( 'NONE', *, *, #6898, .F. ) ;
#6476 = DIRECTION ( 'NONE',  ( 0.000000000000000000, 0.9725907656757107889, 0.2325235526185131241 ) ) ;
#6477 = CARTESIAN_POINT ( 'NONE',  ( 440.9999999999999432, 347.1206644405273209, -7.956332081159231961 ) ) ;
#6478 = DIRECTION ( 'NONE',  ( 1.000000000000000000, 2.478716320810480276E-16, 0.000000000000000000 ) ) ;
#6479 = DIRECTION ( 'NONE',  ( 0.000000000000000000, 0.000000000000000000, -1.000000000000000000 ) ) ;
#6480 = ORIENTED_EDGE ( 'NONE', *, *, #8515, .F. ) ;
#6481 = CARTESIAN_POINT ( 'NONE',  ( 444.8857811552195471, 534.7736803022336289, -5.553497885625742647 ) ) ;
#6482 = ADVANCED_FACE ( 'NONE', ( #2801 ), #2030, .F. ) ;
#6483 = CARTESIAN_POINT ( 'NONE',  ( 445.4000000000861519, 295.4246547426631082, -18.61307573210310196 ) ) ;
#6484 = EDGE_CURVE ( 'NONE', #9717, #1821, #516, .T. ) ;
#6485 = DIRECTION ( 'NONE',  ( -0.7071067811866260655, 0.000000000000000000, -0.7071067811864690800 ) ) ;
#6486 = ORIENTED_EDGE ( 'NONE', *, *, #28, .F. ) ;
#6487 = AXIS2_PLACEMENT_3D ( 'NONE', #9052, #3635, #7505 ) ;
#6488 = CARTESIAN_POINT ( 'NONE',  ( 445.3999999999999204, 289.0692543060682169, 24.65660962622505181 ) ) ;
#6489 = CARTESIAN_POINT ( 'NONE',  ( 429.6526740142684275, 542.4604643982597736, 18.65972080497849106 ) ) ;
#6490 = CIRCLE ( 'NONE', #4018, 4.000000000000001776 ) ;
#6491 = CARTESIAN_POINT ( 'NONE',  ( 441.0000000000005684, 296.9493239301476137, -19.66811643844530266 ) ) ;
#6492 = VECTOR ( 'NONE', #654, 1000.000000000000000 ) ;
#6493 = ADVANCED_FACE ( 'NONE', ( #9878 ), #8632, .F. ) ;
#6494 = ORIENTED_EDGE ( 'NONE', *, *, #8508, .T. ) ;
#6495 = DIRECTION ( 'NONE',  ( 0.000000000000000000, -1.000000000000000000, -1.049630672089176363E-15 ) ) ;
#6496 = EDGE_LOOP ( 'NONE', ( #6586, #2540, #5274, #860, #251, #1393, #9084, #8875, #5011, #1163, #1797, #9888, #4189, #7794, #3723, #7406 ) ) ;
#6497 = CARTESIAN_POINT ( 'NONE',  ( 429.6526740156904225, 524.6329011474115305, 54.22005864041438628 ) ) ;
#6498 = DIRECTION ( 'NONE',  ( 0.000000000000000000, 0.000000000000000000, 1.000000000000000000 ) ) ;
#6499 = ORIENTED_EDGE ( 'NONE', *, *, #2961, .F. ) ;
#6500 = CARTESIAN_POINT ( 'NONE',  ( 444.8860234942099510, 534.7492716068755954, -19.06980158081762511 ) ) ;
#6501 = CIRCLE ( 'NONE', #8982, 4.762500000000011724 ) ;
#6502 = FACE_OUTER_BOUND ( 'NONE', #7274, .T. ) ;
#6503 = ORIENTED_EDGE ( 'NONE', *, *, #5928, .F. ) ;
#6504 = AXIS2_PLACEMENT_3D ( 'NONE', #3235, #9530, #2409 ) ;
#6505 = EDGE_CURVE ( 'NONE', #6532, #6108, #2415, .T. ) ;
#6506 = CARTESIAN_POINT ( 'NONE',  ( 442.6000000000000227, 295.1973276245042257, 25.30717258053860874 ) ) ;
#6507 = CARTESIAN_POINT ( 'NONE',  ( 442.6000000000000796, 294.3257221133201824, 23.68448096182625306 ) ) ;
#6508 = VECTOR ( 'NONE', #3065, 1000.000000000000000 ) ;
#6509 = ORIENTED_EDGE ( 'NONE', *, *, #7214, .F. ) ;
#6510 = CARTESIAN_POINT ( 'NONE',  ( 447.5000000000000000, 351.9938854097436547, 25.30586396188315490 ) ) ;
#6511 = VERTEX_POINT ( 'NONE', #9150 ) ;
#6512 = DIRECTION ( 'NONE',  ( -0.7071067811865523467, 7.977177484029389531E-16, 0.7071067811865426878 ) ) ;
#6513 = CARTESIAN_POINT ( 'NONE',  ( 435.1971805059469034, 520.2361911545904150, 56.58485080497848685 ) ) ;
#6514 = ORIENTED_EDGE ( 'NONE', *, *, #9447, .T. ) ;
#6515 = DIRECTION ( 'NONE',  ( 0.000000000000000000, 0.000000000000000000, -1.000000000000000000 ) ) ;
#6516 = DIRECTION ( 'NONE',  ( 0.000000000000000000, 0.000000000000000000, -1.000000000000000000 ) ) ;
#6517 = ORIENTED_EDGE ( 'NONE', *, *, #8854, .F. ) ;
#6518 = VECTOR ( 'NONE', #7024, 1000.000000000000000 ) ;
#6519 =( BOUNDED_SURFACE ( )  B_SPLINE_SURFACE ( 2, 3, ( 
 ( #469, #5228, #7653, #9827 ),
 ( #6824, #2853, #6058, #9051 ),
 ( #9152, #1981, #1305, #8286 ) ),
 .UNSPECIFIED., .F., .F., .T. ) 
 B_SPLINE_SURFACE_WITH_KNOTS ( ( 3, 3 ),
 ( 4, 4 ),
 ( 0.000000000000000000, 1.000000000000000000 ),
 ( 0.09979067811865480198, 0.1112306781186546967 ),
 .UNSPECIFIED. ) 
 GEOMETRIC_REPRESENTATION_ITEM ( )  RATIONAL_B_SPLINE_SURFACE ( (
 ( 1.000000000000000000, 1.000000000000000000, 1.000000000000000000, 1.000000000000000000),
 ( 0.5252257314388900644, 0.5252257314388900644, 0.5252257314388900644, 0.5252257314388900644),
 ( 1.000000000000000000, 1.000000000000000000, 1.000000000000000000, 1.000000000000000000) ) ) 
 REPRESENTATION_ITEM ( '' )  SURFACE ( )  );
#6520 = CARTESIAN_POINT ( 'NONE',  ( 429.6526740142684275, 542.0104643982598418, 9.929720804978487081 ) ) ;
#6521 = DIRECTION ( 'NONE',  ( -0.000000000000000000, -1.000000000000000000, 0.000000000000000000 ) ) ;
#6522 = EDGE_CURVE ( 'NONE', #9421, #5931, #7554, .T. ) ;
#6523 = DIRECTION ( 'NONE',  ( 1.000000000000000000, 0.000000000000000000, 0.000000000000000000 ) ) ;
#6524 = ORIENTED_EDGE ( 'NONE', *, *, #1265, .F. ) ;
#6525 = CARTESIAN_POINT ( 'NONE',  ( 447.5000000000000000, 366.4938854097437115, -6.909108496648497244 ) ) ;
#6526 = DIRECTION ( 'NONE',  ( -1.000000000000000000, 0.000000000000000000, 0.000000000000000000 ) ) ;
#6527 = VECTOR ( 'NONE', #3307, 1000.000000000000000 ) ;
#6528 = ORIENTED_EDGE ( 'NONE', *, *, #8027, .T. ) ;
#6529 = CARTESIAN_POINT ( 'NONE',  ( 441.3535533905932198, 415.1000000000000227, 20.73922846596874336 ) ) ;
#6530 = CARTESIAN_POINT ( 'NONE',  ( 441.0000000000000000, 297.6953627209855426, 25.07381837242081346 ) ) ;
#6531 = CARTESIAN_POINT ( 'NONE',  ( 443.9999936775068363, 470.5887913844095465, -32.99212978198413282 ) ) ;
#6532 = VERTEX_POINT ( 'NONE', #2852 ) ;
#6533 = DIRECTION ( 'NONE',  ( -2.478716320810480276E-16, 1.000000000000000000, 0.000000000000000000 ) ) ;
#6534 = DIRECTION ( 'NONE',  ( 0.000000000000000000, 1.000000000000000000, -0.000000000000000000 ) ) ;
#6535 = DIRECTION ( 'NONE',  ( 0.000000000000000000, 0.000000000000000000, 1.000000000000000000 ) ) ;
#6536 = LINE ( 'NONE', #8964, #3018 ) ;
#6537 = EDGE_LOOP ( 'NONE', ( #2079, #6338, #9074, #2173 ) ) ;
#6538 = CARTESIAN_POINT ( 'NONE',  ( 445.0187135159243326, 534.4922420140281929, -4.814954772416516704 ) ) ;
#6539 = CARTESIAN_POINT ( 'NONE',  ( 451.4000000000432351, 295.3611897805233184, -20.34111362466466488 ) ) ;
#6540 = DIRECTION ( 'NONE',  ( 0.000000000000000000, 0.000000000000000000, -1.000000000000000000 ) ) ;
#6541 = ORIENTED_EDGE ( 'NONE', *, *, #7667, .T. ) ;
#6542 = VECTOR ( 'NONE', #9735, 1000.000000000000000 ) ;
#6543 = CARTESIAN_POINT ( 'NONE',  ( 440.0000000000001705, 542.5371310985734681, 3.247304076771257986 ) ) ;
#6544 = ADVANCED_FACE ( 'NONE', ( #2083 ), #1228, .F. ) ;
#6545 = SPHERICAL_SURFACE ( 'NONE', #967, 4.000000000000000000 ) ;
#6546 = DIRECTION ( 'NONE',  ( 1.000000000000000000, 0.000000000000000000, 0.000000000000000000 ) ) ;
#6547 = EDGE_CURVE ( 'NONE', #8139, #487, #1934, .T. ) ;
#6548 = CIRCLE ( 'NONE', #2922, 3.999999999999982681 ) ;
#6549 = CARTESIAN_POINT ( 'NONE',  ( 445.0846366923382789, 534.3604643982597509, -3.763271607418768205 ) ) ;
#6550 = ORIENTED_EDGE ( 'NONE', *, *, #10204, .F. ) ;
#6551 = DIRECTION ( 'NONE',  ( 0.000000000000000000, 1.000000000000000000, 0.000000000000000000 ) ) ;
#6552 = CARTESIAN_POINT ( 'NONE',  ( 443.4999999999999432, 417.6000000000000227, 24.93922846596874976 ) ) ;
#6553 = ORIENTED_EDGE ( 'NONE', *, *, #5887, .F. ) ;
#6554 = CARTESIAN_POINT ( 'NONE',  ( 414.1013001465779553, 533.4031315574561631, -20.63389523536494252 ) ) ;
#6555 = CIRCLE ( 'NONE', #762, 19.00000000000001776 ) ;
#6556 = DIRECTION ( 'NONE',  ( 0.000000000000000000, 0.9725907656757107889, 0.2325235526185131241 ) ) ;
#6557 = ORIENTED_EDGE ( 'NONE', *, *, #8685, .F. ) ;
#6558 = EDGE_CURVE ( 'NONE', #1871, #15, #8237, .T. ) ;
#6559 = EDGE_CURVE ( 'NONE', #3296, #3071, #8385, .T. ) ;
#6560 = CARTESIAN_POINT ( 'NONE',  ( 441.0000000000001705, 296.4987249287773352, 18.54911169371425572 ) ) ;
#6561 = CARTESIAN_POINT ( 'NONE',  ( 442.5999999999999091, 296.5668821424362136, 26.36996142652803954 ) ) ;
#6562 = CIRCLE ( 'NONE', #8699, 8.280000000000091731 ) ;
#6563 = ORIENTED_EDGE ( 'NONE', *, *, #5828, .T. ) ;
#6564 = CARTESIAN_POINT ( 'NONE',  ( 443.9992776142464663, 471.8301119558525443, -36.79539827542514274 ) ) ;
#6565 = ORIENTED_EDGE ( 'NONE', *, *, #5168, .F. ) ;
#6566 = CARTESIAN_POINT ( 'NONE',  ( 471.0732000679998919, 389.2132045783019407, 48.59867026708830196 ) ) ;
#6567 = EDGE_CURVE ( 'NONE', #2722, #753, #2542, .T. ) ;
#6568 = CARTESIAN_POINT ( 'NONE',  ( 416.7146767032516550, 517.8281383591253189, 56.58485080496288333 ) ) ;
#6569 = ORIENTED_EDGE ( 'NONE', *, *, #3340, .F. ) ;
#6570 = CARTESIAN_POINT ( 'NONE',  ( 451.3999999999999204, 276.9938854097435978, -14.82214188486084083 ) ) ;
#6571 = ORIENTED_EDGE ( 'NONE', *, *, #7539, .T. ) ;
#6572 = CIRCLE ( 'NONE', #2115, 3.999999999999984901 ) ;
#6573 = VERTEX_POINT ( 'NONE', #2227 ) ;
#6574 = B_SPLINE_CURVE_WITH_KNOTS ( 'NONE', 3,
 ( #3392, #7096, #9630, #2459, #4933, #4878, #8705, #3958, #8753, #954, #5554, #9685, #6, #1677, #4772, #1735, #4174, #844 ),
 .UNSPECIFIED., .F., .F.,
 ( 4, 2, 2, 2, 2, 2, 2, 2, 4 ),
 ( 0.000000000000000000, 0.0008604845802148249805, 0.001720969160429649961, 0.002581453740644475050, 0.003441938320859299922, 0.004302422901074125228, 0.005162907481288950100, 0.006023392061503774972, 0.006883876641718599844 ),
 .UNSPECIFIED. ) ;
#6575 = CARTESIAN_POINT ( 'NONE',  ( 461.9999999999998863, 449.6000000000000796, 46.58485080497851527 ) ) ;
#6576 = PLANE ( 'NONE',  #7103 ) ;
#6577 = DIRECTION ( 'NONE',  ( 0.000000000000000000, 0.000000000000000000, 1.000000000000000000 ) ) ;
#6578 = LINE ( 'NONE', #5024, #1671 ) ;
#6579 = CARTESIAN_POINT ( 'NONE',  ( 447.4999999999999432, 417.6000000000000227, 56.58485080497850817 ) ) ;
#6580 = ORIENTED_EDGE ( 'NONE', *, *, #8204, .T. ) ;
#6581 = CARTESIAN_POINT ( 'NONE',  ( 445.4000000000035584, 297.1790432595140601, 26.59299418639774970 ) ) ;
#6582 = AXIS2_PLACEMENT_3D ( 'NONE', #6520, #8735, #9665 ) ;
#6583 =( BOUNDED_CURVE ( )  B_SPLINE_CURVE ( 3, ( #8567, #7795, #7747, #8613 ),
 .UNSPECIFIED., .F., .F. ) 
 B_SPLINE_CURVE_WITH_KNOTS ( ( 4, 4 ),
 ( 3.141592653589793116, 4.712388980384689674 ),
 .UNSPECIFIED. ) 
 CURVE ( )  GEOMETRIC_REPRESENTATION_ITEM ( )  RATIONAL_B_SPLINE_CURVE ( ( 1.000000000000000000, 0.8047378541243649375, 0.8047378541243649375, 1.000000000000000000 ) ) 
 REPRESENTATION_ITEM ( '' )  );
#6584 = CARTESIAN_POINT ( 'NONE',  ( 441.2590021925647648, 421.6738936734761864, 15.12517282329602253 ) ) ;
#6585 = LINE ( 'NONE', #1832, #5064 ) ;
#6586 = ORIENTED_EDGE ( 'NONE', *, *, #4238, .T. ) ;
#6587 = ADVANCED_FACE ( 'NONE', ( #1495 ), #3051, .F. ) ;
#6588 = AXIS2_PLACEMENT_3D ( 'NONE', #7697, #19, #10161 ) ;
#6589 = CARTESIAN_POINT ( 'NONE',  ( 447.5000000000000000, 370.4938854097436547, -23.15758699032833334 ) ) ;
#6590 = CARTESIAN_POINT ( 'NONE',  ( 440.9999999999998863, 461.5999999999999659, -28.41514919502134617 ) ) ;
#6591 = DIRECTION ( 'NONE',  ( 1.000000000000000000, 0.000000000000000000, 0.000000000000000000 ) ) ;
#6592 = CARTESIAN_POINT ( 'NONE',  ( 419.3292571185267548, 524.1034027882833470, -15.03766668192264433 ) ) ;
#6593 = LINE ( 'NONE', #1221, #6542 ) ;
#6594 = DIRECTION ( 'NONE',  ( 0.000000000000000000, 1.000000000000000000, -0.000000000000000000 ) ) ;
#6595 = EDGE_LOOP ( 'NONE', ( #8486, #5362 ) ) ;
#6596 = VECTOR ( 'NONE', #6485, 1000.000000000000114 ) ;
#6597 = CARTESIAN_POINT ( 'NONE',  ( 445.4000000000000909, 297.3233250367959499, 26.62996359750182407 ) ) ;
#6598 = CARTESIAN_POINT ( 'NONE',  ( 453.6999999999999318, 461.3500000000000227, 10.50172846596876042 ) ) ;
#6599 = CARTESIAN_POINT ( 'NONE',  ( 440.9999999999994316, 296.9525571514882927, -20.04505811612348509 ) ) ;
#6600 = CARTESIAN_POINT ( 'NONE',  ( 440.0000000000001137, 541.0537028989186865, 0.4853358283322769529 ) ) ;
#6601 = ORIENTED_EDGE ( 'NONE', *, *, #2785, .T. ) ;
#6602 = CARTESIAN_POINT ( 'NONE',  ( 429.6526740142684275, 554.7104643982598873, 9.929720804978485305 ) ) ;
#6603 = LINE ( 'NONE', #4341, #1960 ) ;
#6604 = CARTESIAN_POINT ( 'NONE',  ( 336.0902124738105385, 411.7398115790518887, 47.81516158220465940 ) ) ;
#6605 = DIRECTION ( 'NONE',  ( -1.000000000000000000, -2.478716320810480276E-16, -0.000000000000000000 ) ) ;
#6606 = ORIENTED_EDGE ( 'NONE', *, *, #7312, .T. ) ;
#6607 = EDGE_CURVE ( 'NONE', #8378, #1192, #1887, .T. ) ;
#6608 = EDGE_CURVE ( 'NONE', #6751, #173, #3928, .T. ) ;
#6609 = CARTESIAN_POINT ( 'NONE',  ( 442.5999999999999091, 295.8791529259178787, 25.95411795662520049 ) ) ;
#6610 = B_SPLINE_CURVE_WITH_KNOTS ( 'NONE', 3,
 ( #8671, #3580, #2904, #6010, #311, #8341, #9098, #5960, #9050, #6724, #2701, #5911, #3477, #1980 ),
 .UNSPECIFIED., .F., .F.,
 ( 4, 2, 2, 2, 2, 2, 4 ),
 ( 0.01565351558179556291, 0.01677255777816539020, 0.01789159997453521750, 0.02012968436727487209, 0.02124872656364469939, 0.02236776876001452669, 0.02460585315275418128 ),
 .UNSPECIFIED. ) ;
#6611 = CARTESIAN_POINT ( 'NONE',  ( 461.9999999999998863, 433.1000000000000227, 46.58485080497851527 ) ) ;
#6612 = ORIENTED_EDGE ( 'NONE', *, *, #6645, .F. ) ;
#6613 = LINE ( 'NONE', #7741, #9262 ) ;
#6614 = ORIENTED_EDGE ( 'NONE', *, *, #2825, .T. ) ;
#6615 = DIRECTION ( 'NONE',  ( 1.000000000000000000, 0.000000000000000000, 0.000000000000000000 ) ) ;
#6616 = ADVANCED_FACE ( 'NONE', ( #9340 ), #5418, .F. ) ;
#6617 = CARTESIAN_POINT ( 'NONE',  ( 447.2857966636910874, 518.9508231885549776, 56.58485080497728603 ) ) ;
#6618 = VERTEX_POINT ( 'NONE', #7799 ) ;
#6619 = ADVANCED_FACE ( 'NONE', ( #3149 ), #2318, .F. ) ;
#6620 = DIRECTION ( 'NONE',  ( 0.000000000000000000, 0.000000000000000000, -1.000000000000000000 ) ) ;
#6621 = AXIS2_PLACEMENT_3D ( 'NONE', #4981, #1055, #8039 ) ;
#6622 = CARTESIAN_POINT ( 'NONE',  ( 447.4999999999999432, 411.6000000000000227, 14.23922846596874514 ) ) ;
#6623 = EDGE_CURVE ( 'NONE', #7301, #2203, #705, .T. ) ;
#6624 = VERTEX_POINT ( 'NONE', #761 ) ;
#6625 = FACE_OUTER_BOUND ( 'NONE', #4537, .T. ) ;
#6626 = EDGE_CURVE ( 'NONE', #8834, #7023, #7501, .T. ) ;
#6627 = VERTEX_POINT ( 'NONE', #3880 ) ;
#6628 = CARTESIAN_POINT ( 'NONE',  ( 474.0333209967906782, 484.1912265117933316, 56.58485080497850817 ) ) ;
#6629 = FACE_OUTER_BOUND ( 'NONE', #101, .T. ) ;
#6630 = VECTOR ( 'NONE', #1523, 1000.000000000000000 ) ;
#6631 = LINE ( 'NONE', #6012, #6082 ) ;
#6632 = VECTOR ( 'NONE', #8399, 1000.000000000000000 ) ;
#6633 = DIRECTION ( 'NONE',  ( 1.000000000000000000, 2.478716320810480276E-16, 0.000000000000000000 ) ) ;
#6634 = CARTESIAN_POINT ( 'NONE',  ( 416.9611309306110343, 522.0002139378420907, 55.10384410675965228 ) ) ;
#6635 = VERTEX_POINT ( 'NONE', #6203 ) ;
#6636 = CARTESIAN_POINT ( 'NONE',  ( 445.3999999999999204, 297.4047479695992706, 26.64942990364847475 ) ) ;
#6637 = CIRCLE ( 'NONE', #7949, 4.000000000000003553 ) ;
#6638 = CARTESIAN_POINT ( 'NONE',  ( 461.9999999999998863, 429.6000000000000227, -32.91514919502149894 ) ) ;
#6639 = DIRECTION ( 'NONE',  ( 2.478716320810480276E-16, -1.000000000000000000, -1.387778780781444492E-15 ) ) ;
#6640 = ORIENTED_EDGE ( 'NONE', *, *, #3134, .T. ) ;
#6641 = EDGE_CURVE ( 'NONE', #6091, #8790, #5614, .T. ) ;
#6642 = CYLINDRICAL_SURFACE ( 'NONE', #2490, 3.999999999999823252 ) ;
#6643 = DIRECTION ( 'NONE',  ( -1.000000000000000000, -2.478716320810480276E-16, -0.000000000000000000 ) ) ;
#6644 = DIRECTION ( 'NONE',  ( 0.000000000000000000, 0.000000000000000000, 1.000000000000000000 ) ) ;
#6645 = EDGE_CURVE ( 'NONE', #4081, #2948, #7604, .T. ) ;
#6646 = LINE ( 'NONE', #2670, #2282 ) ;
#6647 = CARTESIAN_POINT ( 'NONE',  ( 465.9999999999998863, 449.6000000000000796, 43.08485080497851527 ) ) ;
#6648 = VECTOR ( 'NONE', #8288, 1000.000000000000000 ) ;
#6649 = CARTESIAN_POINT ( 'NONE',  ( 451.3999999999999204, 286.8333081229242225, -15.60649365081390094 ) ) ;
#6650 = ORIENTED_EDGE ( 'NONE', *, *, #8267, .T. ) ;
#6651 = CARTESIAN_POINT ( 'NONE',  ( 480.9999999999999432, 422.6174999999979605, 56.58485080497850817 ) ) ;
#6652 = CARTESIAN_POINT ( 'NONE',  ( 448.7312027884037207, 363.5963149765636899, -3.843981422552166460 ) ) ;
#6653 = DIRECTION ( 'NONE',  ( 0.000000000000000000, 1.387778780781445922E-16, 1.000000000000000000 ) ) ;
#6654 = VECTOR ( 'NONE', #1839, 1000.000000000000000 ) ;
#6655 = CARTESIAN_POINT ( 'NONE',  ( 440.9999999999999432, 411.6000000000000227, -9.614324924624547464 ) ) ;
#6656 = EDGE_LOOP ( 'NONE', ( #4439, #9401, #3651, #3833, #4409 ) ) ;
#6657 = CARTESIAN_POINT ( 'NONE',  ( 445.3999999999715556, 294.1028152757177736, 20.67219745368941730 ) ) ;
#6658 = DIRECTION ( 'NONE',  ( 0.000000000000000000, -0.9725907656757107889, -0.2325235526185132628 ) ) ;
#6659 = CARTESIAN_POINT ( 'NONE',  ( 453.6999999999999318, 453.0999999999999659, 10.50172846596876042 ) ) ;
#6660 = CARTESIAN_POINT ( 'NONE',  ( 481.0009999999999195, 362.4938854097436547, 6.790891503351486946 ) ) ;
#6661 = ORIENTED_EDGE ( 'NONE', *, *, #5816, .T. ) ;
#6662 = AXIS2_PLACEMENT_3D ( 'NONE', #9087, #8520, #1442 ) ;
#6663 = CARTESIAN_POINT ( 'NONE',  ( 441.0000000000000000, 295.8805261489486043, 23.28867138540886472 ) ) ;
#6664 = CYLINDRICAL_SURFACE ( 'NONE', #6678, 15.00000000000000000 ) ;
#6665 = ORIENTED_EDGE ( 'NONE', *, *, #477, .F. ) ;
#6666 = CARTESIAN_POINT ( 'NONE',  ( 441.3535533905932198, 405.1000000000000227, 5.739228465968743365 ) ) ;
#6667 = ORIENTED_EDGE ( 'NONE', *, *, #5860, .F. ) ;
#6668 = DIRECTION ( 'NONE',  ( -1.000000000000000000, -0.000000000000000000, 0.000000000000000000 ) ) ;
#6669 = DIRECTION ( 'NONE',  ( -0.000000000000000000, -1.387778780781445922E-16, -1.000000000000000000 ) ) ;
#6670 = EDGE_LOOP ( 'NONE', ( #8071, #7912, #2657, #5723 ) ) ;
#6671 = LINE ( 'NONE', #2024, #2594 ) ;
#6672 = CARTESIAN_POINT ( 'NONE',  ( 428.9999999999999432, 458.1912265117932179, 0.1778581151391607218 ) ) ;
#6673 = VERTEX_POINT ( 'NONE', #1700 ) ;
#6674 = DIRECTION ( 'NONE',  ( 0.000000000000000000, 0.000000000000000000, 1.000000000000000000 ) ) ;
#6675 = ORIENTED_EDGE ( 'NONE', *, *, #9497, .T. ) ;
#6676 = ADVANCED_FACE ( 'NONE', ( #3356 ), #9545, .F. ) ;
#6677 = VECTOR ( 'NONE', #8896, 1000.000000000000000 ) ;
#6678 = AXIS2_PLACEMENT_3D ( 'NONE', #9812, #8223, #2636 ) ;
#6679 = DIRECTION ( 'NONE',  ( 0.000000000000000000, -8.285246452426540611E-16, 1.000000000000000000 ) ) ;
#6680 = CARTESIAN_POINT ( 'NONE',  ( 474.0333209967906782, 484.1912265117933316, -32.76094451107383776 ) ) ;
#6681 = DIRECTION ( 'NONE',  ( 0.000000000000000000, 1.387778780781445922E-16, 1.000000000000000000 ) ) ;
#6682 = EDGE_CURVE ( 'NONE', #9181, #6089, #193, .T. ) ;
#6683 = DIRECTION ( 'NONE',  ( -2.442193098255954051E-16, 0.9852652672482568041, -0.1710331931357803315 ) ) ;
#6684 = CARTESIAN_POINT ( 'NONE',  ( 461.9999999999998863, 449.6000000000000796, 50.58485080497850817 ) ) ;
#6685 = ADVANCED_FACE ( 'NONE', ( #3410 ), #4848, .F. ) ;
#6686 = ORIENTED_EDGE ( 'NONE', *, *, #4964, .T. ) ;
#6687 = CARTESIAN_POINT ( 'NONE',  ( 443.5333333333332462, 297.0952331286823664, -14.68605186448339239 ) ) ;
#6688 = CARTESIAN_POINT ( 'NONE',  ( 480.9999999999999432, 285.7438236647383292, 18.59122402630373472 ) ) ;
#6689 = VERTEX_POINT ( 'NONE', #7334 ) ;
#6690 = EDGE_CURVE ( 'NONE', #2840, #8055, #3202, .T. ) ;
#6691 = DIRECTION ( 'NONE',  ( 0.4811487826946999058, -0.8333741376271405210, -0.2719988890521949365 ) ) ;
#6692 = AXIS2_PLACEMENT_3D ( 'NONE', #9549, #7340, #5690 ) ;
#6693 = LINE ( 'NONE', #4427, #674 ) ;
#6694 = LINE ( 'NONE', #3490, #7335 ) ;
#6695 = EDGE_CURVE ( 'NONE', #2739, #7431, #9427, .T. ) ;
#6696 = LINE ( 'NONE', #7364, #8881 ) ;
#6697 = CARTESIAN_POINT ( 'NONE',  ( 442.5999999999999659, 276.9938854097437115, 0.1778581151391607218 ) ) ;
#6698 = CARTESIAN_POINT ( 'NONE',  ( 480.8868556535322227, 461.6205360840734215, 40.66454280780943265 ) ) ;
#6699 = ORIENTED_EDGE ( 'NONE', *, *, #7242, .T. ) ;
#6700 = PLANE ( 'NONE',  #7772 ) ;
#6701 = CARTESIAN_POINT ( 'NONE',  ( 459.3999999999999204, 308.7948825839263236, 19.09072618763480023 ) ) ;
#6702 = DIRECTION ( 'NONE',  ( 0.000000000000000000, 0.000000000000000000, 1.000000000000000000 ) ) ;
#6703 = ORIENTED_EDGE ( 'NONE', *, *, #5221, .F. ) ;
#6704 = CARTESIAN_POINT ( 'NONE',  ( 445.3999999999135184, 294.2091602858066040, 20.08832681872874204 ) ) ;
#6705 = DIRECTION ( 'NONE',  ( 1.000000000000000000, 0.000000000000000000, 0.000000000000000000 ) ) ;
#6706 = CARTESIAN_POINT ( 'NONE',  ( 443.5000000000000000, 366.4938854097435978, 56.58485080497862185 ) ) ;
#6707 = EDGE_LOOP ( 'NONE', ( #8462, #5312, #4590, #5238 ) ) ;
#6708 = AXIS2_PLACEMENT_3D ( 'NONE', #7838, #4771, #8654 ) ;
#6709 = ADVANCED_FACE ( 'NONE', ( #4249 ), #9914, .F. ) ;
#6710 = CARTESIAN_POINT ( 'NONE',  ( 442.5999999999996817, 297.0147232213037114, 26.54649767044163156 ) ) ;
#6711 = CARTESIAN_POINT ( 'NONE',  ( 413.9989999999999668, 532.3604643982597509, -1.259298635860401320E-12 ) ) ;
#6712 = VECTOR ( 'NONE', #1638, 1000.000000000000000 ) ;
#6713 = VERTEX_POINT ( 'NONE', #346 ) ;
#6714 = DIRECTION ( 'NONE',  ( 0.000000000000000000, 0.000000000000000000, -1.000000000000000000 ) ) ;
#6715 = ORIENTED_EDGE ( 'NONE', *, *, #4296, .T. ) ;
#6716 = DIRECTION ( 'NONE',  ( -2.482414054536381163E-31, -8.285246452426542583E-16, -1.000000000000000000 ) ) ;
#6717 = DIRECTION ( 'NONE',  ( 0.000000000000000000, 0.000000000000000000, -1.000000000000000000 ) ) ;
#6718 = ORIENTED_EDGE ( 'NONE', *, *, #4027, .T. ) ;
#6719 = DIRECTION ( 'NONE',  ( -2.442193098255954051E-16, 0.9852652672482568041, -0.1710331931357803315 ) ) ;
#6720 = DIRECTION ( 'NONE',  ( 0.000000000000000000, 0.000000000000000000, 1.000000000000000000 ) ) ;
#6721 = ORIENTED_EDGE ( 'NONE', *, *, #5404, .F. ) ;
#6722 = DIRECTION ( 'NONE',  ( -1.000000000000000000, -2.478716320810480276E-16, -0.000000000000000000 ) ) ;
#6723 = EDGE_LOOP ( 'NONE', ( #6463, #6444, #1697, #6729 ) ) ;
#6724 = CARTESIAN_POINT ( 'NONE',  ( 447.4779471123145527, 429.6000000000001364, -1.243857219584266094 ) ) ;
#6725 = CARTESIAN_POINT ( 'NONE',  ( 448.1066666666666833, 297.0952331286823664, -14.68605186448339239 ) ) ;
#6726 = CARTESIAN_POINT ( 'NONE',  ( 471.0732000679998919, 302.6526264331637321, 27.90407408404064071 ) ) ;
#6727 = CARTESIAN_POINT ( 'NONE',  ( 465.9999999999998863, 449.6000000000000796, -32.91514919502149894 ) ) ;
#6728 = DIRECTION ( 'NONE',  ( -2.478716320810480276E-16, 1.000000000000000000, 0.000000000000000000 ) ) ;
#6729 = ORIENTED_EDGE ( 'NONE', *, *, #7944, .T. ) ;
#6730 = ORIENTED_EDGE ( 'NONE', *, *, #9372, .T. ) ;
#6731 = AXIS2_PLACEMENT_3D ( 'NONE', #6081, #545, #3713 ) ;
#6732 = DIRECTION ( 'NONE',  ( 0.000000000000000000, 0.000000000000000000, 1.000000000000000000 ) ) ;
#6733 = DIRECTION ( 'NONE',  ( 0.000000000000000000, 0.000000000000000000, -1.000000000000000000 ) ) ;
#6734 = ORIENTED_EDGE ( 'NONE', *, *, #8946, .T. ) ;
#6735 = ADVANCED_FACE ( 'NONE', ( #1967 ), #5947, .F. ) ;
#6736 = ADVANCED_FACE ( 'NONE', ( #5109, #3568 ), #1188, .F. ) ;
#6737 = CARTESIAN_POINT ( 'NONE',  ( 336.0902124738105385, 366.4938854097437115, 17.49089150335155907 ) ) ;
#6738 = CIRCLE ( 'NONE', #1791, 4.000000000000003553 ) ;
#6739 = CARTESIAN_POINT ( 'NONE',  ( 440.1217163723802059, 530.4166096226326772, -23.45931361521465774 ) ) ;
#6740 = CARTESIAN_POINT ( 'NONE',  ( 479.9577062316873253, 468.5503855319574882, -43.65137797472398518 ) ) ;
#6741 = CARTESIAN_POINT ( 'NONE',  ( 455.2431736307210031, 516.7361677853173205, 56.55577752755804966 ) ) ;
#6742 = ADVANCED_FACE ( 'NONE', ( #8173 ), #9864, .F. ) ;
#6743 = CARTESIAN_POINT ( 'NONE',  ( 451.3999999999997499, 292.7980981099721021, -28.30085216841596818 ) ) ;
#6744 = LINE ( 'NONE', #2870, #2641 ) ;
#6745 = EDGE_CURVE ( 'NONE', #173, #1095, #7833, .T. ) ;
#6746 = ORIENTED_EDGE ( 'NONE', *, *, #9602, .T. ) ;
#6747 = CARTESIAN_POINT ( 'NONE',  ( 441.0000000000001705, 296.9577926942123440, -19.48043891049688270 ) ) ;
#6748 = CARTESIAN_POINT ( 'NONE',  ( 440.9999999999999432, 295.6721727973338716, 22.36401313865621177 ) ) ;
#6749 = DIRECTION ( 'NONE',  ( -0.000000000000000000, -0.000000000000000000, 1.000000000000000000 ) ) ;
#6750 = CARTESIAN_POINT ( 'NONE',  ( 443.9999999999999432, 545.5050413115128549, 0.2569179400814223801 ) ) ;
#6751 = VERTEX_POINT ( 'NONE', #299 ) ;
#6752 = CARTESIAN_POINT ( 'NONE',  ( 422.8526740142684730, 526.0728315120054503, -14.85001997201149138 ) ) ;
#6753 = LINE ( 'NONE', #8217, #6894 ) ;
#6754 = CARTESIAN_POINT ( 'NONE',  ( 465.9999999999998863, 433.1000000000000227, -32.91514919502149894 ) ) ;
#6755 = CARTESIAN_POINT ( 'NONE',  ( 435.5218492451980978, 532.2754987473886104, -22.85260439065865512 ) ) ;
#6756 = VERTEX_POINT ( 'NONE', #2738 ) ;
#6757 = VECTOR ( 'NONE', #6008, 1000.000000000000000 ) ;
#6758 = EDGE_CURVE ( 'NONE', #9181, #4963, #4449, .T. ) ;
#6759 = CARTESIAN_POINT ( 'NONE',  ( 442.5999999999997385, 294.7421651885039751, 18.51188134344299030 ) ) ;
#6760 = DIRECTION ( 'NONE',  ( 1.000000000000000000, 0.000000000000000000, 0.000000000000000000 ) ) ;
#6761 = ORIENTED_EDGE ( 'NONE', *, *, #4297, .T. ) ;
#6762 = CARTESIAN_POINT ( 'NONE',  ( 422.8526740142684730, 528.3604643982597509, -11.23507891194398134 ) ) ;
#6763 = ORIENTED_EDGE ( 'NONE', *, *, #1438, .T. ) ;
#6764 = CARTESIAN_POINT ( 'NONE',  ( 440.9999999999998295, 424.8500000000000796, 8.317661049476738455 ) ) ;
#6765 = CIRCLE ( 'NONE', #3642, 4.000000000000007105 ) ;
#6766 = CARTESIAN_POINT ( 'NONE',  ( 416.1555733886666530, 523.9955624437227470, 52.87568511483208766 ) ) ;
#6767 = EDGE_CURVE ( 'NONE', #4832, #3071, #2015, .T. ) ;
#6768 = ORIENTED_EDGE ( 'NONE', *, *, #7935, .F. ) ;
#6769 = CARTESIAN_POINT ( 'NONE',  ( 336.0902124738105385, 370.4938854097436547, -23.15758699032833334 ) ) ;
#6770 = CARTESIAN_POINT ( 'NONE',  ( 436.3108891324553156, 488.0668708588108871, -37.28153508252391646 ) ) ;
#6771 = EDGE_LOOP ( 'NONE', ( #9134, #5186, #4805, #5352 ) ) ;
#6772 = DIRECTION ( 'NONE',  ( -0.000000000000000000, -0.000000000000000000, -1.000000000000000000 ) ) ;
#6773 = VERTEX_POINT ( 'NONE', #2067 ) ;
#6774 = CARTESIAN_POINT ( 'NONE',  ( 480.9999999999999432, 286.8333081229242225, -17.60649365081390272 ) ) ;
#6775 = CARTESIAN_POINT ( 'NONE',  ( 444.2933333333333508, 297.0952331286823664, -14.68605186448339239 ) ) ;
#6776 = PERSON_AND_ORGANIZATION ( #4277, #4175 ) ;
#6777 = CARTESIAN_POINT ( 'NONE',  ( 480.9999999999999432, 425.6000000000000227, -32.91514919502150605 ) ) ;
#6778 = CARTESIAN_POINT ( 'NONE',  ( 480.9999999999999432, 286.8333081229242225, -15.60649365081390094 ) ) ;
#6779 = DIRECTION ( 'NONE',  ( 0.000000000000000000, 0.000000000000000000, 1.000000000000000000 ) ) ;
#6780 = VERTEX_POINT ( 'NONE', #1240 ) ;
#6781 = AXIS2_PLACEMENT_3D ( 'NONE', #6737, #2864, #2095 ) ;
#6782 = VERTEX_POINT ( 'NONE', #3463 ) ;
#6783 = DIRECTION ( 'NONE',  ( 1.000000000000000000, -0.000000000000000000, 0.000000000000000000 ) ) ;
#6784 = ORIENTED_EDGE ( 'NONE', *, *, #9625, .T. ) ;
#6785 = CIRCLE ( 'NONE', #8117, 3.999999999999996891 ) ;
#6786 = VECTOR ( 'NONE', #2611, 1000.000000000000000 ) ;
#6787 = CARTESIAN_POINT ( 'NONE',  ( 440.9999999999998863, 461.5999999999999659, -6.760771534031158048 ) ) ;
#6788 = DIRECTION ( 'NONE',  ( 1.000000000000000000, 0.000000000000000000, 0.000000000000000000 ) ) ;
#6789 = FACE_OUTER_BOUND ( 'NONE', #7359, .T. ) ;
#6790 = CARTESIAN_POINT ( 'NONE',  ( 445.3999999999134616, 295.8200339182598668, -22.37812846884668261 ) ) ;
#6791 = CARTESIAN_POINT ( 'NONE',  ( 414.0000000000000000, 547.1870361738548354, -0.08831616967441635602 ) ) ;
#6792 = ORIENTED_EDGE ( 'NONE', *, *, #790, .F. ) ;
#6793 = CIRCLE ( 'NONE', #846, 4.000000000000003553 ) ;
#6794 = CARTESIAN_POINT ( 'NONE',  ( 441.0000000000003979, 297.7166062948615490, -22.44226214733127023 ) ) ;
#6795 = ADVANCED_FACE ( 'NONE', ( #3512 ), #6664, .F. ) ;
#6796 = DIRECTION ( 'NONE',  ( 0.000000000000000000, 1.000000000000000000, -1.374084517793742623E-16 ) ) ;
#6797 = CARTESIAN_POINT ( 'NONE',  ( 480.9999999999999432, 416.1973064227058785, 55.04993368281833455 ) ) ;
#6798 = EDGE_CURVE ( 'NONE', #1932, #3811, #6023, .T. ) ;
#6799 = CARTESIAN_POINT ( 'NONE',  ( 439.9999999999999432, 543.3058194209356770, 4.969217458960352829 ) ) ;
#6800 = ORIENTED_EDGE ( 'NONE', *, *, #8256, .F. ) ;
#6801 = VECTOR ( 'NONE', #7960, 1000.000000000000000 ) ;
#6802 = CARTESIAN_POINT ( 'NONE',  ( 425.2181695657013734, 521.6969009780389115, 46.58485080497848685 ) ) ;
#6803 = EDGE_CURVE ( 'NONE', #7986, #9694, #7592, .T. ) ;
#6804 = DIRECTION ( 'NONE',  ( 0.000000000000000000, 1.000000000000000000, -6.071532165918819308E-15 ) ) ;
#6805 = CARTESIAN_POINT ( 'NONE',  ( 451.1174202944740159, 528.2823203354965926, -24.15590868433631755 ) ) ;
#6806 = ORIENTED_EDGE ( 'NONE', *, *, #7735, .T. ) ;
#6807 = DIRECTION ( 'NONE',  ( 0.000000000000000000, -1.000000000000000000, 0.000000000000000000 ) ) ;
#6808 = CIRCLE ( 'NONE', #5651, 6.500000000000005329 ) ;
#6809 = DIRECTION ( 'NONE',  ( 0.000000000000000000, 1.000000000000000000, 0.000000000000000000 ) ) ;
#6810 = ORIENTED_EDGE ( 'NONE', *, *, #4168, .T. ) ;
#6811 = CARTESIAN_POINT ( 'NONE',  ( 443.9999999999999432, 547.6169947902920967, 14.76465654410455386 ) ) ;
#6812 = ORIENTED_EDGE ( 'NONE', *, *, #483, .F. ) ;
#6813 = CARTESIAN_POINT ( 'NONE',  ( 444.5932000679999305, 303.3501970910192540, 24.98630178701351312 ) ) ;
#6814 = CARTESIAN_POINT ( 'NONE',  ( 447.5000000000000000, 255.9938854097438252, -9.460771534031659158 ) ) ;
#6815 = ORIENTED_EDGE ( 'NONE', *, *, #2642, .F. ) ;
#6816 = CARTESIAN_POINT ( 'NONE',  ( 448.5932000679999305, 303.3501970910192540, 24.98630178701351312 ) ) ;
#6817 = EDGE_CURVE ( 'NONE', #2356, #215, #1862, .T. ) ;
#6818 = LINE ( 'NONE', #7749, #4830 ) ;
#6819 = VECTOR ( 'NONE', #4350, 1000.000000000000000 ) ;
#6820 = ORIENTED_EDGE ( 'NONE', *, *, #7777, .T. ) ;
#6821 = CARTESIAN_POINT ( 'NONE',  ( 480.7858276059785112, 462.9092753654324497, -33.94532620812968560 ) ) ;
#6822 = ORIENTED_EDGE ( 'NONE', *, *, #3137, .T. ) ;
#6823 = CARTESIAN_POINT ( 'NONE',  ( 422.8526740142684730, 524.3604643982598645, -11.23507891194397246 ) ) ;
#6824 = CARTESIAN_POINT ( 'NONE',  ( 451.9199999999997885, 289.0692543060682169, 24.65660962622504826 ) ) ;
#6825 = COORDINATED_UNIVERSAL_TIME_OFFSET ( 8, 0, .BEHIND. ) ;
#6826 = CARTESIAN_POINT ( 'NONE',  ( 422.8526740142684730, 532.3604643982598645, 35.69889116825613939 ) ) ;
#6828 = ORIENTED_EDGE ( 'NONE', *, *, #986, .F. ) ;
#6827 = AXIS2_PLACEMENT_3D ( 'NONE', #9826, #2750, #2995 ) ;
#6829 = DIRECTION ( 'NONE',  ( 1.000000000000000000, 0.000000000000000000, 0.000000000000000000 ) ) ;
#6830 = VECTOR ( 'NONE', #3890, 1000.000000000000000 ) ;
#6831 = DIRECTION ( 'NONE',  ( 0.000000000000000000, 0.9725907656757107889, 0.2325235526185136237 ) ) ;
#6832 = ORIENTED_EDGE ( 'NONE', *, *, #5993, .T. ) ;
#6833 = VERTEX_POINT ( 'NONE', #6611 ) ;
#6834 = CARTESIAN_POINT ( 'NONE',  ( 442.5999999999999091, 297.9542050976156133, -24.63834602259536766 ) ) ;
#6835 = VERTEX_POINT ( 'NONE', #9753 ) ;
#6836 = AXIS2_PLACEMENT_3D ( 'NONE', #2425, #919, #8722 ) ;
#6837 = VECTOR ( 'NONE', #7796, 1000.000000000000114 ) ;
#6838 = CARTESIAN_POINT ( 'NONE',  ( 443.9961278244917935, 477.2903820677761360, -30.57460628464849606 ) ) ;
#6839 = DIRECTION ( 'NONE',  ( 0.000000000000000000, 0.000000000000000000, 1.000000000000000000 ) ) ;
#6840 = DIRECTION ( 'NONE',  ( 0.000000000000000000, 0.000000000000000000, 1.000000000000000000 ) ) ;
#6841 = AXIS2_PLACEMENT_3D ( 'NONE', #9014, #6534, #5087 ) ;
#6842 = CARTESIAN_POINT ( 'NONE',  ( 451.3999999999999204, 289.9209517400647087, -23.78518942803724556 ) ) ;
#6843 = CARTESIAN_POINT ( 'NONE',  ( 480.6188563598390715, 464.4911885189997065, 44.96208556458184802 ) ) ;
#6844 = ORIENTED_EDGE ( 'NONE', *, *, #986, .T. ) ;
#6845 = AXIS2_PLACEMENT_3D ( 'NONE', #4420, #1262, #9101 ) ;
#6846 =( BOUNDED_SURFACE ( )  B_SPLINE_SURFACE ( 3, 2, ( 
 ( #2056, #5147, #4391 ),
 ( #9744, #1176, #7583 ),
 ( #3611, #2727, #5984 ),
 ( #1127, #4996, #5888 ),
 ( #6600, #491, #7377 ),
 ( #4289, #7530, #8361 ),
 ( #7424, #335, #6750 ),
 ( #9905, #1282, #3659 ),
 ( #9027, #4337, #287 ),
 ( #6799, #1956, #9953 ),
 ( #5777, #8923, #8260 ),
 ( #1852, #3452, #7474 ),
 ( #390, #3559, #6035 ),
 ( #6079, #684, #5304 ),
 ( #9218, #2251, #1331 ),
 ( #5255, #3906, #6947 ),
 ( #5396, #4490, #10096 ),
 ( #2106, #4624, #9172 ),
 ( #3026, #5351, #5442 ),
 ( #9364, #7730, #739 ),
 ( #6999, #9266, #6850 ),
 ( #2297, #6181, #2151 ),
 ( #6227, #3711, #8410 ),
 ( #587, #7630, #8596 ),
 ( #8456, #3806, #7045 ),
 ( #2202, #1520, #9317 ),
 ( #8551, #1474, #7835 ),
 ( #4669, #4578, #2975 ),
 ( #10002, #7778, #3851 ),
 ( #10147, #2878, #3078 ),
 ( #540, #2928, #1380 ),
 ( #8504, #4536, #1427 ),
 ( #7680, #3756, #6897 ),
 ( #10047, #6127, #639 ),
 ( #7148, #7990, #4068 ),
 ( #8652, #4008, #5604 ),
 ( #1003, #8751, #1733 ),
 ( #899, #4770, #8098 ),
 ( #2505, #7932, #6434 ),
 ( #1787, #8044, #167 ) ),
 .UNSPECIFIED., .F., .F., .T. ) 
 B_SPLINE_SURFACE_WITH_KNOTS ( ( 4, 2, 2, 2, 2, 2, 2, 2, 2, 2, 2, 2, 2, 2, 2, 2, 2, 2, 2, 4 ),
 ( 3, 3 ),
 ( -7.072814556252637885E-14, 0.003762137775736155033, 0.005643206663639596839, 0.007524275551543038211, 0.009405344439446480451, 0.01128641332734992182, 0.01222694777130164251, 0.01316748221525336320, 0.01410801665920508388, 0.01504855110315680457, 0.01598908554710852525, 0.01645935276908438646, 0.01692961999106024767, 0.01787015443501197010, 0.01881068887896368905, 0.02069175776686713042, 0.02257282665477057179, 0.02445389554267401316, 0.02633496443057745454, 0.03009710220638433728 ),
 ( 0.000000000000000000, 1.000000000000000000 ),
 .UNSPECIFIED. ) 
 GEOMETRIC_REPRESENTATION_ITEM ( )  RATIONAL_B_SPLINE_SURFACE ( (
 ( 1.000000000000000000, 0.7071067811865425767, 1.000000000000000000),
 ( 1.000000000000000000, 0.7071067811865425767, 1.000000000000000000),
 ( 1.000000000000000000, 0.7071067811865475727, 1.000000000000000000),
 ( 1.000000000000000000, 0.7071067811865475727, 1.000000000000000000),
 ( 1.000000000000000000, 0.7071067811865523467, 1.000000000000000000),
 ( 1.000000000000000000, 0.7071067811865523467, 1.000000000000000000),
 ( 1.000000000000000000, 0.7071067811865475727, 1.000000000000000000),
 ( 1.000000000000000000, 0.7071067811865475727, 1.000000000000000000),
 ( 1.000000000000000000, 0.7071067811865475727, 1.000000000000000000),
 ( 1.000000000000000000, 0.7071067811865475727, 1.000000000000000000),
 ( 1.000000000000000000, 0.7071067811865573427, 1.000000000000000000),
 ( 1.000000000000000000, 0.7071067811865573427, 1.000000000000000000),
 ( 1.000000000000000000, 0.7071067811865573427, 1.000000000000000000),
 ( 1.000000000000000000, 0.7071067811865573427, 1.000000000000000000),
 ( 1.000000000000000000, 0.7071067811865475727, 1.000000000000000000),
 ( 1.000000000000000000, 0.7071067811865475727, 1.000000000000000000),
 ( 1.000000000000000000, 0.7071067811865573427, 1.000000000000000000),
 ( 1.000000000000000000, 0.7071067811865573427, 1.000000000000000000),
 ( 1.000000000000000000, 0.7071067811865475727, 1.000000000000000000),
 ( 1.000000000000000000, 0.7071067811865475727, 1.000000000000000000),
 ( 1.000000000000000000, 0.7071067811865475727, 1.000000000000000000),
 ( 1.000000000000000000, 0.7071067811865475727, 1.000000000000000000),
 ( 1.000000000000000000, 0.7071067811865475727, 1.000000000000000000),
 ( 1.000000000000000000, 0.7071067811865475727, 1.000000000000000000),
 ( 1.000000000000000000, 0.7071067811865475727, 1.000000000000000000),
 ( 1.000000000000000000, 0.7071067811865475727, 1.000000000000000000),
 ( 1.000000000000000000, 0.7071067811865475727, 1.000000000000000000),
 ( 1.000000000000000000, 0.7071067811865475727, 1.000000000000000000),
 ( 1.000000000000000000, 0.7071067811865425767, 1.000000000000000000),
 ( 1.000000000000000000, 0.7071067811865425767, 1.000000000000000000),
 ( 1.000000000000000000, 0.7071067811865524577, 1.000000000000000000),
 ( 1.000000000000000000, 0.7071067811865524577, 1.000000000000000000),
 ( 1.000000000000000000, 0.7071067811865376918, 1.000000000000000000),
 ( 1.000000000000000000, 0.7071067811865376918, 1.000000000000000000),
 ( 1.000000000000000000, 0.7071067811865475727, 1.000000000000000000),
 ( 1.000000000000000000, 0.7071067811865475727, 1.000000000000000000),
 ( 1.000000000000000000, 0.7071067811865376918, 1.000000000000000000),
 ( 1.000000000000000000, 0.7071067811865376918, 1.000000000000000000),
 ( 1.000000000000000000, 0.7071067811865475727, 1.000000000000000000),
 ( 1.000000000000000000, 0.7071067811865475727, 1.000000000000000000) ) ) 
 REPRESENTATION_ITEM ( '' )  SURFACE ( )  );
#6847 = CARTESIAN_POINT ( 'NONE',  ( 440.9999999999994316, 296.9525571514882927, -20.04505811612348509 ) ) ;
#6848 = CARTESIAN_POINT ( 'NONE',  ( 441.0000000000001705, 295.8506276817383878, 23.19857366956432543 ) ) ;
#6849 = CARTESIAN_POINT ( 'NONE',  ( 480.9999999999999432, 449.6000000000000796, 43.08485080497851527 ) ) ;
#6850 = CARTESIAN_POINT ( 'NONE',  ( 443.9999999999911324, 548.3779927403412557, 10.78088272970197536 ) ) ;
#6851 = EDGE_LOOP ( 'NONE', ( #8805, #513, #8433, #617, #1332 ) ) ;
#6852 = AXIS2_PLACEMENT_3D ( 'NONE', #5130, #3790, #10034 ) ;
#6853 = CARTESIAN_POINT ( 'NONE',  ( 448.8885612860601668, 453.1000000000000227, -3.859854281508408924 ) ) ;
#6854 = CARTESIAN_POINT ( 'NONE',  ( 441.1340969072670646, 421.2936438869280096, 16.86710064319633418 ) ) ;
#6855 = CARTESIAN_POINT ( 'NONE',  ( 452.7920739408830855, 529.6804131219917053, -20.90774189584539400 ) ) ;
#6856 = VERTEX_POINT ( 'NONE', #2688 ) ;
#6857 = EDGE_CURVE ( 'NONE', #6412, #3968, #4208, .T. ) ;
#6858 = CARTESIAN_POINT ( 'NONE',  ( 442.5999999999999091, 294.0493824102429699, 21.43903441429364065 ) ) ;
#6859 = EDGE_CURVE ( 'NONE', #4888, #6532, #10009, .T. ) ;
#6860 = CARTESIAN_POINT ( 'NONE',  ( 461.9999999999998863, 433.1000000000000227, 46.58485080497851527 ) ) ;
#6861 = EDGE_LOOP ( 'NONE', ( #8187, #3161, #1535, #2755 ) ) ;
#6862 = DIRECTION ( 'NONE',  ( 0.000000000000000000, 1.000000000000000000, 0.000000000000000000 ) ) ;
#6863 = ORIENTED_EDGE ( 'NONE', *, *, #5559, .F. ) ;
#6864 = LINE ( 'NONE', #557, #8352 ) ;
#6865 = CARTESIAN_POINT ( 'NONE',  ( 455.7080106521016205, 516.7480889595875624, 56.42175318248897042 ) ) ;
#6866 = VERTEX_POINT ( 'NONE', #7146 ) ;
#6867 = CARTESIAN_POINT ( 'NONE',  ( 422.8526740142684730, 529.4522355981639521, 41.86929359012680862 ) ) ;
#6868 = ADVANCED_FACE ( 'NONE', ( #6088 ), #10133, .T. ) ;
#6869 = AXIS2_PLACEMENT_3D ( 'NONE', #10062, #9282, #3876 ) ;
#6870 = EDGE_CURVE ( 'NONE', #5267, #6391, #9636, .T. ) ;
#6871 = CARTESIAN_POINT ( 'NONE',  ( 449.2319165179807214, 295.4253917665441236, -24.33574262708647851 ) ) ;
#6872 = ORIENTED_EDGE ( 'NONE', *, *, #7876, .F. ) ;
#6873 = ORIENTED_EDGE ( 'NONE', *, *, #7876, .T. ) ;
#6874 = CARTESIAN_POINT ( 'NONE',  ( 442.5999999999997954, 294.1690075750515234, 20.37973793941673506 ) ) ;
#6876 = EDGE_CURVE ( 'NONE', #641, #5692, #9226, .T. ) ;
#6875 = CIRCLE ( 'NONE', #8684, 15.00000000000004441 ) ;
#6877 = DIRECTION ( 'NONE',  ( 1.000000000000000000, -0.000000000000000000, -0.000000000000000000 ) ) ;
#6878 = DIRECTION ( 'NONE',  ( 1.000000000000000000, 0.000000000000000000, 0.000000000000000000 ) ) ;
#6879 = ORIENTED_EDGE ( 'NONE', *, *, #790, .T. ) ;
#6880 = DIRECTION ( 'NONE',  ( 0.000000000000000000, 0.9725907656757107889, 0.2325235526185131241 ) ) ;
#6881 = CARTESIAN_POINT ( 'NONE',  ( 448.5932000679999305, 307.2405601537220718, 25.91639599748756595 ) ) ;
#6882 = ORIENTED_EDGE ( 'NONE', *, *, #22, .T. ) ;
#6883 = CARTESIAN_POINT ( 'NONE',  ( 443.5000000000000000, 346.4394627972502008, 12.17533480644866906 ) ) ;
#6884 = CARTESIAN_POINT ( 'NONE',  ( 447.5000000000000000, 11.44820855162342532, -47.88513591612871068 ) ) ;
#6885 = ORIENTED_EDGE ( 'NONE', *, *, #994, .T. ) ;
#6886 = DIRECTION ( 'NONE',  ( 1.000000000000000000, 2.478716320810480276E-16, 0.000000000000000000 ) ) ;
#6887 = DIRECTION ( 'NONE',  ( -0.000000000000000000, -0.9526025309965692189, -0.3042177147026950967 ) ) ;
#6888 = CARTESIAN_POINT ( 'NONE',  ( 441.3535533905932198, 411.6000000000000227, 20.73922846596876468 ) ) ;
#6889 = AXIS2_PLACEMENT_3D ( 'NONE', #7597, #3573, #10015 ) ;
#6890 = EDGE_CURVE ( 'NONE', #6751, #2893, #9469, .T. ) ;
#6891 = CARTESIAN_POINT ( 'NONE',  ( 445.4000000000287400, 297.2306815315749304, -24.20100280476813381 ) ) ;
#6892 = CARTESIAN_POINT ( 'NONE',  ( 441.5000000000001137, 362.4938854097436547, 6.790891503351486946 ) ) ;
#6893 = ORIENTED_EDGE ( 'NONE', *, *, #486, .T. ) ;
#6894 = VECTOR ( 'NONE', #9747, 1000.000000000000114 ) ;
#6895 = CARTESIAN_POINT ( 'NONE',  ( 441.0000000000000568, 299.0297674847286089, -23.33181251426103486 ) ) ;
#6896 = CARTESIAN_POINT ( 'NONE',  ( 421.1072463134370309, 520.4003526815514533, 46.90338952156730556 ) ) ;
#6897 = CARTESIAN_POINT ( 'NONE',  ( 443.9999999999824354, 546.1551007735489520, 18.32019465436397709 ) ) ;
#6898 = EDGE_CURVE ( 'NONE', #424, #2784, #5194, .T. ) ;
#6899 = ORIENTED_EDGE ( 'NONE', *, *, #676, .T. ) ;
#6900 = CARTESIAN_POINT ( 'NONE',  ( 448.0000000000000568, 8.427883362387744087E-15, 42.58485080497850817 ) ) ;
#6901 = AXIS2_PLACEMENT_3D ( 'NONE', #4052, #5640, #4804 ) ;
#6902 = DIRECTION ( 'NONE',  ( -2.478716320810480276E-16, 1.000000000000000000, 0.000000000000000000 ) ) ;
#6903 = CARTESIAN_POINT ( 'NONE',  ( 443.3584745604870818, 532.4327869958157180, -22.80126822975185164 ) ) ;
#6904 =( BOUNDED_CURVE ( )  B_SPLINE_CURVE ( 3, ( #3323, #1726, #2660, #5814 ),
 .UNSPECIFIED., .F., .T. ) 
 B_SPLINE_CURVE_WITH_KNOTS ( ( 4, 4 ),
 ( 4.022474270833595433, 4.712388980384689674 ),
 .UNSPECIFIED. ) 
 CURVE ( )  GEOMETRIC_REPRESENTATION_ITEM ( )  RATIONAL_B_SPLINE_CURVE ( ( 1.000000000000000000, 0.9607265828159947674, 0.9607265828159947674, 1.000000000000000000 ) ) 
 REPRESENTATION_ITEM ( '' )  );
#6905 = ORIENTED_EDGE ( 'NONE', *, *, #5944, .T. ) ;
#6906 = CARTESIAN_POINT ( 'NONE',  ( 461.9999999999998863, 453.1000000000000227, -28.41514919502149539 ) ) ;
#6907 = DIRECTION ( 'NONE',  ( 1.000000000000000000, 0.000000000000000000, 0.000000000000000000 ) ) ;
#6908 = ORIENTED_EDGE ( 'NONE', *, *, #3789, .F. ) ;
#6909 = DIRECTION ( 'NONE',  ( 0.000000000000000000, 1.000000000000000000, 0.000000000000000000 ) ) ;
#6910 = ORIENTED_EDGE ( 'NONE', *, *, #7762, .T. ) ;
#6911 = LINE ( 'NONE', #7109, #8967 ) ;
#6912 = CARTESIAN_POINT ( 'NONE',  ( 442.5999999999999659, 297.0952331286823664, -14.68605186448338351 ) ) ;
#6913 = ORIENTED_EDGE ( 'NONE', *, *, #783, .F. ) ;
#6914 = CYLINDRICAL_SURFACE ( 'NONE', #7365, 7.999999999999979572 ) ;
#6915 = B_SPLINE_CURVE_WITH_KNOTS ( 'NONE', 3,
 ( #1548, #3885, #9444, #767, #1647, #4698, #7859, #1598, #3204, #2323, #4747, #7909, #4607, #3982, #5577, #8726, #6359, #33, #9495, #8533 ),
 .UNSPECIFIED., .F., .F.,
 ( 4, 2, 2, 2, 2, 2, 2, 2, 2, 4 ),
 ( 0.000000000000000000, 0.002839682413312261643, 0.003549603016640340714, 0.004259523619968420653, 0.005679364826624498132, 0.007099206033280575610, 0.008519047239936653956, 0.009938888446592731435, 0.01064880904992082135, 0.01135872965324891300 ),
 .UNSPECIFIED. ) ;
#6916 = CARTESIAN_POINT ( 'NONE',  ( 451.4999999999999432, 366.4938854097437115, 3.846832232592027189E-13 ) ) ;
#6917 = VERTEX_POINT ( 'NONE', #3719 ) ;
#6918 = B_SPLINE_CURVE_WITH_KNOTS ( 'NONE', 3,
 ( #547, #1334, #6854, #9221 ),
 .UNSPECIFIED., .F., .F.,
 ( 4, 4 ),
 ( 9.144449106504778382E-07, 0.001034703166271976104 ),
 .UNSPECIFIED. ) ;
#6919 = CARTESIAN_POINT ( 'NONE',  ( 442.6000000000000227, 294.0447943017947523, 21.56097638436597208 ) ) ;
#6920 = DIRECTION ( 'NONE',  ( 1.000000000000000000, 0.000000000000000000, 0.000000000000000000 ) ) ;
#6921 = CIRCLE ( 'NONE', #9892, 8.730000000000003979 ) ;
#6922 = EDGE_CURVE ( 'NONE', #7108, #7601, #6137, .T. ) ;
#6923 = CARTESIAN_POINT ( 'NONE',  ( 423.5951452746838868, 526.8219115491168623, 44.03981786450504643 ) ) ;
#6924 = ORIENTED_EDGE ( 'NONE', *, *, #8442, .T. ) ;
#6925 = CARTESIAN_POINT ( 'NONE',  ( 480.9999999999999432, 284.8029700889324545, 14.82634597133981913 ) ) ;
#6926 = CARTESIAN_POINT ( 'NONE',  ( 480.9999999999999432, 538.3604643982594098, -3.763271607418768205 ) ) ;
#6927 = EDGE_LOOP ( 'NONE', ( #6307, #9546, #10142, #1580 ) ) ;
#6928 = EDGE_CURVE ( 'NONE', #7552, #8335, #2403, .T. ) ;
#6929 = CARTESIAN_POINT ( 'NONE',  ( 479.3999999999999204, 276.9938854097435978, 0.1778581151391607218 ) ) ;
#6930 = EDGE_CURVE ( 'NONE', #758, #10131, #2374, .T. ) ;
#6931 = DIRECTION ( 'NONE',  ( 0.000000000000000000, 0.000000000000000000, -1.000000000000000000 ) ) ;
#6932 = ORIENTED_EDGE ( 'NONE', *, *, #9343, .T. ) ;
#6933 = B_SPLINE_CURVE_WITH_KNOTS ( 'NONE', 1,
 ( #9209, #2966 ),
 .UNSPECIFIED., .F., .F.,
 ( 2, 2 ),
 ( 0.000000000000000000, 1.000000000000000000 ),
 .UNSPECIFIED. ) ;
#6934 = CARTESIAN_POINT ( 'NONE',  ( 413.9989999999999668, 469.3500000000000227, 38.58485080497850106 ) ) ;
#6935 = CARTESIAN_POINT ( 'NONE',  ( 428.4629061515136073, 533.0704976927964935, -22.59313049989894751 ) ) ;
#6936 = CARTESIAN_POINT ( 'NONE',  ( 444.0000000000000000, 540.2446101264339404, -12.35988080489768492 ) ) ;
#6937 = CYLINDRICAL_SURFACE ( 'NONE', #2364, 8.730000000000002203 ) ;
#6938 = CARTESIAN_POINT ( 'NONE',  ( 451.3999999999285819, 297.6548287322565329, -24.48789463217093498 ) ) ;
#6939 = ADVANCED_FACE ( 'NONE', ( #1 ), #8466, .F. ) ;
#6940 = VECTOR ( 'NONE', #1729, 1000.000000000000227 ) ;
#6941 = CARTESIAN_POINT ( 'NONE',  ( 414.0000000000000000, 549.7236808645084238, 11.12450346340533969 ) ) ;
#6942 = EDGE_LOOP ( 'NONE', ( #5870, #7271, #2639, #7346, #9655 ) ) ;
#6943 = CARTESIAN_POINT ( 'NONE',  ( 440.9999999999997158, 297.6602315504881631, -22.36616268644066352 ) ) ;
#6944 = ADVANCED_FACE ( 'NONE', ( #2114 ), #9180, .T. ) ;
#6945 = CARTESIAN_POINT ( 'NONE',  ( 441.0000000000000568, 297.4146906971156454, -21.96294611747248737 ) ) ;
#6946 = AXIS2_PLACEMENT_3D ( 'NONE', #1576, #8752, #7884 ) ;
#6947 = CARTESIAN_POINT ( 'NONE',  ( 444.0000000000086970, 548.2242849488262664, 7.692965135814032962 ) ) ;
#6948 = EDGE_LOOP ( 'NONE', ( #5689, #1461, #734, #2307, #4557, #6806, #6893, #4096, #7331 ) ) ;
#6949 = DIRECTION ( 'NONE',  ( 1.000000000000000000, 0.000000000000000000, 0.000000000000000000 ) ) ;
#6950 = CARTESIAN_POINT ( 'NONE',  ( 443.5000000000000000, 245.2215044903739454, -5.471248194452694946 ) ) ;
#6951 = CARTESIAN_POINT ( 'NONE',  ( 444.1742747346061719, 532.0552952864424014, -22.92447498758415847 ) ) ;
#6952 = ORIENTED_EDGE ( 'NONE', *, *, #3839, .T. ) ;
#6953 = CARTESIAN_POINT ( 'NONE',  ( 442.5999999999997954, 295.8231243873733547, 16.63029379739463209 ) ) ;
#6954 = AXIS2_PLACEMENT_3D ( 'NONE', #5023, #6577, #9153 ) ;
#6955 = CIRCLE ( 'NONE', #4004, 56.00000000000000000 ) ;
#6956 = ORIENTED_EDGE ( 'NONE', *, *, #5694, .T. ) ;
#6957 = CARTESIAN_POINT ( 'NONE',  ( 454.0730317999999102, 505.8337287883887257, 46.58485080497850106 ) ) ;
#6958 = ORIENTED_EDGE ( 'NONE', *, *, #854, .F. ) ;
#6959 = DIRECTION ( 'NONE',  ( -1.000000000000000000, -0.000000000000000000, -0.000000000000000000 ) ) ;
#6960 = CARTESIAN_POINT ( 'NONE',  ( 443.5000000000000000, 366.4938854097436547, 56.58485080497862185 ) ) ;
#6961 = ORIENTED_EDGE ( 'NONE', *, *, #4034, .T. ) ;
#6962 = CARTESIAN_POINT ( 'NONE',  ( 447.5000000000000000, 366.4938854097437115, 17.49089150335155907 ) ) ;
#6963 = CARTESIAN_POINT ( 'NONE',  ( 445.3999999999999204, 298.9431832186263023, -24.94639959920905525 ) ) ;
#6964 = EDGE_LOOP ( 'NONE', ( #6961, #8411, #8473, #5073 ) ) ;
#6965 = CARTESIAN_POINT ( 'NONE',  ( 442.5999999999999659, 294.1154758410658019, 20.72700179394934850 ) ) ;
#6966 = CARTESIAN_POINT ( 'NONE',  ( 431.0165464586057738, 537.5186806443894056, -19.67000922246355188 ) ) ;
#6967 = APPROVAL_ROLE ( '' ) ;
#6968 = LINE ( 'NONE', #1408, #2687 ) ;
#6969 = ORIENTED_EDGE ( 'NONE', *, *, #4750, .F. ) ;
#6970 = CARTESIAN_POINT ( 'NONE',  ( 442.5979023992446173, 426.4479023992448106, 2.556845544210160526 ) ) ;
#6971 = VECTOR ( 'NONE', #6591, 1000.000000000000000 ) ;
#6972 = CARTESIAN_POINT ( 'NONE',  ( 447.4999999999999432, 415.1000000000000227, -9.260771534031256635 ) ) ;
#6973 = EDGE_LOOP ( 'NONE', ( #4764, #829, #8422, #4234 ) ) ;
#6974 = LINE ( 'NONE', #716, #3732 ) ;
#6975 = DIRECTION ( 'NONE',  ( -0.000000000000000000, -1.000000000000000000, -0.000000000000000000 ) ) ;
#6976 = EDGE_LOOP ( 'NONE', ( #2118, #8253 ) ) ;
#6977 = EDGE_CURVE ( 'NONE', #6833, #9819, #6328, .T. ) ;
#6978 = EDGE_CURVE ( 'NONE', #3258, #4256, #4679, .T. ) ;
#6979 = VECTOR ( 'NONE', #2266, 1000.000000000000000 ) ;
#6980 = AXIS2_PLACEMENT_3D ( 'NONE', #2646, #9873, #7345 ) ;
#6981 = CARTESIAN_POINT ( 'NONE',  ( 336.0902124738105385, 359.9938854097437115, 0.000000000000000000 ) ) ;
#6982 = ADVANCED_FACE ( 'NONE', ( #1672 ), #7666, .F. ) ;
#6983 = CARTESIAN_POINT ( 'NONE',  ( 447.5431321407339738, 418.2638406917308771, 19.92855160238586265 ) ) ;
#6984 = CARTESIAN_POINT ( 'NONE',  ( 443.9999999999999432, 544.1927716588102157, 26.63461911681521954 ) ) ;
#6985 = CARTESIAN_POINT ( 'NONE',  ( 451.3999999999997499, 291.7273551403347938, 30.31189469184444008 ) ) ;
#6986 = AXIS2_PLACEMENT_3D ( 'NONE', #6849, #3803, #10095 ) ;
#6987 = AXIS2_PLACEMENT_3D ( 'NONE', #5461, #6353, #4843 ) ;
#6988 = CARTESIAN_POINT ( 'NONE',  ( 447.4999999999999432, 368.9938854097437115, 6.790891503351495828 ) ) ;
#6989 = AXIS2_PLACEMENT_3D ( 'NONE', #1962, #5837, #1081 ) ;
#6990 = ADVANCED_FACE ( 'NONE', ( #8516 ), #1340, .F. ) ;
#6991 = ADVANCED_FACE ( 'NONE', ( #9521 ), #2454, .F. ) ;
#6992 = DIRECTION ( 'NONE',  ( 0.000000000000000000, -0.9725907656757108999, -0.2325235526185131241 ) ) ;
#6993 = ORIENTED_EDGE ( 'NONE', *, *, #9082, .F. ) ;
#6994 = CARTESIAN_POINT ( 'NONE',  ( 442.5999999999998522, 298.3265266918115799, -24.79130185660576657 ) ) ;
#6995 = VECTOR ( 'NONE', #7519, 1000.000000000000000 ) ;
#6996 = CIRCLE ( 'NONE', #5020, 4.000000000000015099 ) ;
#6997 = CARTESIAN_POINT ( 'NONE',  ( 446.3469239545607365, 532.1454728674600574, -21.50265550797481851 ) ) ;
#6998 = EDGE_CURVE ( 'NONE', #3040, #1296, #9275, .T. ) ;
#6999 = CARTESIAN_POINT ( 'NONE',  ( 439.9999999999999432, 544.3835824198423552, 10.53586193293130968 ) ) ;
#7000 = ORIENTED_EDGE ( 'NONE', *, *, #2713, .T. ) ;
#7001 = DIRECTION ( 'NONE',  ( 0.000000000000000000, 0.000000000000000000, 1.000000000000000000 ) ) ;
#7002 = DIRECTION ( 'NONE',  ( 0.000000000000000000, -1.000000000000000000, 3.252606517456510344E-16 ) ) ;
#7003 = CARTESIAN_POINT ( 'NONE',  ( 441.3535533905932198, 411.6000000000000227, 14.23922846596874514 ) ) ;
#7004 = CARTESIAN_POINT ( 'NONE',  ( 422.8526740142684730, 526.0728315120054503, 39.47190577165515890 ) ) ;
#7005 = ORIENTED_EDGE ( 'NONE', *, *, #6898, .T. ) ;
#7006 = CARTESIAN_POINT ( 'NONE',  ( 441.0000000000000000, 297.3471304468749850, 17.30401987014100484 ) ) ;
#7007 = AXIS2_PLACEMENT_3D ( 'NONE', #197, #4850, #1761 ) ;
#7008 = ORIENTED_EDGE ( 'NONE', *, *, #2508, .F. ) ;
#7009 = DIRECTION ( 'NONE',  ( -1.000000000000000000, -2.478716320810481262E-16, 0.000000000000000000 ) ) ;
#7010 = EDGE_LOOP ( 'NONE', ( #2568, #358, #2093, #2661, #4143 ) ) ;
#7011 = CARTESIAN_POINT ( 'NONE',  ( 441.1523006980262380, 421.8012526925669476, -2.760771534031256191 ) ) ;
#7012 = DIRECTION ( 'NONE',  ( 0.000000000000000000, 1.000000000000000000, 0.000000000000000000 ) ) ;
#7013 = ORIENTED_EDGE ( 'NONE', *, *, #2767, .F. ) ;
#7014 = CARTESIAN_POINT ( 'NONE',  ( 447.9957202270699099, 479.2392188979292200, -34.37719405462724609 ) ) ;
#7015 = EDGE_CURVE ( 'NONE', #4963, #8936, #6996, .T. ) ;
#7016 = CARTESIAN_POINT ( 'NONE',  ( 439.9999999999999432, 538.3604643982597509, -3.763271607418768205 ) ) ;
#7017 = ORIENTED_EDGE ( 'NONE', *, *, #7872, .F. ) ;
#7018 = CARTESIAN_POINT ( 'NONE',  ( 447.7880073939353451, 520.4445841588793655, 55.58465661242766487 ) ) ;
#7019 = CARTESIAN_POINT ( 'NONE',  ( 429.6526740156904225, 524.6329011474115305, 54.22005864041438628 ) ) ;
#7020 = DIRECTION ( 'NONE',  ( 0.000000000000000000, 0.2325235526185132351, -0.9725907656757110109 ) ) ;
#7021 = PERSON_AND_ORGANIZATION ( #4277, #4175 ) ;
#7022 = DIRECTION ( 'NONE',  ( 0.000000000000000000, 0.9725907656757108999, 0.2325235526185131241 ) ) ;
#7023 = VERTEX_POINT ( 'NONE', #8148 ) ;
#7024 = DIRECTION ( 'NONE',  ( -2.482414054536381163E-31, -8.285246452426542583E-16, -1.000000000000000000 ) ) ;
#7025 = CARTESIAN_POINT ( 'NONE',  ( 443.5000000000000000, 347.1206644405273209, -7.956332081159231961 ) ) ;
#7026 = EDGE_LOOP ( 'NONE', ( #6828, #5905, #8747, #9668, #2479, #10207, #4108, #6517 ) ) ;
#7027 = CARTESIAN_POINT ( 'NONE',  ( 451.4999999999999432, 362.4938854097437115, 17.49089150335155551 ) ) ;
#7028 = CYLINDRICAL_SURFACE ( 'NONE', #7659, 4.000000000000003553 ) ;
#7029 = ORIENTED_EDGE ( 'NONE', *, *, #7759, .F. ) ;
#7030 = AXIS2_PLACEMENT_3D ( 'NONE', #4619, #7981, #2396 ) ;
#7031 = CARTESIAN_POINT ( 'NONE',  ( 440.9999999999997158, 297.6020384447172091, 25.05152634947827650 ) ) ;
#7032 = CARTESIAN_POINT ( 'NONE',  ( 480.9999999999999432, 296.9543463143241411, 20.37265943817060787 ) ) ;
#7033 = CARTESIAN_POINT ( 'NONE',  ( 444.0000000000000000, 547.1701150052841740, 21.78388058794110904 ) ) ;
#7034 = CARTESIAN_POINT ( 'NONE',  ( 451.3999999999998067, 288.6866428116401266, 25.88308753160711717 ) ) ;
#7035 = CIRCLE ( 'NONE', #2597, 8.000000000000007105 ) ;
#7036 = CARTESIAN_POINT ( 'NONE',  ( 445.4000000000000341, 298.9377750632972379, -24.94545735724327429 ) ) ;
#7037 = EDGE_CURVE ( 'NONE', #3210, #3822, #8856, .T. ) ;
#7038 = FACE_OUTER_BOUND ( 'NONE', #2859, .T. ) ;
#7039 = ORIENTED_EDGE ( 'NONE', *, *, #3841, .T. ) ;
#7040 = CARTESIAN_POINT ( 'NONE',  ( 442.5999999999998522, 295.4170760485155256, -20.83543997847293383 ) ) ;
#7041 = AXIS2_PLACEMENT_3D ( 'NONE', #8112, #5727, #4079 ) ;
#7042 = FACE_OUTER_BOUND ( 'NONE', #1110, .T. ) ;
#7043 = ADVANCED_FACE ( 'NONE', ( #8094 ), #6122, .F. ) ;
#7044 = EDGE_CURVE ( 'NONE', #1853, #6751, #3875, .T. ) ;
#7045 = CARTESIAN_POINT ( 'NONE',  ( 444.0000000000131877, 548.1985322499591575, 12.29880005685476796 ) ) ;
#7046 = VERTEX_POINT ( 'NONE', #1785 ) ;
#7047 = FACE_OUTER_BOUND ( 'NONE', #2604, .T. ) ;
#7048 = DIRECTION ( 'NONE',  ( 1.000000000000000000, 2.478716320810480276E-16, 0.000000000000000000 ) ) ;
#7049 = ADVANCED_FACE ( 'NONE', ( #1942, #8962, #7413, #1113 ), #4928, .T. ) ;
#7050 = CARTESIAN_POINT ( 'NONE',  ( 443.9999999999999432, 465.3500000000000227, 56.58485080497850817 ) ) ;
#7051 = VECTOR ( 'NONE', #5140, 1000.000000000000114 ) ;
#7052 = CIRCLE ( 'NONE', #7562, 7.000000000000117240 ) ;
#7053 = CYLINDRICAL_SURFACE ( 'NONE', #809, 3.174999999999989608 ) ;
#7054 = ORIENTED_EDGE ( 'NONE', *, *, #4613, .F. ) ;
#7055 = FACE_OUTER_BOUND ( 'NONE', #1142, .T. ) ;
#7056 = B_SPLINE_CURVE_WITH_KNOTS ( 'NONE', 3,
 ( #8529, #1543, #3150, #9440, #1450, #2369, #5520, #4130, #7265, #2951, #6100, #9238, #2176 ),
 .UNSPECIFIED., .F., .F.,
 ( 4, 1, 1, 1, 1, 1, 1, 1, 1, 1, 4 ),
 ( 0.000000000000000000, 0.04753059239833774124, 0.1192921217066798406, 0.2149741607844694313, 0.3345767096317050493, 0.4541792584789421383, 0.5498612975567309658, 0.6455433366345197932, 0.7651458854817561051, 0.9086689440984400123, 1.000000000000000000 ),
 .UNSPECIFIED. ) ;
#7057 = ORIENTED_EDGE ( 'NONE', *, *, #8008, .F. ) ;
#7058 = CARTESIAN_POINT ( 'NONE',  ( 440.9999999999999432, 415.1000000000000227, -9.614324924624547464 ) ) ;
#7059 = EDGE_LOOP ( 'NONE', ( #3918, #5715, #4556, #6405 ) ) ;
#7060 = CARTESIAN_POINT ( 'NONE',  ( 336.0902124738105385, 362.4938854097436547, 29.72877838309286602 ) ) ;
#7061 = CARTESIAN_POINT ( 'NONE',  ( 429.6526740142684275, 504.7104643982598304, 76.93290996802652160 ) ) ;
#7062 = ORIENTED_EDGE ( 'NONE', *, *, #2845, .F. ) ;
#7063 = CARTESIAN_POINT ( 'NONE',  ( 441.3535533905932198, 415.1000000000000227, -2.760771534031255303 ) ) ;
#7064 = CARTESIAN_POINT ( 'NONE',  ( 480.9999999999999432, 534.3604643982597509, -3.763271607418768205 ) ) ;
#7065 = ORIENTED_EDGE ( 'NONE', *, *, #9386, .T. ) ;
#7066 = ADVANCED_FACE ( 'NONE', ( #324 ), #234, .F. ) ;
#7067 = AXIS2_PLACEMENT_3D ( 'NONE', #9025, #3342, #2725 ) ;
#7068 = CARTESIAN_POINT ( 'NONE',  ( 435.6485367201235590, 523.9425092762731992, 54.66729232447983833 ) ) ;
#7069 = CARTESIAN_POINT ( 'NONE',  ( 428.6429269100023589, 524.7027395170897535, 54.14042666186518460 ) ) ;
#7070 = CARTESIAN_POINT ( 'NONE',  ( 471.0732000679998919, 307.2405601537220718, 25.91639599748756595 ) ) ;
#7071 = ADVANCED_FACE ( 'NONE', ( #164 ), #3329, .F. ) ;
#7072 = ORIENTED_EDGE ( 'NONE', *, *, #2642, .T. ) ;
#7073 = VERTEX_POINT ( 'NONE', #218 ) ;
#7074 = CARTESIAN_POINT ( 'NONE',  ( 451.2438360600098122, 292.7335909990439973, 13.42197439274954895 ) ) ;
#7075 = DIRECTION ( 'NONE',  ( 0.000000000000000000, 0.000000000000000000, 1.000000000000000000 ) ) ;
#7076 = ORIENTED_EDGE ( 'NONE', *, *, #722, .F. ) ;
#7077 = DIRECTION ( 'NONE',  ( 0.000000000000000000, 0.000000000000000000, 1.000000000000000000 ) ) ;
#7078 = CARTESIAN_POINT ( 'NONE',  ( 442.5999999999999091, 295.5641159475827067, -18.00311310095997896 ) ) ;
#7079 = ORIENTED_EDGE ( 'NONE', *, *, #3334, .T. ) ;
#7080 = FACE_OUTER_BOUND ( 'NONE', #7026, .T. ) ;
#7081 = DIRECTION ( 'NONE',  ( -0.7071067811865526798, -0.7071067811865424657, -0.000000000000000000 ) ) ;
#7082 = LINE ( 'NONE', #830, #1189 ) ;
#7083 = CARTESIAN_POINT ( 'NONE',  ( 447.4999999999999432, 369.5637911992696445, 33.61914144579571229 ) ) ;
#7084 = CARTESIAN_POINT ( 'NONE',  ( 451.4000000000000909, 292.7498932860793843, 31.10139895902446483 ) ) ;
#7085 = CIRCLE ( 'NONE', #5952, 6.699999999999983302 ) ;
#7086 = CARTESIAN_POINT ( 'NONE',  ( 440.9999999999998863, 461.6000000000000796, -28.41514919502096603 ) ) ;
#7087 = CARTESIAN_POINT ( 'NONE',  ( 451.4000000000001478, 298.9377750632970674, -24.94545735724403457 ) ) ;
#7088 = DIRECTION ( 'NONE',  ( 0.000000000000000000, 0.000000000000000000, -1.000000000000000000 ) ) ;
#7089 = ORIENTED_EDGE ( 'NONE', *, *, #8965, .T. ) ;
#7090 = CARTESIAN_POINT ( 'NONE',  ( 442.6000000000003070, 295.3491956303533357, -19.62133764064270380 ) ) ;
#7091 = CARTESIAN_POINT ( 'NONE',  ( 440.9999999999999432, 346.4394627972502008, 13.82533480644865342 ) ) ;
#7092 = CARTESIAN_POINT ( 'NONE',  ( 465.9999999999998863, 433.1000000000000227, -36.41514919502149183 ) ) ;
#7093 = CARTESIAN_POINT ( 'NONE',  ( 441.5000000000001137, 368.9938854097437115, -0.2091084966484926810 ) ) ;
#7094 = ORIENTED_EDGE ( 'NONE', *, *, #8816, .T. ) ;
#7095 = CARTESIAN_POINT ( 'NONE',  ( 461.9999999999998863, 436.1000000000000227, -34.91514919502149183 ) ) ;
#7096 = CARTESIAN_POINT ( 'NONE',  ( 445.0846366923383357, 534.3604643982597509, 23.91466343646435533 ) ) ;
#7097 = AXIS2_PLACEMENT_3D ( 'NONE', #1072, #283, #8104 ) ;
#7098 = CARTESIAN_POINT ( 'NONE',  ( 447.8086218102549765, 419.1480377870377652, -7.849437863684558536 ) ) ;
#7099 = CARTESIAN_POINT ( 'NONE',  ( 447.4999999999999432, 411.6000000000000227, -9.260771534031263741 ) ) ;
#7100 = EDGE_LOOP ( 'NONE', ( #3631, #8045, #10074, #3396 ) ) ;
#7101 = EDGE_CURVE ( 'NONE', #9998, #9243, #5876, .T. ) ;
#7102 = LINE ( 'NONE', #851, #3299 ) ;
#7103 = AXIS2_PLACEMENT_3D ( 'NONE', #97, #262, #3314 ) ;
#7104 = EDGE_CURVE ( 'NONE', #5062, #8871, #1837, .T. ) ;
#7105 = EDGE_CURVE ( 'NONE', #7181, #134, #7338, .T. ) ;
#7106 = VERTEX_POINT ( 'NONE', #3279 ) ;
#7107 = CYLINDRICAL_SURFACE ( 'NONE', #8144, 7.999999999999921840 ) ;
#7108 = VERTEX_POINT ( 'NONE', #6431 ) ;
#7109 = CARTESIAN_POINT ( 'NONE',  ( 445.0846366923382789, 534.3604643982597509, 56.58485080497850817 ) ) ;
#7110 = CARTESIAN_POINT ( 'NONE',  ( 421.7540679505636376, 519.2800247425420821, 42.58485080497849395 ) ) ;
#7111 = ORIENTED_EDGE ( 'NONE', *, *, #2735, .T. ) ;
#7112 = CARTESIAN_POINT ( 'NONE',  ( 447.5000000000000000, 366.4938854097437115, 13.49089150335155729 ) ) ;
#7113 = FACE_OUTER_BOUND ( 'NONE', #1489, .T. ) ;
#7114 = EDGE_LOOP ( 'NONE', ( #8372, #8236 ) ) ;
#7115 = EDGE_CURVE ( 'NONE', #3304, #7257, #4219, .T. ) ;
#7116 = FACE_OUTER_BOUND ( 'NONE', #7779, .T. ) ;
#7117 = AXIS2_PLACEMENT_3D ( 'NONE', #940, #3377, #2602 ) ;
#7118 = CARTESIAN_POINT ( 'NONE',  ( 442.5999999999999659, 297.1692559213625486, 26.59316716382954127 ) ) ;
#7119 = ORIENTED_EDGE ( 'NONE', *, *, #4227, .T. ) ;
#7120 = CARTESIAN_POINT ( 'NONE',  ( 439.9869211371900519, 487.9185469262813513, -31.54441166433292310 ) ) ;
#7121 = VERTEX_POINT ( 'NONE', #1731 ) ;
#7122 = DIRECTION ( 'NONE',  ( 1.000000000000000000, 0.000000000000000000, 0.000000000000000000 ) ) ;
#7123 = EDGE_CURVE ( 'NONE', #9991, #4215, #8041, .T. ) ;
#7124 = PLANE ( 'NONE',  #2932 ) ;
#7125 = EDGE_LOOP ( 'NONE', ( #2086, #5576, #7490, #1989, #9240, #1034 ) ) ;
#7126 = DIRECTION ( 'NONE',  ( 0.000000000000000000, 0.9725907656757108999, 0.2325235526185131241 ) ) ;
#7127 = AXIS2_PLACEMENT_3D ( 'NONE', #4451, #9182, #1970 ) ;
#7128 = CARTESIAN_POINT ( 'NONE',  ( 442.5999999999999091, 295.7673451511531653, -22.19660720294919543 ) ) ;
#7129 = ORIENTED_EDGE ( 'NONE', *, *, #5926, .T. ) ;
#7130 = DIRECTION ( 'NONE',  ( -0.000000000000000000, 7.928228386300243285E-15, 1.000000000000000000 ) ) ;
#7131 = FACE_OUTER_BOUND ( 'NONE', #9235, .T. ) ;
#7132 = VECTOR ( 'NONE', #2414, 1000.000000000000000 ) ;
#7133 = B_SPLINE_CURVE_WITH_KNOTS ( 'NONE', 3,
 ( #9384, #8719, #8669, #810, #3974, #1640, #4786, #862, #4028, #78, #2473, #5620, #1696, #9749 ),
 .UNSPECIFIED., .F., .F.,
 ( 4, 2, 2, 2, 2, 2, 4 ),
 ( 0.000000000000000000, 0.003201167797148061957, 0.004801751695722136087, 0.006402335594296210651, 0.009603503391444350237, 0.01120408729001841873, 0.01280467118859248722 ),
 .UNSPECIFIED. ) ;
#7134 = CARTESIAN_POINT ( 'NONE',  ( 441.5000000000001137, 362.4938854097437115, 3.804847005708460521E-13 ) ) ;
#7135 = ORIENTED_EDGE ( 'NONE', *, *, #8828, .T. ) ;
#7136 = CARTESIAN_POINT ( 'NONE',  ( 481.0009999999999764, 334.4206644405273323, -7.956332081159240843 ) ) ;
#7137 = CARTESIAN_POINT ( 'NONE',  ( 443.9999999999998295, 550.8942929193300415, 8.747136089703548834 ) ) ;
#7138 = CARTESIAN_POINT ( 'NONE',  ( 451.4000000000141313, 295.6609736362668173, 25.77857283505066732 ) ) ;
#7139 = FACE_OUTER_BOUND ( 'NONE', #9767, .T. ) ;
#7140 = CARTESIAN_POINT ( 'NONE',  ( 451.3999999999999204, 297.9355397849907945, -30.86121230977887109 ) ) ;
#7141 = DIRECTION ( 'NONE',  ( -0.7071067811865526798, -0.7071067811865424657, -0.000000000000000000 ) ) ;
#7142 = AXIS2_PLACEMENT_3D ( 'NONE', #9695, #4023, #2627 ) ;
#7143 = ORIENTED_EDGE ( 'NONE', *, *, #6607, .F. ) ;
#7144 = EDGE_CURVE ( 'NONE', #9540, #4295, #8648, .T. ) ;
#7145 = CARTESIAN_POINT ( 'NONE',  ( 442.5999999999998522, 295.3658684309371552, -20.34371669457662435 ) ) ;
#7146 = CARTESIAN_POINT ( 'NONE',  ( 447.4999999999999432, 404.9000000000000341, 14.23922846596874159 ) ) ;
#7147 = PLANE ( 'NONE',  #1723 ) ;
#7148 = CARTESIAN_POINT ( 'NONE',  ( 439.9999999999999432, 541.6855693063254193, 18.25625626278307578 ) ) ;
#7149 = VECTOR ( 'NONE', #7854, 1000.000000000000000 ) ;
#7150 = AXIS2_PLACEMENT_3D ( 'NONE', #258, #5798, #8941 ) ;
#7151 = DIRECTION ( 'NONE',  ( 1.000000000000000000, 0.000000000000000000, 0.000000000000000000 ) ) ;
#7152 = DIRECTION ( 'NONE',  ( 0.000000000000000000, 0.9725907656757110109, 0.2325235526185125690 ) ) ;
#7153 = CARTESIAN_POINT ( 'NONE',  ( 406.0000000000000000, 470.5668708588108302, 46.58485080497850106 ) ) ;
#7154 = FACE_OUTER_BOUND ( 'NONE', #699, .T. ) ;
#7155 = ORIENTED_EDGE ( 'NONE', *, *, #7144, .T. ) ;
#7156 = CIRCLE ( 'NONE', #8167, 8.000000000000000000 ) ;
#7157 = AXIS2_PLACEMENT_3D ( 'NONE', #5264, #4006, #3228 ) ;
#7158 = LINE ( 'NONE', #7999, #1822 ) ;
#7159 = VERTEX_POINT ( 'NONE', #5190 ) ;
#7160 = CARTESIAN_POINT ( 'NONE',  ( 451.3494066760256374, 523.4809186298974737, -25.72300306711524343 ) ) ;
#7161 = ORIENTED_EDGE ( 'NONE', *, *, #2471, .T. ) ;
#7162 = CARTESIAN_POINT ( 'NONE',  ( 459.3999999999999204, 305.3569369434741816, 17.04609180141902414 ) ) ;
#7163 = AXIS2_PLACEMENT_3D ( 'NONE', #8095, #1114, #1786 ) ;
#7164 = DIRECTION ( 'NONE',  ( -0.8660254037844395958, -0.4999999999999985567, 0.000000000000000000 ) ) ;
#7165 = EDGE_LOOP ( 'NONE', ( #1067, #281, #5959, #7603 ) ) ;
#7166 = DIRECTION ( 'NONE',  ( 7.417382382598083619E-16, 0.9852652672482559160, -0.1710331931357861879 ) ) ;
#7167 = LINE ( 'NONE', #23, #550 ) ;
#7168 = EDGE_CURVE ( 'NONE', #3848, #6627, #8400, .T. ) ;
#7169 = ORIENTED_EDGE ( 'NONE', *, *, #9042, .T. ) ;
#7170 = B_SPLINE_CURVE_WITH_KNOTS ( 'NONE', 3,
 ( #3830, #6970, #10125, #5423 ),
 .UNSPECIFIED., .F., .F.,
 ( 4, 4 ),
 ( 2.921989184066893454E-07, 0.007003874685171097153 ),
 .UNSPECIFIED. ) ;
#7171 = EDGE_CURVE ( 'NONE', #7399, #9540, #2141, .T. ) ;
#7172 = CIRCLE ( 'NONE', #2730, 6.199999999999983302 ) ;
#7173 = DIRECTION ( 'NONE',  ( -2.410776604349946092E-16, 0.9725907656757107889, 0.2325235526185131241 ) ) ;
#7174 =( BOUNDED_CURVE ( )  B_SPLINE_CURVE ( 3, ( #1013, #5667, #1124, #3450 ),
 .UNSPECIFIED., .F., .T. ) 
 B_SPLINE_CURVE_WITH_KNOTS ( ( 4, 4 ),
 ( 1.047197551196595633, 1.570796326794896558 ),
 .UNSPECIFIED. ) 
 CURVE ( )  GEOMETRIC_REPRESENTATION_ITEM ( )  RATIONAL_B_SPLINE_CURVE ( ( 1.000000000000000000, 0.9772838841927119491, 0.9772838841927119491, 1.000000000000000000 ) ) 
 REPRESENTATION_ITEM ( '' )  );
#7175 = CARTESIAN_POINT ( 'NONE',  ( 451.0482109007589884, 362.5178741631847288, 7.367111535646301057 ) ) ;
#7176 = ORIENTED_EDGE ( 'NONE', *, *, #9077, .F. ) ;
#7177 = CARTESIAN_POINT ( 'NONE',  ( 480.9999999999999432, 429.2186253693425897, 0.5848508049785047236 ) ) ;
#7178 = ORIENTED_EDGE ( 'NONE', *, *, #1756, .F. ) ;
#7179 = DIRECTION ( 'NONE',  ( 0.000000000000000000, 0.000000000000000000, 1.000000000000000000 ) ) ;
#7180 = CARTESIAN_POINT ( 'NONE',  ( 452.1817948198668091, 517.6290041945089797, 56.58485080498429198 ) ) ;
#7181 = VERTEX_POINT ( 'NONE', #6069 ) ;
#7182 = EDGE_CURVE ( 'NONE', #6147, #641, #5637, .T. ) ;
#7183 = TOROIDAL_SURFACE ( 'NONE', #3566, 4.000000000000000000, 4.000000000000000000 ) ;
#7184 = CARTESIAN_POINT ( 'NONE',  ( 447.8852432933154546, 429.6000000000000796, 13.35088143282030160 ) ) ;
#7185 = CARTESIAN_POINT ( 'NONE',  ( 442.5999999999999091, 295.3753141677002532, -20.46651956626698166 ) ) ;
#7186 = ORIENTED_EDGE ( 'NONE', *, *, #6433, .F. ) ;
#7187 = EDGE_CURVE ( 'NONE', #1095, #9819, #347, .T. ) ;
#7188 = DIRECTION ( 'NONE',  ( 8.285246452426658940E-16, 8.285246452426540611E-16, 1.000000000000000000 ) ) ;
#7189 = CARTESIAN_POINT ( 'NONE',  ( 480.9999999999999432, 427.4419730684657566, 9.584850804978511718 ) ) ;
#7190 = CARTESIAN_POINT ( 'NONE',  ( 443.5000000000000000, 368.9938854097436547, -10.90910849664849991 ) ) ;
#7191 = ORIENTED_EDGE ( 'NONE', *, *, #3019, .T. ) ;
#7192 = CYLINDRICAL_SURFACE ( 'NONE', #5143, 3.174999999999989608 ) ;
#7193 = CARTESIAN_POINT ( 'NONE',  ( 451.3999999999998636, 292.9024121393478595, -11.58567697333003643 ) ) ;
#7194 = CARTESIAN_POINT ( 'NONE',  ( 451.4000000000001478, 294.0623585816356922, 22.36339243632004781 ) ) ;
#7195 = CARTESIAN_POINT ( 'NONE',  ( 463.3999999999999204, 297.8844405247982081, 16.48229637546774029 ) ) ;
#7196 = CARTESIAN_POINT ( 'NONE',  ( 421.2871870788979436, 520.0886861333490288, -16.18420893480786305 ) ) ;
#7197 = ORIENTED_EDGE ( 'NONE', *, *, #9130, .T. ) ;
#7198 = CARTESIAN_POINT ( 'NONE',  ( 447.4999999999999432, 368.9938854097437115, -0.2091084966484926810 ) ) ;
#7199 = VERTEX_POINT ( 'NONE', #6115 ) ;
#7200 = ADVANCED_FACE ( 'NONE', ( #9943 ), #4499, .F. ) ;
#7201 = DIRECTION ( 'NONE',  ( 1.000000000000000000, 2.478716320810480276E-16, 0.000000000000000000 ) ) ;
#7202 = CIRCLE ( 'NONE', #933, 15.00000000000000355 ) ;
#7203 = DIRECTION ( 'NONE',  ( 0.000000000000000000, 0.000000000000000000, 1.000000000000000000 ) ) ;
#7204 = CARTESIAN_POINT ( 'NONE',  ( 447.2809807982988559, 530.5276389569479534, -22.60445917924729287 ) ) ;
#7205 = VECTOR ( 'NONE', #2782, 1000.000000000000000 ) ;
#7206 = ADVANCED_FACE ( 'NONE', ( #1320 ), #7669, .F. ) ;
#7207 = CARTESIAN_POINT ( 'NONE',  ( 419.0250002219729026, 524.4409674789064866, 46.00455559413969553 ) ) ;
#7208 = DIRECTION ( 'NONE',  ( 1.000000000000000000, 0.000000000000000000, 0.000000000000000000 ) ) ;
#7209 = DIRECTION ( 'NONE',  ( 0.000000000000000000, 2.467162276944792619E-15, -1.000000000000000000 ) ) ;
#7210 = SPHERICAL_SURFACE ( 'NONE', #433, 4.000000000000000000 ) ;
#7211 = FACE_OUTER_BOUND ( 'NONE', #178, .T. ) ;
#7212 = ORIENTED_EDGE ( 'NONE', *, *, #4015, .T. ) ;
#7213 = DIRECTION ( 'NONE',  ( -0.000000000000000000, 0.2325235526185131796, -0.9725907656757107889 ) ) ;
#7214 = EDGE_CURVE ( 'NONE', #9759, #85, #6693, .T. ) ;
#7215 = ORIENTED_EDGE ( 'NONE', *, *, #8600, .T. ) ;
#7216 = CARTESIAN_POINT ( 'NONE',  ( 420.3673225974185925, 521.7066646679211317, 46.86589610563570574 ) ) ;
#7217 = ORIENTED_EDGE ( 'NONE', *, *, #3362, .F. ) ;
#7218 = CYLINDRICAL_SURFACE ( 'NONE', #702, 4.000000000000003553 ) ;
#7219 = CARTESIAN_POINT ( 'NONE',  ( 463.3999999999999204, 297.8844405247982081, 16.48229637546772608 ) ) ;
#7220 = ORIENTED_EDGE ( 'NONE', *, *, #10021, .T. ) ;
#7221 = VECTOR ( 'NONE', #4783, 1000.000000000000000 ) ;
#7222 = CARTESIAN_POINT ( 'NONE',  ( 444.1982723476847923, 536.8617801320035596, -16.70642912551403469 ) ) ;
#7223 = CARTESIAN_POINT ( 'NONE',  ( 440.9999999999999432, 461.5999999999999659, 30.00000000000000000 ) ) ;
#7224 = ORIENTED_EDGE ( 'NONE', *, *, #1349, .T. ) ;
#7225 = DIRECTION ( 'NONE',  ( 0.000000000000000000, 0.000000000000000000, -1.000000000000000000 ) ) ;
#7226 = VECTOR ( 'NONE', #5102, 1000.000000000000000 ) ;
#7227 = CARTESIAN_POINT ( 'NONE',  ( 442.5999999999998522, 294.2193931921032686, 23.30051280051283413 ) ) ;
#7228 = ORIENTED_EDGE ( 'NONE', *, *, #1713, .T. ) ;
#7229 = CYLINDRICAL_SURFACE ( 'NONE', #9424, 6.199999999999983302 ) ;
#7230 = ORIENTED_EDGE ( 'NONE', *, *, #10098, .F. ) ;
#7231 = DIRECTION ( 'NONE',  ( -2.478716320810480276E-16, 1.000000000000000000, 1.387778780781444689E-15 ) ) ;
#7232 = CARTESIAN_POINT ( 'NONE',  ( 427.0266525093930454, 522.9677419916483814, 55.91005761046818634 ) ) ;
#7233 = ORIENTED_EDGE ( 'NONE', *, *, #9896, .F. ) ;
#7234 = CARTESIAN_POINT ( 'NONE',  ( 461.9999999999998863, 446.6000000000000227, -28.41514919502149539 ) ) ;
#7235 = CARTESIAN_POINT ( 'NONE',  ( 442.5999999999999659, 295.9300723281200476, -22.57170715115168136 ) ) ;
#7236 = CIRCLE ( 'NONE', #1465, 4.000000000000003553 ) ;
#7237 = EDGE_LOOP ( 'NONE', ( #7261, #10220, #534, #9261, #4515, #4458 ) ) ;
#7238 = CARTESIAN_POINT ( 'NONE',  ( 447.4999999999999432, 379.6938854097437002, -0.2091084966485244057 ) ) ;
#7239 = DIRECTION ( 'NONE',  ( 0.000000000000000000, 0.000000000000000000, -1.000000000000000000 ) ) ;
#7240 = CARTESIAN_POINT ( 'NONE',  ( 440.9999999999999432, 296.1038504775490878, 19.40881699242295255 ) ) ;
#7241 = EDGE_LOOP ( 'NONE', ( #8564, #3414, #8440, #1693 ) ) ;
#7242 = EDGE_CURVE ( 'NONE', #2848, #1501, #1368, .T. ) ;
#7243 = CYLINDRICAL_SURFACE ( 'NONE', #2174, 8.000000000000035527 ) ;
#7244 = CARTESIAN_POINT ( 'NONE',  ( 416.1555733886666530, 523.9955624437227470, 52.87568511483208766 ) ) ;
#7245 = ADVANCED_FACE ( 'NONE', ( #579 ), #7518, .F. ) ;
#7246 = CARTESIAN_POINT ( 'NONE',  ( 451.3999999999964530, 297.2545799191893821, 26.61297827585051934 ) ) ;
#7247 = CARTESIAN_POINT ( 'NONE',  ( 463.3999999999999204, 294.7311491866767597, 14.02124909088984417 ) ) ;
#7248 = CARTESIAN_POINT ( 'NONE',  ( 413.9989999999999668, 526.8426620145733068, -18.84025445190140502 ) ) ;
#7249 = ORIENTED_EDGE ( 'NONE', *, *, #5752, .T. ) ;
#7250 = VECTOR ( 'NONE', #8917, 1000.000000000000000 ) ;
#7251 = DIRECTION ( 'NONE',  ( 0.000000000000000000, -0.2325235526185131518, 0.9725907656757108999 ) ) ;
#7252 = CARTESIAN_POINT ( 'NONE',  ( 422.8526740142684730, 527.7851986257510362, -18.46496103207911332 ) ) ;
#7253 = LINE ( 'NONE', #4984, #8495 ) ;
#7254 = AXIS2_PLACEMENT_3D ( 'NONE', #4358, #7498, #4410 ) ;
#7255 = LINE ( 'NONE', #7882, #9783 ) ;
#7256 = EDGE_CURVE ( 'NONE', #5240, #2924, #8602, .T. ) ;
#7257 = VERTEX_POINT ( 'NONE', #5243 ) ;
#7258 = DIRECTION ( 'NONE',  ( -1.934902151088186043E-17, -0.2325235526185132906, 0.9725907656757108999 ) ) ;
#7259 = CARTESIAN_POINT ( 'NONE',  ( 448.7312056692861688, 420.4975732094408158, -6.395640368330482772 ) ) ;
#7260 = CARTESIAN_POINT ( 'NONE',  ( 441.0560666609405871, 421.8974867296525986, -2.100610472495983760 ) ) ;
#7261 = ORIENTED_EDGE ( 'NONE', *, *, #9602, .F. ) ;
#7262 = ADVANCED_FACE ( 'NONE', ( #3697, #9254, #2917 ), #7571, .F. ) ;
#7263 = CARTESIAN_POINT ( 'NONE',  ( 439.9999999999999432, 538.3604643982597509, 23.62334978965654742 ) ) ;
#7264 = LINE ( 'NONE', #175, #5417 ) ;
#7265 = CARTESIAN_POINT ( 'NONE',  ( 442.7523772767356149, 519.2332833940688488, 56.58485080497846553 ) ) ;
#7266 = VERTEX_POINT ( 'NONE', #529 ) ;
#7267 = CARTESIAN_POINT ( 'NONE',  ( 447.4999999999999432, 375.4938854097437115, -0.2091084966484926810 ) ) ;
#7268 = EDGE_LOOP ( 'NONE', ( #7693, #3090, #9281, #6367 ) ) ;
#7269 = DIRECTION ( 'NONE',  ( -1.000000000000000000, -0.000000000000000000, -0.000000000000000000 ) ) ;
#7270 = DIRECTION ( 'NONE',  ( 1.000000000000000000, 0.000000000000000000, 0.000000000000000000 ) ) ;
#7271 = ORIENTED_EDGE ( 'NONE', *, *, #1771, .T. ) ;
#7272 = CARTESIAN_POINT ( 'NONE',  ( 448.5932000679999305, 389.2132045783018839, 48.59867026708828774 ) ) ;
#7273 = DIRECTION ( 'NONE',  ( 2.601736677730715002E-31, -1.049630672089176363E-15, 1.000000000000000000 ) ) ;
#7274 = EDGE_LOOP ( 'NONE', ( #8607, #146, #5183, #9959, #8478 ) ) ;
#7275 = AXIS2_PLACEMENT_3D ( 'NONE', #7421, #8972, #5827 ) ;
#7276 = CARTESIAN_POINT ( 'NONE',  ( 441.0000000000001137, 295.9470205117934825, 23.46596041781280917 ) ) ;
#7277 = CARTESIAN_POINT ( 'NONE',  ( 448.5491368714201599, 363.7801599422354570, 10.68632621136426231 ) ) ;
#7278 = VERTEX_POINT ( 'NONE', #10039 ) ;
#7279 = DIRECTION ( 'NONE',  ( 0.000000000000000000, 1.000000000000000000, -1.084202172485503487E-14 ) ) ;
#7280 = ORIENTED_EDGE ( 'NONE', *, *, #2449, .F. ) ;
#7281 = CARTESIAN_POINT ( 'NONE',  ( 336.0902124738105385, 359.9938854097437115, 25.30586396188315490 ) ) ;
#7282 = CARTESIAN_POINT ( 'NONE',  ( 457.2999565164180922, 515.9011389287006750, 56.58485080497849395 ) ) ;
#7283 = ORIENTED_EDGE ( 'NONE', *, *, #9142, .T. ) ;
#7284 = DIRECTION ( 'NONE',  ( 1.934902151088186043E-17, 0.2325235526185132906, -0.9725907656757108999 ) ) ;
#7285 = B_SPLINE_CURVE_WITH_KNOTS ( 'NONE', 3,
 ( #5892, #1857, #1180, #8166, #4342, #1909, #7478, #4395, #6554, #394 ),
 .UNSPECIFIED., .F., .F.,
 ( 4, 2, 2, 2, 4 ),
 ( 3.469446951953613804E-18, 0.001776097603382469341, 0.003552195206764935213, 0.005328292810147400652, 0.007104390413529866957 ),
 .UNSPECIFIED. ) ;
#7286 = CARTESIAN_POINT ( 'NONE',  ( 465.9999999999998863, 433.1000000000000227, 43.08485080497851527 ) ) ;
#7287 = ORIENTED_EDGE ( 'NONE', *, *, #6287, .T. ) ;
#7288 = VECTOR ( 'NONE', #5538, 1000.000000000000000 ) ;
#7289 = CARTESIAN_POINT ( 'NONE',  ( 451.3999999999997499, 290.2374669216238772, -14.87872274712260356 ) ) ;
#7290 = DIRECTION ( 'NONE',  ( 2.478716320810480276E-16, -1.000000000000000000, 0.000000000000000000 ) ) ;
#7291 = CARTESIAN_POINT ( 'NONE',  ( 440.9999999999999432, 470.5668708588108302, -42.99323207850520845 ) ) ;
#7292 = ORIENTED_EDGE ( 'NONE', *, *, #5471, .T. ) ;
#7293 = FACE_OUTER_BOUND ( 'NONE', #1552, .T. ) ;
#7294 = LOCAL_TIME ( 20, 8, 0.000000000000000000, #3106 ) ;
#7295 = CARTESIAN_POINT ( 'NONE',  ( 440.9999999999999432, 421.1172497023634378, 17.52006678827605768 ) ) ;
#7296 = ORIENTED_EDGE ( 'NONE', *, *, #1131, .T. ) ;
#7297 = DIRECTION ( 'NONE',  ( 0.000000000000000000, 0.000000000000000000, 1.000000000000000000 ) ) ;
#7298 =( BOUNDED_SURFACE ( )  B_SPLINE_SURFACE ( 3, 2, ( 
 ( #7337, #6564, #4847 ),
 ( #5740, #1645, #9708 ),
 ( #8884, #2638, #8724 ),
 ( #8176, #9493, #1086 ),
 ( #2427, #7120, #31 ),
 ( #3201, #4793, #6357 ) ),
 .UNSPECIFIED., .F., .F., .T. ) 
 B_SPLINE_SURFACE_WITH_KNOTS ( ( 4, 2, 4 ),
 ( 3, 3 ),
 ( 4.712965836353491866, 4.974476796168241677, 5.235987755982991487 ),
 ( 0.000000000000000000, 1.000000000000000000 ),
 .UNSPECIFIED. ) 
 GEOMETRIC_REPRESENTATION_ITEM ( )  RATIONAL_B_SPLINE_SURFACE ( (
 ( 1.000000000000000000, 0.7070434980240207778, 1.000000000000000000),
 ( 1.000000000000000000, 0.6974815278899780813, 1.000000000000000000),
 ( 1.000000000000000000, 0.6877198581845958003, 1.000000000000000000),
 ( 1.000000000000000000, 0.6684575333804791963, 1.000000000000000000),
 ( 1.000000000000000000, 0.6589575456335272641, 1.000000000000000000),
 ( 1.000000000000000000, 0.6499471705378876418, 1.000000000000000000) ) ) 
 REPRESENTATION_ITEM ( '' )  SURFACE ( )  );
#7299 = CARTESIAN_POINT ( 'NONE',  ( 443.5000000000000000, 351.3097526372005177, -23.88721436913459328 ) ) ;
#7300 = CARTESIAN_POINT ( 'NONE',  ( 441.3535533905932198, 421.2044585785571371, -4.993613996606797834 ) ) ;
#7301 = VERTEX_POINT ( 'NONE', #2965 ) ;
#7302 = EDGE_CURVE ( 'NONE', #1085, #4787, #3997, .T. ) ;
#7303 = TOROIDAL_SURFACE ( 'NONE', #3511, 42.00000000000000711, 4.000000000000000000 ) ;
#7304 = EDGE_CURVE ( 'NONE', #8311, #9132, #8691, .T. ) ;
#7305 = CARTESIAN_POINT ( 'NONE',  ( 447.5000000000000000, 417.6000000000000227, 24.93922846596874976 ) ) ;
#7306 = CARTESIAN_POINT ( 'NONE',  ( 441.3535533905932198, 415.1000000000000227, -2.760771534031255303 ) ) ;
#7307 = DIRECTION ( 'NONE',  ( -0.000000000000000000, -0.000000000000000000, -1.000000000000000000 ) ) ;
#7308 = DIRECTION ( 'NONE',  ( 1.000000000000000000, 0.000000000000000000, 0.000000000000000000 ) ) ;
#7309 = EDGE_CURVE ( 'NONE', #1224, #6403, #7082, .T. ) ;
#7310 = ORIENTED_EDGE ( 'NONE', *, *, #2610, .F. ) ;
#7311 = DIRECTION ( 'NONE',  ( 0.000000000000000000, 1.000000000000000000, 0.000000000000000000 ) ) ;
#7312 = EDGE_CURVE ( 'NONE', #7499, #4683, #6268, .T. ) ;
#7313 = VECTOR ( 'NONE', #6959, 1000.000000000000000 ) ;
#7314 = CARTESIAN_POINT ( 'NONE',  ( 451.3999999999999773, 297.0952331286824233, -14.68605186448341726 ) ) ;
#7315 = CARTESIAN_POINT ( 'NONE',  ( 440.9999999999999432, 347.1206644405273209, -7.956332081159231961 ) ) ;
#7316 = EDGE_LOOP ( 'NONE', ( #4621, #7119 ) ) ;
#7317 = EDGE_CURVE ( 'NONE', #7541, #6104, #2837, .T. ) ;
#7318 = CARTESIAN_POINT ( 'NONE',  ( 440.0000000000000000, 543.9248683503244592, 6.771491928748758937 ) ) ;
#7319 = FACE_OUTER_BOUND ( 'NONE', #10215, .T. ) ;
#7320 = AXIS2_PLACEMENT_3D ( 'NONE', #8284, #1203, #468 ) ;
#7321 = CARTESIAN_POINT ( 'NONE',  ( 440.9999999999999432, 297.2585522891138226, -21.61545131967244515 ) ) ;
#7322 = CIRCLE ( 'NONE', #9128, 7.999999999999976019 ) ;
#7323 = CARTESIAN_POINT ( 'NONE',  ( 480.9999999999999432, 522.6174999999979036, 56.58485080497849395 ) ) ;
#7324 = EDGE_LOOP ( 'NONE', ( #785, #9278, #3639, #180 ) ) ;
#7325 = CARTESIAN_POINT ( 'NONE',  ( 447.5000000000000000, 308.7948825839263236, 19.09072618763480023 ) ) ;
#7326 = CARTESIAN_POINT ( 'NONE',  ( 443.5000000000000000, 355.9938854097437115, 25.30586396188315490 ) ) ;
#7327 = ORIENTED_EDGE ( 'NONE', *, *, #8887, .F. ) ;
#7328 = LINE ( 'NONE', #9698, #9849 ) ;
#7329 = AXIS2_PLACEMENT_3D ( 'NONE', #3374, #6521, #5753 ) ;
#7330 = DIRECTION ( 'NONE',  ( -0.7071067811865430208, -0.7071067811865521247, -5.858553950312634048E-16 ) ) ;
#7331 = ORIENTED_EDGE ( 'NONE', *, *, #5349, .T. ) ;
#7332 = CIRCLE ( 'NONE', #10126, 6.499999999999950262 ) ;
#7333 = CARTESIAN_POINT ( 'NONE',  ( 442.5999999999999659, 297.3233250367960068, 26.62996359750183117 ) ) ;
#7334 = CARTESIAN_POINT ( 'NONE',  ( 455.4046841826892091, 516.4569719495649451, 56.58485080497850817 ) ) ;
#7335 = VECTOR ( 'NONE', #8199, 1000.000000000000114 ) ;
#7336 = ORIENTED_EDGE ( 'NONE', *, *, #4099, .T. ) ;
#7337 = CARTESIAN_POINT ( 'NONE',  ( 443.9999936775067795, 470.5887913844095465, -32.99212978198413992 ) ) ;
#7339 = ORIENTED_EDGE ( 'NONE', *, *, #8685, .T. ) ;
#7338 = CIRCLE ( 'NONE', #6841, 4.000000000000003553 ) ;
#7340 = DIRECTION ( 'NONE',  ( 1.000000000000000000, 2.478716320810480276E-16, 0.000000000000000000 ) ) ;
#7341 = CARTESIAN_POINT ( 'NONE',  ( 439.2273759347664850, 521.2475595575200487, 56.50251171818930374 ) ) ;
#7342 = ADVANCED_FACE ( 'NONE', ( #3894 ), #7822, .F. ) ;
#7343 = VERTEX_POINT ( 'NONE', #3217 ) ;
#7344 = CARTESIAN_POINT ( 'NONE',  ( 447.4999999999999432, 405.1000000000000227, 14.23922846596874159 ) ) ;
#7345 = DIRECTION ( 'NONE',  ( 0.000000000000000000, 0.9725907656757107889, 0.2325235526185136237 ) ) ;
#7346 = ORIENTED_EDGE ( 'NONE', *, *, #9188, .F. ) ;
#7347 = AXIS2_PLACEMENT_3D ( 'NONE', #1499, #4649, #7806 ) ;
#7348 = DIRECTION ( 'NONE',  ( 0.4811487826947031810, -0.8333741376271384116, -0.2719988890521956026 ) ) ;
#7349 = LINE ( 'NONE', #6466, #7617 ) ;
#7350 = CARTESIAN_POINT ( 'NONE',  ( 440.9999999999999432, 457.8500000000000796, 8.317661049476544832 ) ) ;
#7351 = ORIENTED_EDGE ( 'NONE', *, *, #6083, .T. ) ;
#7352 = CARTESIAN_POINT ( 'NONE',  ( 478.8373458403534642, 474.0615467743016893, -41.85263036830880878 ) ) ;
#7353 = DIRECTION ( 'NONE',  ( 1.789753506250885400E-15, -0.5645803357576679726, -0.8253781221208610352 ) ) ;
#7354 = EDGE_CURVE ( 'NONE', #8037, #4691, #6132, .T. ) ;
#7355 = VERTEX_POINT ( 'NONE', #7032 ) ;
#7356 = CARTESIAN_POINT ( 'NONE',  ( 451.4000000000002046, 297.3116277929234457, 26.62715007391861732 ) ) ;
#7357 = CARTESIAN_POINT ( 'NONE',  ( 441.3535533905932198, 405.1000000000000227, 14.23922846596874514 ) ) ;
#7358 = CARTESIAN_POINT ( 'NONE',  ( 451.3999999999999204, 292.2709096761370802, -11.11871346937397931 ) ) ;
#7359 = EDGE_LOOP ( 'NONE', ( #1669, #3061, #7310, #9094, #5702 ) ) ;
#7360 = FACE_OUTER_BOUND ( 'NONE', #5475, .T. ) ;
#7361 = CARTESIAN_POINT ( 'NONE',  ( 419.3292571185267548, 524.1034027882833470, -15.03766668192264433 ) ) ;
#7362 = CARTESIAN_POINT ( 'NONE',  ( 451.4999999999999432, 362.4938854097437115, -10.90910849664849991 ) ) ;
#7363 = CARTESIAN_POINT ( 'NONE',  ( 336.0902124738105385, 421.6000000000000227, 40.03443545679896687 ) ) ;
#7364 = CARTESIAN_POINT ( 'NONE',  ( 441.3535533905932198, 421.5999999999999659, -2.760771534031256191 ) ) ;
#7365 = AXIS2_PLACEMENT_3D ( 'NONE', #3819, #6095, #4507 ) ;
#7366 = EDGE_CURVE ( 'NONE', #1873, #6856, #1969, .T. ) ;
#7367 = CARTESIAN_POINT ( 'NONE',  ( 451.3999999998860631, 295.3551584174011282, -19.20246901367654146 ) ) ;
#7368 = DIRECTION ( 'NONE',  ( 0.000000000000000000, 1.000000000000000000, -0.000000000000000000 ) ) ;
#7369 = ORIENTED_EDGE ( 'NONE', *, *, #931, .F. ) ;
#7370 = AXIS2_PLACEMENT_3D ( 'NONE', #1578, #65, #1679 ) ;
#7371 = LINE ( 'NONE', #6651, #2315 ) ;
#7372 = EDGE_CURVE ( 'NONE', #9161, #3975, #2501, .T. ) ;
#7373 = CARTESIAN_POINT ( 'NONE',  ( 450.6011474096602569, 362.5896093436091974, -1.357320809139038520 ) ) ;
#7374 = FACE_BOUND ( 'NONE', #7114, .T. ) ;
#7375 = AXIS2_PLACEMENT_3D ( 'NONE', #3046, #6200, #3773 ) ;
#7376 = EDGE_CURVE ( 'NONE', #3034, #7301, #10182, .T. ) ;
#7377 = CARTESIAN_POINT ( 'NONE',  ( 444.0000000000522959, 544.5100705119365330, -1.528656642181085656 ) ) ;
#7378 = ORIENTED_EDGE ( 'NONE', *, *, #229, .F. ) ;
#7379 = CARTESIAN_POINT ( 'NONE',  ( 421.2871870788979436, 520.0886861333490288, -16.18420893480786305 ) ) ;
#7380 = LINE ( 'NONE', #4135, #5263 ) ;
#7381 = EDGE_CURVE ( 'NONE', #9291, #5649, #4643, .T. ) ;
#7382 = DIRECTION ( 'NONE',  ( 0.5150380749100501587, -1.049727191138621654E-16, -0.8571673007021147761 ) ) ;
#7383 = DIRECTION ( 'NONE',  ( -0.7071067811865430208, -0.7071067811865521247, 0.000000000000000000 ) ) ;
#7384 = ORIENTED_EDGE ( 'NONE', *, *, #8105, .F. ) ;
#7385 = CARTESIAN_POINT ( 'NONE',  ( 441.0000000000001705, 295.6595955670478588, 21.32250746626640847 ) ) ;
#7386 = CARTESIAN_POINT ( 'NONE',  ( 438.0730317999999102, 504.1837287883886916, 56.58485080497849395 ) ) ;
#7387 = AXIS2_PLACEMENT_3D ( 'NONE', #4650, #1550, #6259 ) ;
#7388 = ORIENTED_EDGE ( 'NONE', *, *, #3556, .F. ) ;
#7389 = CARTESIAN_POINT ( 'NONE',  ( 443.9999999999999432, 548.2753676400982386, 11.83631013973850798 ) ) ;
#7390 = ORIENTED_EDGE ( 'NONE', *, *, #354, .F. ) ;
#7391 = CARTESIAN_POINT ( 'NONE',  ( 443.5000000000000000, 351.9938854097436547, 25.30586396188315490 ) ) ;
#7392 = CARTESIAN_POINT ( 'NONE',  ( 417.1976007749260589, 523.0866392918885595, 54.29753610749910564 ) ) ;
#7393 = ORIENTED_EDGE ( 'NONE', *, *, #2171, .F. ) ;
#7394 = DIRECTION ( 'NONE',  ( -2.482414054536381163E-31, -8.285246452426542583E-16, 1.000000000000000000 ) ) ;
#7395 = ADVANCED_FACE ( 'NONE', ( #7293 ), #7192, .F. ) ;
#7396 = DIRECTION ( 'NONE',  ( -0.8660254037844375974, -0.5000000000000017764, 0.000000000000000000 ) ) ;
#7397 = ORIENTED_EDGE ( 'NONE', *, *, #7679, .F. ) ;
#7398 = CARTESIAN_POINT ( 'NONE',  ( 480.1540226550219472, 467.5537539342815307, -37.00993053408724620 ) ) ;
#7399 = VERTEX_POINT ( 'NONE', #4265 ) ;
#7400 = ADVANCED_FACE ( 'NONE', ( #208 ), #1775, .F. ) ;
#7401 = CARTESIAN_POINT ( 'NONE',  ( 445.0886782889106144, 534.3248182887689381, 39.36932324093549340 ) ) ;
#7402 = CARTESIAN_POINT ( 'NONE',  ( 440.9999999999999432, 404.7464466094067461, 14.23922846596874692 ) ) ;
#7403 = PERSON_AND_ORGANIZATION ( #4277, #4175 ) ;
#7404 = CARTESIAN_POINT ( 'NONE',  ( 447.4999999999999432, 366.4938854097437115, 12.79089150335156155 ) ) ;
#7405 = LINE ( 'NONE', #1721, #7517 ) ;
#7406 = ORIENTED_EDGE ( 'NONE', *, *, #4706, .F. ) ;
#7407 = CARTESIAN_POINT ( 'NONE',  ( 451.4000000000000909, 295.9149499773195089, 32.46233568889365984 ) ) ;
#7408 = CIRCLE ( 'NONE', #2949, 34.99999999999997868 ) ;
#7409 = CARTESIAN_POINT ( 'NONE',  ( 448.7996446838008637, 527.8972359476388192, 43.15246799190327209 ) ) ;
#7410 = DIRECTION ( 'NONE',  ( 1.000000000000000000, 0.000000000000000000, 0.000000000000000000 ) ) ;
#7411 = EDGE_LOOP ( 'NONE', ( #4599, #4402, #3989, #821, #4979 ) ) ;
#7412 = DIRECTION ( 'NONE',  ( -1.000000000000000000, -0.000000000000000000, 0.000000000000000000 ) ) ;
#7413 = FACE_OUTER_BOUND ( 'NONE', #1353, .T. ) ;
#7414 = CARTESIAN_POINT ( 'NONE',  ( 447.5000000000000000, 276.9938854097435978, 0.1778581151391607218 ) ) ;
#7415 = CARTESIAN_POINT ( 'NONE',  ( 336.0902124738105385, 413.6000000000000227, 48.03443545679897397 ) ) ;
#7416 = DIRECTION ( 'NONE',  ( 0.000000000000000000, -0.9852652672482566931, 0.1710331931357803870 ) ) ;
#7417 = CARTESIAN_POINT ( 'NONE',  ( 440.9999999999998863, 446.6000000000000227, -28.41514919502149539 ) ) ;
#7418 = LINE ( 'NONE', #9687, #6596 ) ;
#7419 = VERTEX_POINT ( 'NONE', #8084 ) ;
#7420 = CIRCLE ( 'NONE', #5945, 1.250000000000002887 ) ;
#7421 = CARTESIAN_POINT ( 'NONE',  ( 447.5000000000000000, 366.4938854097437115, 17.49089150335155907 ) ) ;
#7422 = DIRECTION ( 'NONE',  ( -1.000000000000000000, 0.000000000000000000, -0.000000000000000000 ) ) ;
#7423 = CARTESIAN_POINT ( 'NONE',  ( 441.0000000000001137, 297.1927488093832608, -18.08807768547674044 ) ) ;
#7424 = CARTESIAN_POINT ( 'NONE',  ( 439.9999999999999432, 541.9694119488474371, 2.128835109935399039 ) ) ;
#7425 = VERTEX_POINT ( 'NONE', #6525 ) ;
#7426 = CARTESIAN_POINT ( 'NONE',  ( 451.4000000001003627, 294.4708364455495371, 19.20757751878324271 ) ) ;
#7427 = CARTESIAN_POINT ( 'NONE',  ( 440.9999999999999432, 346.4394627972502008, 10.52533480644868469 ) ) ;
#7428 = DIRECTION ( 'NONE',  ( 0.000000000000000000, 0.000000000000000000, 1.000000000000000000 ) ) ;
#7429 = EDGE_CURVE ( 'NONE', #6866, #8389, #6793, .T. ) ;
#7430 = CARTESIAN_POINT ( 'NONE',  ( 438.0730317999999102, 504.1837287883886916, 56.58485080497849395 ) ) ;
#7431 = VERTEX_POINT ( 'NONE', #7404 ) ;
#7432 = EDGE_CURVE ( 'NONE', #4683, #1120, #2016, .T. ) ;
#7433 = CARTESIAN_POINT ( 'NONE',  ( 442.6000000000001933, 294.5164779671717952, 24.19310446070006648 ) ) ;
#7434 = EDGE_CURVE ( 'NONE', #6086, #6713, #840, .T. ) ;
#7435 = DIRECTION ( 'NONE',  ( 0.000000000000000000, 0.000000000000000000, 1.000000000000000000 ) ) ;
#7436 = ORIENTED_EDGE ( 'NONE', *, *, #7429, .F. ) ;
#7437 = CARTESIAN_POINT ( 'NONE',  ( 443.9999999999999432, 546.8991006113143385, 16.70546510429464604 ) ) ;
#7438 = ORIENTED_EDGE ( 'NONE', *, *, #4418, .T. ) ;
#7439 = CARTESIAN_POINT ( 'NONE',  ( 429.6526740142684275, 542.0104643982598418, 3.579720804978486548 ) ) ;
#7440 = CARTESIAN_POINT ( 'NONE',  ( 447.7880073939353451, 520.4445841588793655, 55.58465661242766487 ) ) ;
#7441 = ORIENTED_EDGE ( 'NONE', *, *, #6977, .T. ) ;
#7442 = DIRECTION ( 'NONE',  ( -9.206617897863822636E-17, -0.6594169674145775595, -0.7517774026171323287 ) ) ;
#7443 = EDGE_CURVE ( 'NONE', #7951, #6627, #3497, .T. ) ;
#7444 = CIRCLE ( 'NONE', #8754, 3.174999999999989608 ) ;
#7445 = CARTESIAN_POINT ( 'NONE',  ( 441.1743353738212932, 421.7769974485134412, -2.932987642792343141 ) ) ;
#7446 = VERTEX_POINT ( 'NONE', #992 ) ;
#7447 = DIRECTION ( 'NONE',  ( 1.000000000000000000, 0.000000000000000000, 0.000000000000000000 ) ) ;
#7448 = ORIENTED_EDGE ( 'NONE', *, *, #951, .T. ) ;
#7449 = DIRECTION ( 'NONE',  ( 0.000000000000000000, 0.000000000000000000, 1.000000000000000000 ) ) ;
#7450 = EDGE_CURVE ( 'NONE', #5377, #7121, #6578, .T. ) ;
#7451 = DIRECTION ( 'NONE',  ( 0.000000000000000000, 0.000000000000000000, -1.000000000000000000 ) ) ;
#7452 = AXIS2_PLACEMENT_3D ( 'NONE', #5132, #6783, #8956 ) ;
#7453 = COORDINATED_UNIVERSAL_TIME_OFFSET ( 8, 0, .BEHIND. ) ;
#7454 = AXIS2_PLACEMENT_3D ( 'NONE', #6981, #826, #7719 ) ;
#7455 = CARTESIAN_POINT ( 'NONE',  ( 413.9999999999999432, 460.0824999999979354, -46.41514919502149183 ) ) ;
#7456 = CARTESIAN_POINT ( 'NONE',  ( 417.5360357781235621, 520.7580403898398345, 55.92429959709831166 ) ) ;
#7457 = ORIENTED_EDGE ( 'NONE', *, *, #7376, .T. ) ;
#7458 = CARTESIAN_POINT ( 'NONE',  ( 475.0732000679998919, 306.5429894958665500, 28.83416829451469710 ) ) ;
#7459 = CARTESIAN_POINT ( 'NONE',  ( 451.7994938824976998, 522.7013447204511749, 50.80883684644705056 ) ) ;
#7460 = ORIENTED_EDGE ( 'NONE', *, *, #2610, .T. ) ;
#7461 = CARTESIAN_POINT ( 'NONE',  ( 481.0009999999999195, 405.1000000000000227, 14.23922846596874159 ) ) ;
#7462 = CIRCLE ( 'NONE', #528, 4.762500000000011724 ) ;
#7463 = CARTESIAN_POINT ( 'NONE',  ( 450.0107907058522301, 524.4425879213850976, -25.40913086121144815 ) ) ;
#7464 = LINE ( 'NONE', #9843, #4858 ) ;
#7465 = CARTESIAN_POINT ( 'NONE',  ( 455.2847910868782719, 516.6635461171928227, 56.57221050130667805 ) ) ;
#7466 = EDGE_CURVE ( 'NONE', #3206, #1743, #3328, .T. ) ;
#7467 = CARTESIAN_POINT ( 'NONE',  ( 445.4000000000000341, 295.9154299664323275, -16.83721054973975129 ) ) ;
#7468 = CONICAL_SURFACE ( 'NONE', #8959, 6.500000000000061284, 0.7853981633974415066 ) ;
#7469 = CARTESIAN_POINT ( 'NONE',  ( 480.9039704651792135, 461.3500000000000227, 38.58485080497850106 ) ) ;
#7470 = ORIENTED_EDGE ( 'NONE', *, *, #186, .F. ) ;
#7471 = CARTESIAN_POINT ( 'NONE',  ( 439.9999999999998863, 539.0663969304408738, -2.718519308016781544 ) ) ;
#7472 = LINE ( 'NONE', #8106, #5582 ) ;
#7473 = CIRCLE ( 'NONE', #1215, 3.174999999999989608 ) ;
#7474 = CARTESIAN_POINT ( 'NONE',  ( 443.9999999999823785, 547.6560342182851855, 5.284841197148895553 ) ) ;
#7475 = ORIENTED_EDGE ( 'NONE', *, *, #6767, .F. ) ;
#7476 = CARTESIAN_POINT ( 'NONE',  ( 446.2227985363800258, 532.3604643982598645, 35.69889116825613939 ) ) ;
#7477 = DIRECTION ( 'NONE',  ( 0.000000000000000000, 0.000000000000000000, 1.000000000000000000 ) ) ;
#7478 = CARTESIAN_POINT ( 'NONE',  ( 414.2183615420474894, 532.1620048411710968, -21.89744595122057191 ) ) ;
#7479 = DIRECTION ( 'NONE',  ( -1.000000000000000000, -0.000000000000000000, 0.000000000000000000 ) ) ;
#7480 = ORIENTED_EDGE ( 'NONE', *, *, #7509, .F. ) ;
#7481 = VECTOR ( 'NONE', #3294, 1000.000000000000000 ) ;
#7482 = AXIS2_PLACEMENT_3D ( 'NONE', #2329, #5474, #8630 ) ;
#7483 = CARTESIAN_POINT ( 'NONE',  ( 441.0000000000003411, 295.9836077473106570, 23.55314255990548489 ) ) ;
#7484 = CARTESIAN_POINT ( 'NONE',  ( 447.6563332003711935, 365.3755842301062557, 12.19366561314957309 ) ) ;
#7485 = ORIENTED_EDGE ( 'NONE', *, *, #6315, .F. ) ;
#7486 = CARTESIAN_POINT ( 'NONE',  ( 443.5000000000000000, 366.4938854097436547, 29.72877838309286602 ) ) ;
#7487 = ORIENTED_EDGE ( 'NONE', *, *, #9082, .T. ) ;
#7488 = CARTESIAN_POINT ( 'NONE',  ( 440.9999999999998863, 421.0999999999999659, 38.58485080497851527 ) ) ;
#7489 = CARTESIAN_POINT ( 'NONE',  ( 423.0989022718110846, 524.7382376802346471, 53.65518321609366836 ) ) ;
#7490 = ORIENTED_EDGE ( 'NONE', *, *, #1260, .F. ) ;
#7491 = ADVANCED_FACE ( 'NONE', ( #5756 ), #8899, .T. ) ;
#7492 = CIRCLE ( 'NONE', #9797, 7.500000000000003553 ) ;
#7493 = CARTESIAN_POINT ( 'NONE',  ( 445.3999999999999204, 297.0952331286823664, -14.68605186448338351 ) ) ;
#7494 = CIRCLE ( 'NONE', #9628, 15.00000000000001421 ) ;
#7495 = EDGE_CURVE ( 'NONE', #2358, #215, #6637, .T. ) ;
#7496 = CARTESIAN_POINT ( 'NONE',  ( 440.9999999999999432, 347.1206644405273209, -7.956332081159231961 ) ) ;
#7497 = ORIENTED_EDGE ( 'NONE', *, *, #6559, .F. ) ;
#7498 = DIRECTION ( 'NONE',  ( 1.000000000000000000, -0.000000000000000000, -0.000000000000000000 ) ) ;
#7499 = VERTEX_POINT ( 'NONE', #1043 ) ;
#7500 = AXIS2_PLACEMENT_3D ( 'NONE', #9944, #4525, #2815 ) ;
#7501 = CIRCLE ( 'NONE', #9807, 3.174999999999989164 ) ;
#7502 = CARTESIAN_POINT ( 'NONE',  ( 444.0910475705937870, 537.2926230849302556, 36.06546190022771015 ) ) ;
#7503 = CARTESIAN_POINT ( 'NONE',  ( 475.0493545357292646, 285.7438236647383292, 15.34122402630370274 ) ) ;
#7504 = EDGE_CURVE ( 'NONE', #5056, #3459, #233, .T. ) ;
#7505 = DIRECTION ( 'NONE',  ( 0.000000000000000000, 0.000000000000000000, 1.000000000000000000 ) ) ;
#7506 = DIRECTION ( 'NONE',  ( -1.000000000000000000, -2.478716320810480276E-16, -0.000000000000000000 ) ) ;
#7507 = FACE_OUTER_BOUND ( 'NONE', #8779, .T. ) ;
#7508 = VERTEX_POINT ( 'NONE', #4054 ) ;
#7509 = EDGE_CURVE ( 'NONE', #5561, #9605, #4213, .T. ) ;
#7510 = EDGE_LOOP ( 'NONE', ( #9332, #7079, #3379, #8002 ) ) ;
#7511 = VECTOR ( 'NONE', #8701, 1000.000000000000114 ) ;
#7512 = DIRECTION ( 'NONE',  ( 1.000000000000000000, 0.000000000000000000, 0.000000000000000000 ) ) ;
#7513 = LINE ( 'NONE', #843, #4073 ) ;
#7514 = ORIENTED_EDGE ( 'NONE', *, *, #8034, .F. ) ;
#7515 = EDGE_CURVE ( 'NONE', #9920, #9291, #6419, .T. ) ;
#7516 = CARTESIAN_POINT ( 'NONE',  ( 429.6526740142684275, 542.0104643982598418, 9.929720804978487081 ) ) ;
#7517 = VECTOR ( 'NONE', #9830, 1000.000000000000000 ) ;
#7518 = CYLINDRICAL_SURFACE ( 'NONE', #9256, 8.000000000000017764 ) ;
#7519 = DIRECTION ( 'NONE',  ( -0.7071067811865479058, 0.7071067811865472397, 0.000000000000000000 ) ) ;
#7520 = CARTESIAN_POINT ( 'NONE',  ( 455.3362701813125568, 516.5776420074839734, 56.58354477779121794 ) ) ;
#7521 = CARTESIAN_POINT ( 'NONE',  ( 451.3999999999999204, 289.5686988164459308, -22.28939055741543740 ) ) ;
#7522 = CIRCLE ( 'NONE', #5529, 1.649999999999984812 ) ;
#7523 = EDGE_CURVE ( 'NONE', #1574, #5344, #5642, .T. ) ;
#7524 = CARTESIAN_POINT ( 'NONE',  ( 413.9999999999999432, 541.3000320374194416, -9.942365946931309040 ) ) ;
#7525 = ORIENTED_EDGE ( 'NONE', *, *, #6047, .F. ) ;
#7526 = CARTESIAN_POINT ( 'NONE',  ( 441.0000000000000568, 297.2942358007488224, -21.70391271340796635 ) ) ;
#7527 = ADVANCED_FACE ( 'NONE', ( #4863 ), #7243, .F. ) ;
#7528 = CARTESIAN_POINT ( 'NONE',  ( 441.0000000000000000, 296.1079858438176871, 23.80837251942507748 ) ) ;
#7529 = CARTESIAN_POINT ( 'NONE',  ( 440.9999999999995453, 298.3779262604151654, -23.05053891612973871 ) ) ;
#7530 = CARTESIAN_POINT ( 'NONE',  ( 439.9999999999130864, 545.1782584645696943, -0.3472837593614923057 ) ) ;
#7531 = ORIENTED_EDGE ( 'NONE', *, *, #4750, .T. ) ;
#7532 = CARTESIAN_POINT ( 'NONE',  ( 465.9999999999998863, 425.6000000000000227, 43.08485080497851527 ) ) ;
#7533 = CARTESIAN_POINT ( 'NONE',  ( 447.5000000000000000, 309.9190292061907712, -16.70215687251036840 ) ) ;
#7534 = FACE_OUTER_BOUND ( 'NONE', #4192, .T. ) ;
#7535 = CARTESIAN_POINT ( 'NONE',  ( 428.0321830119449373, 537.4810724803814992, -19.67352479932604581 ) ) ;
#7536 = ORIENTED_EDGE ( 'NONE', *, *, #5858, .F. ) ;
#7537 = AXIS2_PLACEMENT_3D ( 'NONE', #6131, #2207, #2881 ) ;
#7538 = CARTESIAN_POINT ( 'NONE',  ( 442.6000000000000796, 295.5570290136540166, 17.00337584439833094 ) ) ;
#7539 = EDGE_CURVE ( 'NONE', #173, #1530, #2130, .T. ) ;
#7540 = DIRECTION ( 'NONE',  ( 1.934902151088186043E-17, 0.2325235526185132906, -0.9725907656757108999 ) ) ;
#7541 = VERTEX_POINT ( 'NONE', #9195 ) ;
#7542 = CARTESIAN_POINT ( 'NONE',  ( 443.9999999999999432, 548.2658415873785316, 7.956553920807309055 ) ) ;
#7543 = ORIENTED_EDGE ( 'NONE', *, *, #2886, .F. ) ;
#7544 = CARTESIAN_POINT ( 'NONE',  ( 443.4999999999999432, 411.6000000000000227, 14.23922846596874514 ) ) ;
#7545 = AXIS2_PLACEMENT_3D ( 'NONE', #9270, #9322, #5209 ) ;
#7546 = CARTESIAN_POINT ( 'NONE',  ( 451.4999999999999432, 362.4938854097437115, 3.804847005708460521E-13 ) ) ;
#7547 = EDGE_LOOP ( 'NONE', ( #1588, #6924, #5570, #4206 ) ) ;
#7548 = LINE ( 'NONE', #1146, #3421 ) ;
#7549 = CARTESIAN_POINT ( 'NONE',  ( 451.2174683774137520, 291.7030997260692970, -23.68958619122188836 ) ) ;
#7550 = EDGE_LOOP ( 'NONE', ( #69, #6686, #8934, #649, #2579, #4260 ) ) ;
#7551 = DIRECTION ( 'NONE',  ( 0.000000000000000000, 0.000000000000000000, 1.000000000000000000 ) ) ;
#7552 = VERTEX_POINT ( 'NONE', #2032 ) ;
#7553 = AXIS2_PLACEMENT_3D ( 'NONE', #9231, #2165, #5316 ) ;
#7554 = LINE ( 'NONE', #6774, #5679 ) ;
#7555 = DIRECTION ( 'NONE',  ( 0.000000000000000000, 0.000000000000000000, -1.000000000000000000 ) ) ;
#7556 = CARTESIAN_POINT ( 'NONE',  ( 441.1523006980261812, 421.8012526925670045, 14.23922846596874692 ) ) ;
#7557 = DIRECTION ( 'NONE',  ( 0.000000000000000000, 0.000000000000000000, 1.000000000000000000 ) ) ;
#7558 = DIRECTION ( 'NONE',  ( 2.478716320810480276E-16, -1.000000000000000000, 0.000000000000000000 ) ) ;
#7559 = ORIENTED_EDGE ( 'NONE', *, *, #4446, .F. ) ;
#7560 = EDGE_LOOP ( 'NONE', ( #9814, #5966, #7595, #1485, #1358, #9145, #1629 ) ) ;
#7561 = AXIS2_PLACEMENT_3D ( 'NONE', #6647, #9632, #2672 ) ;
#7562 = AXIS2_PLACEMENT_3D ( 'NONE', #4122, #3180, #7311 ) ;
#7563 = CARTESIAN_POINT ( 'NONE',  ( 440.9999999999999432, 415.1000000000000227, -2.760771534031255303 ) ) ;
#7564 = EDGE_LOOP ( 'NONE', ( #5521, #8570, #4800, #1457 ) ) ;
#7565 = ADVANCED_FACE ( 'NONE', ( #7607 ), #4316, .T. ) ;
#7566 = B_SPLINE_CURVE_WITH_KNOTS ( 'NONE', 3,
 ( #63, #901, #226, #2407, #4010, #7885, #3233, #117, #2617, #2564, #6335, #3333, #6481, #6386, #6538, #5716, #8861, #4069 ),
 .UNSPECIFIED., .F., .F.,
 ( 4, 2, 2, 2, 2, 2, 2, 2, 4 ),
 ( 0.0005281621887729931030, 0.001322903956563442878, 0.002117645724353892870, 0.002912387492144342428, 0.003707129259934792420, 0.004501871027725242412, 0.005296612795515692404, 0.006091354563306142396, 0.006886096331096592388 ),
 .UNSPECIFIED. ) ;
#7567 = EDGE_CURVE ( 'NONE', #4450, #1637, #8766, .T. ) ;
#7568 = CARTESIAN_POINT ( 'NONE',  ( 453.6999999999999318, 429.6000000000000796, 10.50172846596876042 ) ) ;
#7569 = ADVANCED_FACE ( 'NONE', ( #569 ), #9937, .F. ) ;
#7570 = VECTOR ( 'NONE', #1219, 1000.000000000000000 ) ;
#7571 = PLANE ( 'NONE',  #5978 ) ;
#7572 = CARTESIAN_POINT ( 'NONE',  ( 443.9999999999998863, 549.1711139712790555, 2.101511263225790849 ) ) ;
#7573 = CARTESIAN_POINT ( 'NONE',  ( 445.3999999999571173, 297.6548287322619899, -24.48789463213431361 ) ) ;
#7574 = EDGE_CURVE ( 'NONE', #7355, #6393, #4514, .T. ) ;
#7575 = CARTESIAN_POINT ( 'NONE',  ( 479.9026189302587682, 468.8310433621472271, 46.58485080497851527 ) ) ;
#7576 = CIRCLE ( 'NONE', #8076, 6.350000000000000533 ) ;
#7577 = ORIENTED_EDGE ( 'NONE', *, *, #756, .T. ) ;
#7578 =( BOUNDED_CURVE ( )  B_SPLINE_CURVE ( 3, ( #8380, #8427, #5272, #2900 ),
 .UNSPECIFIED., .F., .F. ) 
 B_SPLINE_CURVE_WITH_KNOTS ( ( 4, 4 ),
 ( 1.800935669586490873, 2.094395102393197483 ),
 .UNSPECIFIED. ) 
 CURVE ( )  GEOMETRIC_REPRESENTATION_ITEM ( )  RATIONAL_B_SPLINE_CURVE ( ( 1.000000000000000000, 0.9928363298739217857, 0.9928363298739217857, 1.000000000000000000 ) ) 
 REPRESENTATION_ITEM ( '' )  );
#7579 = CARTESIAN_POINT ( 'NONE',  ( 440.9999999999996021, 297.9612359039916782, -16.26865068185259844 ) ) ;
#7580 = FACE_OUTER_BOUND ( 'NONE', #2477, .T. ) ;
#7581 = DIRECTION ( 'NONE',  ( -2.442193098255954051E-16, 0.9852652672482569152, -0.1710331931357803592 ) ) ;
#7582 = EDGE_CURVE ( 'NONE', #1145, #8451, #6301, .T. ) ;
#7583 = CARTESIAN_POINT ( 'NONE',  ( 444.0000000003847731, 542.4079821494104863, -4.917650598417958818 ) ) ;
#7584 = ORIENTED_EDGE ( 'NONE', *, *, #8034, .T. ) ;
#7585 = B_SPLINE_CURVE_WITH_KNOTS ( 'NONE', 3,
 ( #3384, #9674, #7459, #3436 ),
 .UNSPECIFIED., .F., .F.,
 ( 4, 4 ),
 ( 3.034858940230393040E-07, 0.02546339571869529750 ),
 .UNSPECIFIED. ) ;
#7586 = DIRECTION ( 'NONE',  ( 0.000000000000000000, 0.000000000000000000, 1.000000000000000000 ) ) ;
#7587 = DIRECTION ( 'NONE',  ( -1.000000000000000000, -2.478716320810481262E-16, 0.000000000000000000 ) ) ;
#7588 = CARTESIAN_POINT ( 'NONE',  ( 424.6206300318018521, 532.4562271147904085, -22.79361778076275513 ) ) ;
#7589 = ORIENTED_EDGE ( 'NONE', *, *, #9395, .F. ) ;
#7590 = VECTOR ( 'NONE', #8999, 1000.000000000000000 ) ;
#7591 = CARTESIAN_POINT ( 'NONE',  ( 442.5999999999997954, 294.1690075750515234, 20.37973793941673506 ) ) ;
#7592 = LINE ( 'NONE', #500, #2554 ) ;
#7593 = EDGE_LOOP ( 'NONE', ( #3981, #1539, #10003, #7850 ) ) ;
#7594 = LINE ( 'NONE', #1917, #8606 ) ;
#7595 = ORIENTED_EDGE ( 'NONE', *, *, #1123, .F. ) ;
#7596 = DIRECTION ( 'NONE',  ( 0.000000000000000000, -1.000000000000000000, 0.000000000000000000 ) ) ;
#7597 = CARTESIAN_POINT ( 'NONE',  ( 429.6526740142684275, 542.4604643982597736, 9.929720804978487081 ) ) ;
#7598 = ORIENTED_EDGE ( 'NONE', *, *, #2134, .T. ) ;
#7599 = CARTESIAN_POINT ( 'NONE',  ( 406.0000000000000000, 470.5668708588108302, 56.58485080497850817 ) ) ;
#7600 = CARTESIAN_POINT ( 'NONE',  ( 420.5421232859580982, 521.3791744776007135, -15.81566501483719023 ) ) ;
#7601 = VERTEX_POINT ( 'NONE', #1157 ) ;
#7602 = CARTESIAN_POINT ( 'NONE',  ( 480.8944883997319266, 461.5029918337143044, -30.77874574935062313 ) ) ;
#7603 = ORIENTED_EDGE ( 'NONE', *, *, #9912, .F. ) ;
#7604 = B_SPLINE_CURVE_WITH_KNOTS ( 'NONE', 3,
 ( #10168, #6099, #8430, #3734, #4602, #2175, #3103, #1354, #9237, #1404, #10024, #656, #3824, #6253, #9388, #7652, #6874, #6965, #5324, #4558, #612, #3780, #6919, #1593, #5737, #6454, #4844, #4953, #8065, #8882, #7227, #250, #2528, #6507, #8775, #6354, #6402, #3252, #867, #2368, #5684, #1808, #3198, #4743, #4195, #81, #3978, #8120, #1028, #5573, #3303, #6561, #7905, #8831, #7118, #136 ),
 .UNSPECIFIED., .F., .F.,
 ( 4, 2, 2, 2, 2, 2, 2, 2, 2, 2, 2, 2, 2, 2, 2, 2, 2, 2, 2, 2, 2, 2, 2, 2, 2, 2, 2, 4 ),
 ( 0.000000000000000000, 0.1249999999999999722, 0.1874999999999999722, 0.2187499999999999167, 0.2499999999999999445, 0.2812500000000000000, 0.3124999999999999445, 0.3749999999999999445, 0.4375000000000000000, 0.4687500000000000555, 0.5000000000000000000, 0.5312500000000000000, 0.5625000000000000000, 0.6250000000000000000, 0.6562499999999998890, 0.6718749999999998890, 0.6875000000000000000, 0.7187500000000000000, 0.7500000000000000000, 0.7812500000000000000, 0.8124999999999998890, 0.8437500000000000000, 0.8750000000000000000, 0.8906250000000000000, 0.9062500000000001110, 0.9374999999999998890, 0.9687500000000000000, 1.000000000000000000 ),
 .UNSPECIFIED. ) ;
#7605 = DIRECTION ( 'NONE',  ( 2.601736677730715002E-31, -1.049630672089176363E-15, 1.000000000000000000 ) ) ;
#7606 = CARTESIAN_POINT ( 'NONE',  ( 451.9199999999999022, 297.0952331286823664, -14.68605186448339239 ) ) ;
#7607 = FACE_OUTER_BOUND ( 'NONE', #4918, .T. ) ;
#7608 = ORIENTED_EDGE ( 'NONE', *, *, #2945, .F. ) ;
#7609 = CARTESIAN_POINT ( 'NONE',  ( 418.8526740142684730, 526.0728315120054503, 39.47190577165515890 ) ) ;
#7610 = DIRECTION ( 'NONE',  ( 0.000000000000000000, -0.9725907656757108999, -0.2325235526185131241 ) ) ;
#7611 = ORIENTED_EDGE ( 'NONE', *, *, #3321, .T. ) ;
#7612 = CIRCLE ( 'NONE', #8922, 33.00000000000000000 ) ;
#7613 = CARTESIAN_POINT ( 'NONE',  ( 448.9118153652579508, 453.1000000000000796, 15.33307472511541825 ) ) ;
#7614 = DIRECTION ( 'NONE',  ( -0.000000000000000000, -0.5598676568095597439, -0.8285820459426893603 ) ) ;
#7615 = ORIENTED_EDGE ( 'NONE', *, *, #486, .F. ) ;
#7616 = CIRCLE ( 'NONE', #3156, 4.000000000000000000 ) ;
#7617 = VECTOR ( 'NONE', #1717, 1000.000000000000000 ) ;
#7618 = DIRECTION ( 'NONE',  ( -1.000000000000000000, 0.000000000000000000, 0.000000000000000000 ) ) ;
#7619 = PLANE ( 'NONE',  #7671 ) ;
#7620 = EDGE_CURVE ( 'NONE', #8230, #4472, #8458, .T. ) ;
#7621 = CARTESIAN_POINT ( 'NONE',  ( 445.4000000000427235, 298.0147647591941791, -24.67072571011829396 ) ) ;
#7622 = EDGE_CURVE ( 'NONE', #9318, #2848, #6013, .T. ) ;
#7623 = CARTESIAN_POINT ( 'NONE',  ( 480.7435341491621443, 463.3521688528338700, 43.88541330580279265 ) ) ;
#7624 = EDGE_LOOP ( 'NONE', ( #9979, #2592 ) ) ;
#7625 = VECTOR ( 'NONE', #2548, 1000.000000000000000 ) ;
#7626 = CARTESIAN_POINT ( 'NONE',  ( 440.9999999999998295, 296.9500584087492143, -19.95062158491072424 ) ) ;
#7627 = CARTESIAN_POINT ( 'NONE',  ( 441.0000000000000000, 295.8805261489486043, 23.28867138540886472 ) ) ;
#7628 = CARTESIAN_POINT ( 'NONE',  ( 447.4999999999999432, 404.9000000000000341, -2.760771534031253083 ) ) ;
#7629 = ADVANCED_FACE ( 'NONE', ( #471, #8343, #9154, #2907, #9829, #518, #2753 ), #9053, .F. ) ;
#7630 = CARTESIAN_POINT ( 'NONE',  ( 439.9999999999779448, 548.2322496725890915, 12.08834967526124871 ) ) ;
#7631 = ORIENTED_EDGE ( 'NONE', *, *, #7821, .F. ) ;
#7632 = TOROIDAL_SURFACE ( 'NONE', #9108, 10.70000000000000462, 4.000000000000000000 ) ;
#7633 = CARTESIAN_POINT ( 'NONE',  ( 447.4881096576895061, 453.0999999999999091, -1.247096134379722221 ) ) ;
#7634 = CARTESIAN_POINT ( 'NONE',  ( 447.4999999999999432, 415.1000000000000227, 14.23922846596874514 ) ) ;
#7635 = CARTESIAN_POINT ( 'NONE',  ( 420.1914989815580839, 536.1569829634429425, -19.81468024296034258 ) ) ;
#7636 =( BOUNDED_SURFACE ( )  B_SPLINE_SURFACE ( 3, 2, ( 
 ( #245, #5001, #8168 ),
 ( #6085, #2155, #9125 ),
 ( #7685, #6805, #6855 ),
 ( #3810, #592, #8461 ),
 ( #5308, #1385, #5154 ),
 ( #6133, #6951, #2062 ),
 ( #6039, #6903, #9176 ),
 ( #8510, #2883, #10103 ),
 ( #3715, #5210, #9271 ),
 ( #4542, #8315, #9958 ),
 ( #6755, #644, #1236 ),
 ( #10005, #9910, #4396 ),
 ( #9222, #3761, #8366 ),
 ( #10051, #2111, #2933 ),
 ( #5942, #2979, #2208 ),
 ( #5356, #1432, #7535 ),
 ( #449, #4583, #1336 ),
 ( #2832, #7736, #5991 ),
 ( #9079, #3617, #3663 ),
 ( #2009, #1288, #4443 ),
 ( #7588, #495, #5260 ),
 ( #8414, #4494, #7635 ),
 ( #548, #5498, #7842 ),
 ( #9, #4725, #1526 ),
 ( #9420, #2302, #5446 ),
 ( #799, #3961, #2352 ) ),
 .UNSPECIFIED., .F., .F., .T. ) 
 B_SPLINE_SURFACE_WITH_KNOTS ( ( 4, 2, 2, 2, 2, 2, 2, 2, 2, 2, 2, 2, 4 ),
 ( 3, 3 ),
 ( 0.1849184599246085359, 0.1900012830497368188, 0.1950841061748651017, 0.1976255177374292571, 0.2001669292999933847, 0.2052497524251216676, 0.2077911639876858230, 0.2103325755502499506, 0.2116032813315320005, 0.2128739871128140781, 0.2154153986753782335, 0.2204982218005064887, 0.2255810449256347716 ),
 ( 0.000000000000000000, 1.000000000000000000 ),
 .UNSPECIFIED. ) 
 GEOMETRIC_REPRESENTATION_ITEM ( )  RATIONAL_B_SPLINE_SURFACE ( (
 ( 1.000000000000000000, 0.9258153870956150611, 1.000000000000000000),
 ( 1.000000000000000000, 0.9284582171166266829, 1.000000000000000000),
 ( 1.000000000000000000, 0.9312925044851124712, 1.000000000000000000),
 ( 1.000000000000000000, 0.9373188049805271094, 1.000000000000000000),
 ( 1.000000000000000000, 0.9405178004138547987, 1.000000000000000000),
 ( 1.000000000000000000, 0.9454603980885216696, 1.000000000000000000),
 ( 1.000000000000000000, 0.9471302676571246026, 1.000000000000000000),
 ( 1.000000000000000000, 0.9504574505575015264, 1.000000000000000000),
 ( 1.000000000000000000, 0.9521146672438071112, 1.000000000000000000),
 ( 1.000000000000000000, 0.9568681905512810282, 1.000000000000000000),
 ( 1.000000000000000000, 0.9597830821742131535, 1.000000000000000000),
 ( 1.000000000000000000, 0.9627861741150457453, 1.000000000000000000),
 ( 1.000000000000000000, 0.9635338060564999640, 1.000000000000000000),
 ( 1.000000000000000000, 0.9643941143690577533, 1.000000000000000000),
 ( 1.000000000000000000, 0.9645077424719720183, 1.000000000000000000),
 ( 1.000000000000000000, 0.9641829644809843947, 1.000000000000000000),
 ( 1.000000000000000000, 0.9639929816152359443, 1.000000000000000000),
 ( 1.000000000000000000, 0.9634558518590916609, 1.000000000000000000),
 ( 1.000000000000000000, 0.9631070395770525705, 1.000000000000000000),
 ( 1.000000000000000000, 0.9618641809242031160, 1.000000000000000000),
 ( 1.000000000000000000, 0.9607730395858741224, 1.000000000000000000),
 ( 1.000000000000000000, 0.9569864290924404715, 1.000000000000000000),
 ( 1.000000000000000000, 0.9537975157633993284, 1.000000000000000000),
 ( 1.000000000000000000, 0.9471992343038964091, 1.000000000000000000),
 ( 1.000000000000000000, 0.9438335539110414008, 1.000000000000000000),
 ( 1.000000000000000000, 0.9406324994411178197, 1.000000000000000000) ) ) 
 REPRESENTATION_ITEM ( '' )  SURFACE ( )  );
#7637 = ORIENTED_EDGE ( 'NONE', *, *, #3973, .T. ) ;
#7638 = EDGE_CURVE ( 'NONE', #624, #4411, #1984, .T. ) ;
#7639 = DIRECTION ( 'NONE',  ( 1.000000000000000000, 0.000000000000000000, 0.000000000000000000 ) ) ;
#7640 = VECTOR ( 'NONE', #5937, 1000.000000000000000 ) ;
#7641 = CARTESIAN_POINT ( 'NONE',  ( 480.9999999999999432, 286.8333081229242225, -14.35649365081389917 ) ) ;
#7642 = VERTEX_POINT ( 'NONE', #3736 ) ;
#7643 = CARTESIAN_POINT ( 'NONE',  ( 463.3999999999999204, 297.8844405247982081, 16.48229637546773674 ) ) ;
#7644 = ORIENTED_EDGE ( 'NONE', *, *, #9762, .F. ) ;
#7645 = CYLINDRICAL_SURFACE ( 'NONE', #5180, 6.500000000000000888 ) ;
#7646 = CARTESIAN_POINT ( 'NONE',  ( 480.9999999999999432, 427.4419730684657566, -46.41514919502148473 ) ) ;
#7647 = VERTEX_POINT ( 'NONE', #6826 ) ;
#7648 = CARTESIAN_POINT ( 'NONE',  ( 449.4999999999999432, 429.5999999999998522, -6.760771534031785990 ) ) ;
#7649 = DIRECTION ( 'NONE',  ( 1.000000000000000000, 0.000000000000000000, 0.000000000000000000 ) ) ;
#7650 = ORIENTED_EDGE ( 'NONE', *, *, #9912, .T. ) ;
#7651 = EDGE_LOOP ( 'NONE', ( #4666, #5214, #8511, #652, #3852 ) ) ;
#7652 = CARTESIAN_POINT ( 'NONE',  ( 442.6000000000000227, 294.2143873723851470, 20.15223527939131998 ) ) ;
#7653 = CARTESIAN_POINT ( 'NONE',  ( 444.2933333333333508, 297.3233250367960068, 26.62996359750183117 ) ) ;
#7654 = ADVANCED_FACE ( 'NONE', ( #5862 ), #6138, .F. ) ;
#7655 = DIRECTION ( 'NONE',  ( 1.000000000000000000, 0.000000000000000000, 0.000000000000000000 ) ) ;
#7657 = EDGE_LOOP ( 'NONE', ( #5815, #83, #1423, #9856 ) ) ;
#7656 = VECTOR ( 'NONE', #5759, 1000.000000000000114 ) ;
#7658 = LINE ( 'NONE', #2180, #6031 ) ;
#7659 = AXIS2_PLACEMENT_3D ( 'NONE', #9160, #6931, #9300 ) ;
#7660 = DIRECTION ( 'NONE',  ( 0.000000000000000000, 0.2325235526185134571, -0.9725907656757110109 ) ) ;
#7661 = EDGE_LOOP ( 'NONE', ( #6379, #8345, #243, #3190, #9977, #7336, #5155, #5067, #8711, #9348, #570, #7584, #10, #306, #5171, #3123, #6899, #9586, #9862, #6734, #455, #5719, #8845, #6347 ) ) ;
#7662 = FACE_OUTER_BOUND ( 'NONE', #1658, .T. ) ;
#7663 = CARTESIAN_POINT ( 'NONE',  ( 420.4691390977331480, 521.5976552460897437, 41.67005201591396713 ) ) ;
#7664 = ORIENTED_EDGE ( 'NONE', *, *, #2339, .T. ) ;
#7665 = CIRCLE ( 'NONE', #7329, 4.762500000000011724 ) ;
#7666 = TOROIDAL_SURFACE ( 'NONE', #7157, 4.000000000000031086, 4.000000000000000000 ) ;
#7667 = EDGE_CURVE ( 'NONE', #1739, #8110, #9100, .T. ) ;
#7668 = DIRECTION ( 'NONE',  ( -1.934902151088186043E-17, -0.2325235526185132906, 0.9725907656757108999 ) ) ;
#7669 = CYLINDRICAL_SURFACE ( 'NONE', #1855, 3.174999999999989608 ) ;
#7670 = CARTESIAN_POINT ( 'NONE',  ( 445.3999999999999204, 296.1228751062957372, 16.27387480217103288 ) ) ;
#7671 = AXIS2_PLACEMENT_3D ( 'NONE', #530, #5973, #580 ) ;
#7672 = VECTOR ( 'NONE', #4098, 1000.000000000000000 ) ;
#7673 = CARTESIAN_POINT ( 'NONE',  ( 445.3999999999783199, 298.5950935725571185, -24.87133893377363947 ) ) ;
#7674 = CARTESIAN_POINT ( 'NONE',  ( 480.8910156855808964, 461.5565109951168665, 40.40973440988869214 ) ) ;
#7675 = ORIENTED_EDGE ( 'NONE', *, *, #3325, .T. ) ;
#7676 = AXIS2_PLACEMENT_3D ( 'NONE', #2493, #4160, #2656 ) ;
#7677 = DIRECTION ( 'NONE',  ( -2.478716320810480276E-16, 1.000000000000000000, 0.000000000000000000 ) ) ;
#7678 = CARTESIAN_POINT ( 'NONE',  ( 441.0000000000001137, 298.4598489796746890, -23.09965899063387340 ) ) ;
#7679 = EDGE_CURVE ( 'NONE', #10052, #4735, #5179, .T. ) ;
#7680 = CARTESIAN_POINT ( 'NONE',  ( 439.9999999999998295, 542.5548561088976385, 16.57574272148021066 ) ) ;
#7681 = ORIENTED_EDGE ( 'NONE', *, *, #2570, .F. ) ;
#7682 = CLOSED_SHELL ( 'NONE', ( #8626, #3047, #3082, #6416, #98, #10197, #1891, #3425, #123, #5793, #5871, #7878, #3276, #6113, #5034, #3595, #5670, #4002, #7200, #8665, #6102, #7814, #6355, #5808, #1054, #7527, #5118, #5358, #4183, #7206, #7395, #2583, #8827, #3770, #1751, #7629, #3270, #5796, #8571, #1152, #4474, #4652, #6685, #497, #9503, #1561, #6795, #1137, #1455, #6117, #4828, #5983, #6587, #1425, #3863, #4478, #6377, #3593, #865, #2014, #9452, #606, #43, #3532, #3745, #2464, #9642, #7565, #4654, #3718, #8912, #3954, #2590, #3655, #6176, #3136, #4646, #2448, #2388, #6616, #8259, #3282, #8275, #465, #4032, #10019, #7262, #1330, #8634, #507, #6736, #8290, #5631, #7245, #10082, #3959, #5033, #581, #4090, #5123, #3551, #2073, #9143, #3845, #7491, #3902, #2888, #5077, #4738, #13, #2397, #552, #8326, #6237, #10141, #6299, #415, #2254, #2472, #26, #3856, #5533, #6944, #227, #2899, #2762, #5196, #872, #5839, #6226, #9782, #6868, #8745, #2482, #2573, #5490, #6990, #5527, #6676, #1999, #5415, #2078, #8702, #7049, #7692, #4166, #4247, #1220, #8463, #6238, #7971, #5935, #4603, #3897, #91, #4895, #3238, #1117, #3537, #3288, #3460, #5301, #3196, #3739, #3594, #6709, #8696, #5342, #8074, #5924, #4323, #2157, #4788, #9992, #5290, #8398, #1946, #9719, #6742, #3212, #8729, #9964, #1983, #3646, #2382, #8200, #5599, #100, #5338, #2306, #928, #1519, #6022, #1387, #1274, #7690, #372, #3326, #4445, #2088, #2316, #5584, #1616, #8350, #4058, #5229, #9258, #9211, #4773, #4535, #3478, #546, #2634, #6619, #6982, #7342, #8082, #3541, #7071, #8417, #2094, #6482, #4719, #4496, #160, #5169, #7066, #6493, #2510, #1126, #1089, #6365, #8133, #1064, #991, #3448, #1204, #5872, #6939, #7569, #3990, #3965, #8503, #850, #9253, #7953, #6544, #4155, #7043, #2193, #7400, #7915, #7744, #2250, #1826, #3838, #9437, #8524, #3393, #4505, #8334, #8416, #1104, #1766, #7654, #6735, #9151, #1709, #1319, #1618, #4971, #10105, #148, #3457, #3914, #8836, #4045, #6991, #8561, #4380, #2919, #8161 ) ) ;
#7683 = DIRECTION ( 'NONE',  ( 0.000000000000000000, 0.1710331931357861601, 0.9852652672482558049 ) ) ;
#7684 = CARTESIAN_POINT ( 'NONE',  ( 440.9999999999998295, 436.1000000000004775, -43.41514919502161973 ) ) ;
#7685 = CARTESIAN_POINT ( 'NONE',  ( 448.8279509398920482, 525.2653861163724969, -25.14058377671948818 ) ) ;
#7686 = ORIENTED_EDGE ( 'NONE', *, *, #4587, .F. ) ;
#7687 = EDGE_CURVE ( 'NONE', #1296, #3744, #4364, .T. ) ;
#7688 = EDGE_CURVE ( 'NONE', #9594, #645, #2855, .T. ) ;
#7689 = CARTESIAN_POINT ( 'NONE',  ( 442.5999999999999659, 294.0810626559520529, 22.54443513109661978 ) ) ;
#7690 = ADVANCED_FACE ( 'NONE', ( #709 ), #7632, .F. ) ;
#7691 = CARTESIAN_POINT ( 'NONE',  ( 443.9999999999999432, 538.8899563225709244, 45.36803544799825971 ) ) ;
#7692 = ADVANCED_FACE ( 'NONE', ( #6306 ), #2321, .F. ) ;
#7693 = ORIENTED_EDGE ( 'NONE', *, *, #5458, .F. ) ;
#7694 = CARTESIAN_POINT ( 'NONE',  ( 413.9999999999999432, 536.0886861333490288, -17.09448375015855603 ) ) ;
#7695 = VERTEX_POINT ( 'NONE', #5327 ) ;
#7696 = DIRECTION ( 'NONE',  ( 0.000000000000000000, 0.000000000000000000, 1.000000000000000000 ) ) ;
#7697 = CARTESIAN_POINT ( 'NONE',  ( 447.4999999999999432, 417.6000000000000227, -30.64042097131219933 ) ) ;
#7698 = ORIENTED_EDGE ( 'NONE', *, *, #6745, .F. ) ;
#7699 = DIRECTION ( 'NONE',  ( 0.000000000000000000, 0.000000000000000000, 1.000000000000000000 ) ) ;
#7700 = DIRECTION ( 'NONE',  ( 0.000000000000000000, 0.6364713999879874073, 0.7713003027338517503 ) ) ;
#7701 = EDGE_LOOP ( 'NONE', ( #7789, #4145, #10078, #1266 ) ) ;
#7702 = EDGE_CURVE ( 'NONE', #2075, #1703, #680, .T. ) ;
#7703 = EDGE_LOOP ( 'NONE', ( #6872, #8068, #909, #9223 ) ) ;
#7704 = AXIS2_PLACEMENT_3D ( 'NONE', #605, #4553, #7699 ) ;
#7705 = DIRECTION ( 'NONE',  ( 0.000000000000000000, 0.000000000000000000, 1.000000000000000000 ) ) ;
#7706 = AXIS2_PLACEMENT_3D ( 'NONE', #8706, #4675, #7840 ) ;
#7707 = CARTESIAN_POINT ( 'NONE',  ( 439.0984044788766028, 536.1263331320160432, -19.81954640084850539 ) ) ;
#7708 = APPROVAL_STATUS ( 'not_yet_approved' ) ;
#7709 = DIRECTION ( 'NONE',  ( 0.000000000000000000, -0.9852652672482568041, 0.1710331931357803592 ) ) ;
#7710 = ORIENTED_EDGE ( 'NONE', *, *, #7317, .F. ) ;
#7711 = LINE ( 'NONE', #662, #5200 ) ;
#7712 = EDGE_CURVE ( 'NONE', #9033, #9648, #6187, .T. ) ;
#7713 = DIRECTION ( 'NONE',  ( 0.000000000000000000, 0.000000000000000000, -1.000000000000000000 ) ) ;
#7714 = VERTEX_POINT ( 'NONE', #9442 ) ;
#7715 = CARTESIAN_POINT ( 'NONE',  ( 440.9999999999999432, 461.5999999999999659, 18.23922846596880731 ) ) ;
#7716 = CARTESIAN_POINT ( 'NONE',  ( 444.5932000679999305, 389.9107752361574057, 45.68089797006117436 ) ) ;
#7717 = VERTEX_POINT ( 'NONE', #9344 ) ;
#7718 = EDGE_CURVE ( 'NONE', #2023, #9318, #8774, .T. ) ;
#7719 = DIRECTION ( 'NONE',  ( 0.000000000000000000, 0.000000000000000000, 1.000000000000000000 ) ) ;
#7720 = CARTESIAN_POINT ( 'NONE',  ( 443.4999999999999432, 413.6000000000000227, 40.03443545679897397 ) ) ;
#7721 = CARTESIAN_POINT ( 'NONE',  ( 479.3999999999999204, 276.9938854097435978, -14.82214188486084083 ) ) ;
#7722 = CARTESIAN_POINT ( 'NONE',  ( 441.2589317722669762, 421.5391251179198662, -4.354107389230076564 ) ) ;
#7723 = AXIS2_PLACEMENT_3D ( 'NONE', #651, #3771, #3092 ) ;
#7724 = CARTESIAN_POINT ( 'NONE',  ( 451.3999999999999204, 298.7968658923079488, -24.91855703046977055 ) ) ;
#7725 = DIRECTION ( 'NONE',  ( 0.000000000000000000, 0.2325235526185132351, -0.9725907656757110109 ) ) ;
#7726 = ORIENTED_EDGE ( 'NONE', *, *, #6870, .T. ) ;
#7727 = AXIS2_PLACEMENT_3D ( 'NONE', #3808, #1383, #7002 ) ;
#7728 = CARTESIAN_POINT ( 'NONE',  ( 440.9999999999997726, 298.2213942343094004, -22.94311172030533896 ) ) ;
#7729 = CARTESIAN_POINT ( 'NONE',  ( 441.0000000000000568, 299.0297674847286089, -23.33181251426103486 ) ) ;
#7730 = CARTESIAN_POINT ( 'NONE',  ( 440.0000000000264890, 548.3987471092196984, 10.33139956489927336 ) ) ;
#7731 = ORIENTED_EDGE ( 'NONE', *, *, #9894, .T. ) ;
#7732 = CARTESIAN_POINT ( 'NONE',  ( 449.0261868888240997, 453.1000000000001933, -4.211706323955115572 ) ) ;
#7733 = CIRCLE ( 'NONE', #2787, 4.000000000000003553 ) ;
#7734 = CARTESIAN_POINT ( 'NONE',  ( 461.9999999999998863, 429.6000000000000227, -32.91514919502149894 ) ) ;
#7735 = EDGE_CURVE ( 'NONE', #1501, #6139, #6968, .T. ) ;
#7736 = CARTESIAN_POINT ( 'NONE',  ( 426.7363749924476792, 535.5564061923140571, -21.78177300795762150 ) ) ;
#7737 = ORIENTED_EDGE ( 'NONE', *, *, #9265, .F. ) ;
#7738 = CARTESIAN_POINT ( 'NONE',  ( 442.5999999999997954, 294.2043076894396449, 23.23681269299073548 ) ) ;
#7739 = DIRECTION ( 'NONE',  ( -0.4816390039686730407, 0.8342232257806131424, -0.2685060137580776995 ) ) ;
#7740 = ORIENTED_EDGE ( 'NONE', *, *, #5095, .T. ) ;
#7741 = CARTESIAN_POINT ( 'NONE',  ( 440.9999999999998863, 436.1000000000004775, -43.41514919502154157 ) ) ;
#7742 = ORIENTED_EDGE ( 'NONE', *, *, #5476, .F. ) ;
#7743 = CARTESIAN_POINT ( 'NONE',  ( 480.9999999999999432, 285.7438236647383292, 16.59122402630373116 ) ) ;
#7744 = ADVANCED_FACE ( 'NONE', ( #6205 ), #3016, .F. ) ;
#7745 = CARTESIAN_POINT ( 'NONE',  ( 440.9999999999999432, 451.1750022177633355, 9.584850804978508165 ) ) ;
#7746 = VERTEX_POINT ( 'NONE', #2229 ) ;
#7747 = CARTESIAN_POINT ( 'NONE',  ( 449.1568542494924259, 421.6000000000000796, -11.11762578352361963 ) ) ;
#7748 = AXIS2_PLACEMENT_3D ( 'NONE', #7315, #8154, #4233 ) ;
#7749 = CARTESIAN_POINT ( 'NONE',  ( 444.5932000679999305, 393.8011382988602804, 46.61099218053522719 ) ) ;
#7750 = EDGE_CURVE ( 'NONE', #6866, #5741, #6471, .T. ) ;
#7751 = ORIENTED_EDGE ( 'NONE', *, *, #7931, .T. ) ;
#7752 = EDGE_CURVE ( 'NONE', #7419, #5397, #6256, .T. ) ;
#7753 = CARTESIAN_POINT ( 'NONE',  ( 423.0989022718110846, 524.7382376802346471, 53.65518321609366836 ) ) ;
#7754 = DIRECTION ( 'NONE',  ( 1.000000000000000000, 0.000000000000000000, 0.000000000000000000 ) ) ;
#7755 = CONICAL_SURFACE ( 'NONE', #10219, 2.000000000000001776, 1.029744258676659197 ) ;
#7756 = DIRECTION ( 'NONE',  ( 1.000000000000000000, 2.478716320810480276E-16, 0.000000000000000000 ) ) ;
#7757 = ORIENTED_EDGE ( 'NONE', *, *, #64, .T. ) ;
#7758 = FACE_OUTER_BOUND ( 'NONE', #3138, .T. ) ;
#7759 = EDGE_CURVE ( 'NONE', #5672, #4319, #3337, .T. ) ;
#7760 = DIRECTION ( 'NONE',  ( 0.000000000000000000, -0.4230769230769665934, 0.9060937684145756732 ) ) ;
#7761 = EDGE_LOOP ( 'NONE', ( #1238, #5615, #1341, #2428, #4360 ) ) ;
#7762 = EDGE_CURVE ( 'NONE', #3553, #7278, #7857, .T. ) ;
#7763 = DIRECTION ( 'NONE',  ( -1.000000000000000000, -0.000000000000000000, 0.000000000000000000 ) ) ;
#7764 = DIRECTION ( 'NONE',  ( 0.000000000000000000, 0.000000000000000000, -1.000000000000000000 ) ) ;
#7765 = VERTEX_POINT ( 'NONE', #8675 ) ;
#7766 = EDGE_CURVE ( 'NONE', #6399, #7647, #2185, .T. ) ;
#7767 = CYLINDRICAL_SURFACE ( 'NONE', #1350, 4.000000000000003553 ) ;
#7768 = CARTESIAN_POINT ( 'NONE',  ( 447.8086209999955258, 419.1480358376766731, 19.32789633864723911 ) ) ;
#7769 = CARTESIAN_POINT ( 'NONE',  ( 444.0000000000000000, 550.3048671542007924, 5.341942624846063303 ) ) ;
#7770 = DIRECTION ( 'NONE',  ( -0.000000000000000000, -0.9037352650169011570, -0.4280917784363907352 ) ) ;
#7771 = FACE_OUTER_BOUND ( 'NONE', #8609, .T. ) ;
#7772 = AXIS2_PLACEMENT_3D ( 'NONE', #9850, #8500, #7677 ) ;
#7773 = CARTESIAN_POINT ( 'NONE',  ( 414.0000000000000568, 549.1009104609591986, 14.96251753043065058 ) ) ;
#7774 = ORIENTED_EDGE ( 'NONE', *, *, #4842, .F. ) ;
#7775 = CARTESIAN_POINT ( 'NONE',  ( 451.4999999999999432, 421.6000000000000227, 24.93922846596874976 ) ) ;
#7776 = CARTESIAN_POINT ( 'NONE',  ( 451.3494066760256374, 523.4809186298974737, -25.72300306711524343 ) ) ;
#7777 = EDGE_CURVE ( 'NONE', #6305, #9866, #7462, .T. ) ;
#7778 = CARTESIAN_POINT ( 'NONE',  ( 439.9999999999556053, 547.6785568815635088, 14.50101823833001546 ) ) ;
#7779 = EDGE_LOOP ( 'NONE', ( #3571, #5833, #4250, #5448 ) ) ;
#7780 = FACE_OUTER_BOUND ( 'NONE', #4954, .T. ) ;
#7781 = CARTESIAN_POINT ( 'NONE',  ( 446.6487042573085091, 453.1000000000000227, -0.02318507592295981218 ) ) ;
#7782 = DIRECTION ( 'NONE',  ( 0.000000000000000000, 1.000000000000000000, 0.000000000000000000 ) ) ;
#7783 = VECTOR ( 'NONE', #8446, 1000.000000000000000 ) ;
#7784 = DIRECTION ( 'NONE',  ( 0.000000000000000000, 0.6364713999879899609, 0.7713003027338496409 ) ) ;
#7785 = ORIENTED_EDGE ( 'NONE', *, *, #1756, .T. ) ;
#7786 = DIRECTION ( 'NONE',  ( 0.8660254037844395958, 0.4999999999999985567, 0.000000000000000000 ) ) ;
#7787 = VECTOR ( 'NONE', #2804, 1000.000000000000000 ) ;
#7788 = AXIS2_PLACEMENT_3D ( 'NONE', #6152, #4561, #3053 ) ;
#7789 = ORIENTED_EDGE ( 'NONE', *, *, #1462, .F. ) ;
#7790 = CARTESIAN_POINT ( 'NONE',  ( 449.5000000000000568, 446.6000000000000227, 45.08485080497835185 ) ) ;
#7791 = ORIENTED_EDGE ( 'NONE', *, *, #2285, .F. ) ;
#7792 = CARTESIAN_POINT ( 'NONE',  ( 443.9999999999999432, 538.3604643982596372, 23.62334978965654742 ) ) ;
#7793 = DIRECTION ( 'NONE',  ( 0.000000000000000000, 1.000000000000000000, -3.562378566738086561E-15 ) ) ;
#7794 = ORIENTED_EDGE ( 'NONE', *, *, #5046, .F. ) ;
#7795 = CARTESIAN_POINT ( 'NONE',  ( 447.4999999999999432, 419.9431457505076537, -9.460771534031238161 ) ) ;
#7796 = DIRECTION ( 'NONE',  ( -0.7071067811865477948, 0.6640775471338854485, 0.2429012379397059995 ) ) ;
#7797 = ORIENTED_EDGE ( 'NONE', *, *, #815, .F. ) ;
#7798 = VECTOR ( 'NONE', #2777, 1000.000000000000000 ) ;
#7799 = CARTESIAN_POINT ( 'NONE',  ( 449.4999999999999432, 429.5999999999998522, -28.41514919502196790 ) ) ;
#7800 = LINE ( 'NONE', #6254, #3370 ) ;
#7801 = PERSON_AND_ORGANIZATION ( #4277, #4175 ) ;
#7802 = ORIENTED_EDGE ( 'NONE', *, *, #1964, .F. ) ;
#7803 = EDGE_CURVE ( 'NONE', #9378, #624, #8531, .T. ) ;
#7804 = DIRECTION ( 'NONE',  ( -1.000000000000000000, -2.478716320810480276E-16, -0.000000000000000000 ) ) ;
#7805 = ORIENTED_EDGE ( 'NONE', *, *, #8892, .F. ) ;
#7806 = DIRECTION ( 'NONE',  ( 0.000000000000000000, 0.000000000000000000, 1.000000000000000000 ) ) ;
#7807 = CARTESIAN_POINT ( 'NONE',  ( 415.4242395189055514, 525.9818331029815681, 50.27214097736701603 ) ) ;
#7808 = EDGE_CURVE ( 'NONE', #3240, #8477, #869, .T. ) ;
#7809 = EDGE_LOOP ( 'NONE', ( #3776, #857, #3140, #4857 ) ) ;
#7810 = AXIS2_PLACEMENT_3D ( 'NONE', #289, #7269, #2520 ) ;
#7811 = DIRECTION ( 'NONE',  ( 0.7071067811865522357, -0.7071067811865429098, 0.000000000000000000 ) ) ;
#7812 = LINE ( 'NONE', #717, #1841 ) ;
#7813 = ORIENTED_EDGE ( 'NONE', *, *, #8072, .F. ) ;
#7814 = ADVANCED_FACE ( 'NONE', ( #9599 ), #1030, .F. ) ;
#7815 = EDGE_CURVE ( 'NONE', #4319, #5725, #4902, .T. ) ;
#7816 = VECTOR ( 'NONE', #813, 1000.000000000000000 ) ;
#7817 = AXIS2_PLACEMENT_3D ( 'NONE', #4407, #5013, #5955 ) ;
#7818 = AXIS2_PLACEMENT_3D ( 'NONE', #5956, #1252, #1923 ) ;
#7819 = CYLINDRICAL_SURFACE ( 'NONE', #6126, 56.00000000000000000 ) ;
#7820 = CARTESIAN_POINT ( 'NONE',  ( 440.9999999999994316, 296.9960411575001444, 24.78349493284660454 ) ) ;
#7821 = EDGE_CURVE ( 'NONE', #5062, #2187, #5321, .T. ) ;
#7822 = CYLINDRICAL_SURFACE ( 'NONE', #9419, 6.199999999999983302 ) ;
#7823 = DIRECTION ( 'NONE',  ( -1.000000000000000000, 0.000000000000000000, 0.000000000000000000 ) ) ;
#7824 = CARTESIAN_POINT ( 'NONE',  ( 445.4000000000143018, 296.0662818471179207, 26.09151535806103439 ) ) ;
#7825 = CIRCLE ( 'NONE', #5501, 2.000000000000001776 ) ;
#7826 = VECTOR ( 'NONE', #7173, 1000.000000000000227 ) ;
#7827 = CARTESIAN_POINT ( 'NONE',  ( 445.4000000000016826, 298.8991512928275256, -24.93859135373205405 ) ) ;
#7828 = CIRCLE ( 'NONE', #4375, 8.000000000000007105 ) ;
#7829 = PLANE ( 'NONE',  #5603 ) ;
#7830 = EDGE_LOOP ( 'NONE', ( #2451, #4369, #1996, #7230 ) ) ;
#7831 = CARTESIAN_POINT ( 'NONE',  ( 442.6000000000000796, 296.1570393347327581, -16.26881150325626635 ) ) ;
#7832 = CIRCLE ( 'NONE', #2385, 4.000000000000010658 ) ;
#7833 = CIRCLE ( 'NONE', #889, 7.500000000000000000 ) ;
#7834 = DIRECTION ( 'NONE',  ( -1.000000000000000000, 0.000000000000000000, 0.000000000000000000 ) ) ;
#7835 = CARTESIAN_POINT ( 'NONE',  ( 444.0000000000175646, 547.9949062809922680, 13.33003095458797382 ) ) ;
#7836 = ORIENTED_EDGE ( 'NONE', *, *, #3530, .F. ) ;
#7837 = EDGE_CURVE ( 'NONE', #2694, #9421, #976, .T. ) ;
#7838 = CARTESIAN_POINT ( 'NONE',  ( 459.3999999999999204, 276.9938854097435978, 0.1778581151391607218 ) ) ;
#7839 = CARTESIAN_POINT ( 'NONE',  ( 447.4999999999999432, 412.6699057895259557, 43.92479851950179892 ) ) ;
#7840 = DIRECTION ( 'NONE',  ( 0.000000000000000000, 0.000000000000000000, -1.000000000000000000 ) ) ;
#7841 = VECTOR ( 'NONE', #6420, 1000.000000000000000 ) ;
#7842 = CARTESIAN_POINT ( 'NONE',  ( 418.2827967599855583, 535.5221991806220103, -19.89357454654674839 ) ) ;
#7843 = ORIENTED_EDGE ( 'NONE', *, *, #9575, .F. ) ;
#7844 = CARTESIAN_POINT ( 'NONE',  ( 422.9613023367617188, 536.8271596725510335, -19.73868048637183747 ) ) ;
#7845 = EDGE_LOOP ( 'NONE', ( #8116, #6614, #5084, #8991 ) ) ;
#7846 = CARTESIAN_POINT ( 'NONE',  ( 414.0258093420318346, 534.5376363617771176, -19.13836765131310713 ) ) ;
#7847 = ORIENTED_EDGE ( 'NONE', *, *, #5153, .F. ) ;
#7848 = DIRECTION ( 'NONE',  ( 1.000000000000000000, 0.000000000000000000, 0.000000000000000000 ) ) ;
#7849 = CARTESIAN_POINT ( 'NONE',  ( 425.4588531724841687, 520.8631485070452527, 46.58485080497850106 ) ) ;
#7850 = ORIENTED_EDGE ( 'NONE', *, *, #1728, .F. ) ;
#7851 = DIRECTION ( 'NONE',  ( 1.000000000000000000, -2.996186134945139640E-16, -0.000000000000000000 ) ) ;
#7852 = DIRECTION ( 'NONE',  ( -1.000000000000000000, 2.996186134945139640E-16, 0.000000000000000000 ) ) ;
#7853 = EDGE_LOOP ( 'NONE', ( #3813, #8581, #4509, #3242 ) ) ;
#7854 = DIRECTION ( 'NONE',  ( 1.000000000000000000, 0.000000000000000000, 0.000000000000000000 ) ) ;
#7855 = CARTESIAN_POINT ( 'NONE',  ( 417.6478958682967004, 524.2217950334143097, 53.06319487780987743 ) ) ;
#7856 = CARTESIAN_POINT ( 'NONE',  ( 444.2365683075932452, 534.2286614222825847, -20.08170005236728173 ) ) ;
#7857 = LINE ( 'NONE', #9292, #3172 ) ;
#7858 = EDGE_LOOP ( 'NONE', ( #6746, #8163, #2697, #4444 ) ) ;
#7859 = CARTESIAN_POINT ( 'NONE',  ( 450.4019253413496244, 292.1140857503686448, 25.38455713461147667 ) ) ;
#7860 = DIRECTION ( 'NONE',  ( -1.000000000000000000, 0.000000000000000000, -0.000000000000000000 ) ) ;
#7861 = ORIENTED_EDGE ( 'NONE', *, *, #4097, .T. ) ;
#7862 = DIRECTION ( 'NONE',  ( 0.000000000000000000, -0.9852652672482566931, 0.1710331931357803870 ) ) ;
#7863 = CARTESIAN_POINT ( 'NONE',  ( 442.5999999999999659, 295.6494130162378724, -17.66551688742913839 ) ) ;
#7864 = ORIENTED_EDGE ( 'NONE', *, *, #9127, .F. ) ;
#7865 = CIRCLE ( 'NONE', #7030, 6.853553390593289940 ) ;
#7866 = CARTESIAN_POINT ( 'NONE',  ( 440.9999999999999432, 461.6000000000000227, 18.23922846596918390 ) ) ;
#7867 = DIRECTION ( 'NONE',  ( 0.000000000000000000, -0.2325235526185131796, 0.9725907656757110109 ) ) ;
#7868 = AXIS2_PLACEMENT_3D ( 'NONE', #1300, #1196, #5068 ) ;
#7869 = CARTESIAN_POINT ( 'NONE',  ( 429.7117254223963414, 533.1220476110921709, -22.57630549912907014 ) ) ;
#7870 = CARTESIAN_POINT ( 'NONE',  ( 449.0872803198493557, 296.1287611781415308, -13.97139569955692551 ) ) ;
#7871 = CARTESIAN_POINT ( 'NONE',  ( 451.3999999999997499, 294.8267193135866933, 32.13788535001853575 ) ) ;
#7872 = EDGE_CURVE ( 'NONE', #4787, #1315, #5645, .T. ) ;
#7873 = CARTESIAN_POINT ( 'NONE',  ( 440.9999999999994316, 296.9960411575001444, 24.78349493284660454 ) ) ;
#7874 = CARTESIAN_POINT ( 'NONE',  ( 479.9577062316873253, 468.5503855319574882, -43.65137797472398518 ) ) ;
#7875 = CARTESIAN_POINT ( 'NONE',  ( 480.9999999999999432, 458.1912265117932179, -45.97388025194777583 ) ) ;
#7876 = EDGE_CURVE ( 'NONE', #9318, #2851, #853, .T. ) ;
#7877 = ORIENTED_EDGE ( 'NONE', *, *, #3076, .F. ) ;
#7878 = ADVANCED_FACE ( 'NONE', ( #4092 ), #7229, .F. ) ;
#7879 = CARTESIAN_POINT ( 'NONE',  ( 442.5999999999998522, 295.4565359030302147, -21.08166891764394180 ) ) ;
#7880 = AXIS2_PLACEMENT_3D ( 'NONE', #3934, #3886, #9396 ) ;
#7881 = DIRECTION ( 'NONE',  ( 0.000000000000000000, -1.000000000000000000, 0.000000000000000000 ) ) ;
#7882 = CARTESIAN_POINT ( 'NONE',  ( 336.0902124738105385, 362.4938854097437115, -23.15758699032833334 ) ) ;
#7883 = EDGE_LOOP ( 'NONE', ( #6408, #7039, #2413, #6905 ) ) ;
#7884 = DIRECTION ( 'NONE',  ( 0.000000000000000000, -1.000000000000000000, -3.168761549450941330E-14 ) ) ;
#7885 = CARTESIAN_POINT ( 'NONE',  ( 444.2676694523393053, 536.5786388490370200, -7.353959520113216186 ) ) ;
#7886 = CARTESIAN_POINT ( 'NONE',  ( 449.1124242519301220, 420.8189493001740402, -5.865556050849176195 ) ) ;
#7887 = AXIS2_PLACEMENT_3D ( 'NONE', #7533, #1130, #4394 ) ;
#7888 = CARTESIAN_POINT ( 'NONE',  ( 440.9999999999998863, 436.1000000000002501, 18.23922846596880731 ) ) ;
#7889 = ORIENTED_EDGE ( 'NONE', *, *, #10144, .T. ) ;
#7890 = EDGE_CURVE ( 'NONE', #7955, #9555, #5988, .T. ) ;
#7891 = CARTESIAN_POINT ( 'NONE',  ( 8.365475755358876078E-16, 10.75063789376783596, -44.96736361910151913 ) ) ;
#7892 = ORIENTED_EDGE ( 'NONE', *, *, #4318, .F. ) ;
#7893 = CARTESIAN_POINT ( 'NONE',  ( 413.9989999999999668, 532.3604643982598645, 35.69889116825613939 ) ) ;
#7894 = ORIENTED_EDGE ( 'NONE', *, *, #5350, .F. ) ;
#7895 = CYLINDRICAL_SURFACE ( 'NONE', #1878, 3.999999999999982681 ) ;
#7896 = CIRCLE ( 'NONE', #3446, 15.00000000000001421 ) ;
#7897 = CARTESIAN_POINT ( 'NONE',  ( 480.9999999999999432, 276.9938854097435978, 0.1778581151391607218 ) ) ;
#7898 = ORIENTED_EDGE ( 'NONE', *, *, #5887, .T. ) ;
#7899 = CARTESIAN_POINT ( 'NONE',  ( 447.4999999999999432, 404.9000000000000341, 56.58485080497850817 ) ) ;
#7900 = DIRECTION ( 'NONE',  ( 0.000000000000000000, -0.9852652672482566931, 0.1710331931357803870 ) ) ;
#7901 = EDGE_LOOP ( 'NONE', ( #6873, #6291, #9000 ) ) ;
#7902 = CIRCLE ( 'NONE', #1121, 4.000000000000003553 ) ;
#7903 = CARTESIAN_POINT ( 'NONE',  ( 441.3535533905932198, 411.6000000000000227, -9.260771534031261965 ) ) ;
#7904 =( BOUNDED_CURVE ( )  B_SPLINE_CURVE ( 3, ( #1396, #7110, #9331, #6093 ),
 .UNSPECIFIED., .F., .T. ) 
 B_SPLINE_CURVE_WITH_KNOTS ( ( 4, 4 ),
 ( 1.570796326794896558, 1.882188765683810772 ),
 .UNSPECIFIED. ) 
 CURVE ( )  GEOMETRIC_REPRESENTATION_ITEM ( )  RATIONAL_B_SPLINE_CURVE ( ( 1.000000000000000000, 0.9919358726004974258, 0.9919358726004974258, 1.000000000000000000 ) ) 
 REPRESENTATION_ITEM ( '' )  );
#7905 = CARTESIAN_POINT ( 'NONE',  ( 442.6000000000000796, 296.7140275664259548, 26.43499130457930235 ) ) ;
#7906 = VERTEX_POINT ( 'NONE', #195 ) ;
#7907 = CARTESIAN_POINT ( 'NONE',  ( 551.7106781186547551, 276.9938854097437115, 0.1778581151391607218 ) ) ;
#7908 = ORIENTED_EDGE ( 'NONE', *, *, #9525, .F. ) ;
#7909 = CARTESIAN_POINT ( 'NONE',  ( 448.2733207241458899, 294.8909242493029979, 26.04843383960104219 ) ) ;
#7910 = EDGE_CURVE ( 'NONE', #2851, #6147, #3678, .T. ) ;
#7911 = CARTESIAN_POINT ( 'NONE',  ( 418.7662641470605536, 516.7506924402996447, 56.58485080497847974 ) ) ;
#7912 = ORIENTED_EDGE ( 'NONE', *, *, #625, .F. ) ;
#7913 = DIRECTION ( 'NONE',  ( 1.000000000000000000, 0.000000000000000000, 0.000000000000000000 ) ) ;
#7914 = CARTESIAN_POINT ( 'NONE',  ( 442.5999999999998522, 296.3595393787189209, -23.29923538073115097 ) ) ;
#7915 = ADVANCED_FACE ( 'NONE', ( #1810 ), #7298, .F. ) ;
#7916 = ORIENTED_EDGE ( 'NONE', *, *, #10073, .F. ) ;
#7917 = VECTOR ( 'NONE', #3650, 1000.000000000000000 ) ;
#7918 = DIRECTION ( 'NONE',  ( 1.000000000000000000, 0.000000000000000000, 0.000000000000000000 ) ) ;
#7919 = CARTESIAN_POINT ( 'NONE',  ( 441.0000000000001705, 296.0381097097078396, 19.58561691812383287 ) ) ;
#7920 = ORIENTED_EDGE ( 'NONE', *, *, #7567, .F. ) ;
#7921 = CARTESIAN_POINT ( 'NONE',  ( 428.0461078898492246, 533.0394314509944707, -22.60326998332625692 ) ) ;
#7922 = DIRECTION ( 'NONE',  ( -1.000000000000000000, 0.000000000000000000, 0.000000000000000000 ) ) ;
#7923 = CARTESIAN_POINT ( 'NONE',  ( 451.3999999999998067, 289.7352544748526384, 27.96563794453966878 ) ) ;
#7924 = CARTESIAN_POINT ( 'NONE',  ( 440.9999999999997158, 297.5096812387418481, 25.02357450752254309 ) ) ;
#7925 = CARTESIAN_POINT ( 'NONE',  ( 419.3292571185267548, 524.1034027882833470, -15.03766668192264433 ) ) ;
#7926 = CARTESIAN_POINT ( 'NONE',  ( 413.9999999999999432, 536.0886861333490288, 36.95392536011551954 ) ) ;
#7927 = EDGE_LOOP ( 'NONE', ( #9641, #6910, #1597, #2182 ) ) ;
#7928 = CARTESIAN_POINT ( 'NONE',  ( 442.5999999999999659, 298.6322928305118580, -24.88301508064940393 ) ) ;
#7929 = DIRECTION ( 'NONE',  ( 0.000000000000000000, 0.000000000000000000, 1.000000000000000000 ) ) ;
#7930 = LINE ( 'NONE', #4007, #5028 ) ;
#7931 = EDGE_CURVE ( 'NONE', #4552, #8682, #6955, .T. ) ;
#7932 = CARTESIAN_POINT ( 'NONE',  ( 440.0000000000702585, 542.4104565516585126, 24.77504430125125978 ) ) ;
#7933 = DIRECTION ( 'NONE',  ( 1.000000000000000000, -0.000000000000000000, 0.000000000000000000 ) ) ;
#7934 = DIRECTION ( 'NONE',  ( 0.000000000000000000, 0.6364713999879891837, 0.7713003027338503070 ) ) ;
#7935 = EDGE_CURVE ( 'NONE', #3246, #5079, #7967, .T. ) ;
#7936 = CIRCLE ( 'NONE', #4632, 25.00000000000001421 ) ;
#7937 = CARTESIAN_POINT ( 'NONE',  ( 448.2133370919794970, 419.8955927438588560, -7.160730062242897098 ) ) ;
#7938 = FACE_OUTER_BOUND ( 'NONE', #1863, .T. ) ;
#7939 = VERTEX_POINT ( 'NONE', #5626 ) ;
#7940 = CC_DESIGN_DATE_AND_TIME_ASSIGNMENT ( #3882, #2953, ( #9260 ) ) ;
#7941 = DIRECTION ( 'NONE',  ( -0.7071067811865475727, 0.7071067811865475727, 0.000000000000000000 ) ) ;
#7942 = CIRCLE ( 'NONE', #7452, 16.60000000000000497 ) ;
#7943 = TOROIDAL_SURFACE ( 'NONE', #5633, 4.000000000000003553, 4.000000000000000000 ) ;
#7944 = EDGE_CURVE ( 'NONE', #6277, #9709, #5499, .T. ) ;
#7945 = ORIENTED_EDGE ( 'NONE', *, *, #6608, .F. ) ;
#7946 = CARTESIAN_POINT ( 'NONE',  ( 420.0860755581876447, 522.2437783990956177, 46.78723887908654433 ) ) ;
#7947 = EDGE_LOOP ( 'NONE', ( #6160, #2993 ) ) ;
#7948 = DIRECTION ( 'NONE',  ( 0.0005483863413718554703, -0.9506467995518017577, -0.3102746553850914135 ) ) ;
#7949 = AXIS2_PLACEMENT_3D ( 'NONE', #7977, #3430, #8190 ) ;
#7950 = DIRECTION ( 'NONE',  ( 0.000000000000000000, 0.7883228345303675555, 0.6152618211444674801 ) ) ;
#7951 = VERTEX_POINT ( 'NONE', #1244 ) ;
#7952 = CARTESIAN_POINT ( 'NONE',  ( 451.4999999999999432, 362.4938854097437115, 17.49089150335155551 ) ) ;
#7953 = ADVANCED_FACE ( 'NONE', ( #3622 ), #4348, .F. ) ;
#7954 = LINE ( 'NONE', #6450, #5341 ) ;
#7955 = VERTEX_POINT ( 'NONE', #7486 ) ;
#7956 = LINE ( 'NONE', #4693, #7149 ) ;
#7957 = AXIS2_PLACEMENT_3D ( 'NONE', #5061, #5900, #5266 ) ;
#7958 = CARTESIAN_POINT ( 'NONE',  ( 450.9360406167315318, 362.5322220289082225, 7.510399856759137016 ) ) ;
#7959 = VERTEX_POINT ( 'NONE', #5844 ) ;
#7960 = DIRECTION ( 'NONE',  ( 1.000000000000000000, 0.000000000000000000, 0.000000000000000000 ) ) ;
#7961 = VERTEX_POINT ( 'NONE', #2892 ) ;
#7962 = DIRECTION ( 'NONE',  ( 0.000000000000000000, -0.2325235526185131796, 0.9725907656757110109 ) ) ;
#7963 = CARTESIAN_POINT ( 'NONE',  ( 452.4446711291696488, 518.2674270503505340, 56.23104076940684593 ) ) ;
#7964 = VERTEX_POINT ( 'NONE', #8990 ) ;
#7965 = DIRECTION ( 'NONE',  ( -1.000000000000000000, -0.000000000000000000, 0.000000000000000000 ) ) ;
#7966 = EDGE_CURVE ( 'NONE', #1530, #2893, #6044, .T. ) ;
#7967 = CIRCLE ( 'NONE', #359, 3.999999999999999112 ) ;
#7968 = CARTESIAN_POINT ( 'NONE',  ( 442.5999999999999659, 297.6655527246024917, -24.48897417013451161 ) ) ;
#7969 = EDGE_LOOP ( 'NONE', ( #1210, #3411, #4386, #3088, #3870 ) ) ;
#7970 =( BOUNDED_SURFACE ( )  B_SPLINE_SURFACE ( 2, 3, ( 
 ( #7606, #6725, #6775, #417 ),
 ( #517, #8386, #3582, #2084 ),
 ( #5075, #9194, #4314, #4462 ) ),
 .UNSPECIFIED., .F., .F., .T. ) 
 B_SPLINE_SURFACE_WITH_KNOTS ( ( 3, 3 ),
 ( 4, 4 ),
 ( 0.000000000000000000, 1.000000000000000000 ),
 ( 0.09979067811865480198, 0.1112306781186546967 ),
 .UNSPECIFIED. ) 
 GEOMETRIC_REPRESENTATION_ITEM ( )  RATIONAL_B_SPLINE_SURFACE ( (
 ( 1.000000000000000000, 1.000000000000000000, 1.000000000000000000, 1.000000000000000000),
 ( 0.5252257314388891762, 0.5252257314388891762, 0.5252257314388891762, 0.5252257314388891762),
 ( 1.000000000000000000, 1.000000000000000000, 1.000000000000000000, 1.000000000000000000) ) ) 
 REPRESENTATION_ITEM ( '' )  SURFACE ( )  );
#7971 = ADVANCED_FACE ( 'NONE', ( #1141 ), #2070, .F. ) ;
#7972 = LINE ( 'NONE', #6465, #5763 ) ;
#7973 = DIRECTION ( 'NONE',  ( -1.000000000000000000, -0.000000000000000000, -0.000000000000000000 ) ) ;
#7974 = AXIS2_PLACEMENT_3D ( 'NONE', #3637, #6779, #1060 ) ;
#7975 = CARTESIAN_POINT ( 'NONE',  ( 441.1068867033476408, 421.8466666872456017, 13.90831432316406158 ) ) ;
#7976 = ORIENTED_EDGE ( 'NONE', *, *, #1462, .T. ) ;
#7977 = CARTESIAN_POINT ( 'NONE',  ( 443.9999999999999432, 538.3604643982596372, 23.62334978965654742 ) ) ;
#7978 = CARTESIAN_POINT ( 'NONE',  ( 446.1853981633973945, 297.0952331286823664, -14.68605186448339772 ) ) ;
#7979 = CARTESIAN_POINT ( 'NONE',  ( 445.4000000000000341, 294.0623585815931165, 22.36339243632196627 ) ) ;
#7980 = LINE ( 'NONE', #3382, #1481 ) ;
#7981 = DIRECTION ( 'NONE',  ( 1.000000000000000000, 2.478716320810480276E-16, 0.000000000000000000 ) ) ;
#7982 = ORIENTED_EDGE ( 'NONE', *, *, #915, .T. ) ;
#7983 = APPROVAL_PERSON_ORGANIZATION ( #10171, #1377, #1407 ) ;
#7984 = LINE ( 'NONE', #893, #2304 ) ;
#7985 = AXIS2_PLACEMENT_3D ( 'NONE', #5410, #2986, #8610 ) ;
#7986 = VERTEX_POINT ( 'NONE', #6666 ) ;
#7987 = CARTESIAN_POINT ( 'NONE',  ( 442.6000000000000796, 296.7399735751840240, -23.76138244958888279 ) ) ;
#7988 = DIRECTION ( 'NONE',  ( 1.000000000000000000, 0.000000000000000000, 0.000000000000000000 ) ) ;
#7989 = CARTESIAN_POINT ( 'NONE',  ( 471.0732000679998919, 393.8011382988603373, 46.61099218053524140 ) ) ;
#7990 = CARTESIAN_POINT ( 'NONE',  ( 439.9999999999299689, 545.1937692295978195, 20.17855174551965902 ) ) ;
#7991 = AXIS2_PLACEMENT_3D ( 'NONE', #1755, #2475, #2367 ) ;
#7992 = CARTESIAN_POINT ( 'NONE',  ( 480.9999999999999432, 457.1000000000000796, 43.08485080497851527 ) ) ;
#7993 = CARTESIAN_POINT ( 'NONE',  ( 451.3999999999999204, 422.6174999999979605, 56.58485080497850817 ) ) ;
#7994 = CARTESIAN_POINT ( 'NONE',  ( 451.4999999999999432, 421.6000000000000227, -2.760771534031253527 ) ) ;
#7995 = CARTESIAN_POINT ( 'NONE',  ( 443.9999999999999432, 469.3500000000000227, -29.18954201200539700 ) ) ;
#7996 = ORIENTED_EDGE ( 'NONE', *, *, #1436, .F. ) ;
#7997 = AXIS2_PLACEMENT_3D ( 'NONE', #6701, #1903, #9852 ) ;
#7998 = VECTOR ( 'NONE', #4588, 1000.000000000000000 ) ;
#7999 = CARTESIAN_POINT ( 'NONE',  ( 456.0231999999999175, 315.2260339653123538, 30.91007978661828659 ) ) ;
#8000 = ORIENTED_EDGE ( 'NONE', *, *, #1147, .F. ) ;
#8001 = CARTESIAN_POINT ( 'NONE',  ( 429.6526740142684275, 537.0104643982598418, 9.929720804978487081 ) ) ;
#8002 = ORIENTED_EDGE ( 'NONE', *, *, #9986, .F. ) ;
#8003 = CARTESIAN_POINT ( 'NONE',  ( 446.2227985363799121, 532.3604643982598645, 38.12719376686588646 ) ) ;
#8004 = VECTOR ( 'NONE', #1369, 999.9999999999998863 ) ;
#8005 = DIRECTION ( 'NONE',  ( -2.996186134945139640E-16, -1.000000000000000000, -0.000000000000000000 ) ) ;
#8006 = ORIENTED_EDGE ( 'NONE', *, *, #1558, .T. ) ;
#8007 = DIRECTION ( 'NONE',  ( 0.000000000000000000, 0.000000000000000000, -1.000000000000000000 ) ) ;
#8008 = EDGE_CURVE ( 'NONE', #8346, #8126, #7594, .T. ) ;
#8009 = LINE ( 'NONE', #4640, #6837 ) ;
#8010 = ORIENTED_EDGE ( 'NONE', *, *, #6174, .F. ) ;
#8011 = EDGE_CURVE ( 'NONE', #3464, #6139, #1295, .T. ) ;
#8012 = AXIS2_PLACEMENT_3D ( 'NONE', #6566, #7962, #8178 ) ;
#8013 = LINE ( 'NONE', #760, #5339 ) ;
#8014 = EDGE_CURVE ( 'NONE', #9181, #2265, #1367, .T. ) ;
#8015 = CARTESIAN_POINT ( 'NONE',  ( 461.9999999999998863, 457.1000000000000796, -32.91514919502149894 ) ) ;
#8016 = ORIENTED_EDGE ( 'NONE', *, *, #2845, .T. ) ;
#8017 = DIRECTION ( 'NONE',  ( 0.000000000000000000, 0.000000000000000000, 1.000000000000000000 ) ) ;
#8018 = ORIENTED_EDGE ( 'NONE', *, *, #7466, .T. ) ;
#8019 = PLANE ( 'NONE',  #2566 ) ;
#8020 = CARTESIAN_POINT ( 'NONE',  ( 417.9046363725639139, 520.2321733441855258, 56.40219866719862551 ) ) ;
#8021 = ORIENTED_EDGE ( 'NONE', *, *, #3805, .T. ) ;
#8022 = CARTESIAN_POINT ( 'NONE',  ( 629.4895604586124591, 168.7126959914163535, -135.7276745150640522 ) ) ;
#8023 = EDGE_CURVE ( 'NONE', #1833, #562, #2190, .T. ) ;
#8024 = CARTESIAN_POINT ( 'NONE',  ( 442.5999999999999091, 295.5616693696434822, -21.57523976205663274 ) ) ;
#8025 = EDGE_LOOP ( 'NONE', ( #7686, #4506 ) ) ;
#8026 = CARTESIAN_POINT ( 'NONE',  ( 447.4999999999999432, 411.6000000000000227, -2.760771534031255303 ) ) ;
#8027 = EDGE_CURVE ( 'NONE', #1727, #2512, #9038, .T. ) ;
#8028 = LINE ( 'NONE', #937, #10240 ) ;
#8029 = CARTESIAN_POINT ( 'NONE',  ( 440.9999999999998295, 295.9191676419051760, 19.94213461340046933 ) ) ;
#8030 = VERTEX_POINT ( 'NONE', #5949 ) ;
#8031 = DIRECTION ( 'NONE',  ( -0.000000000000000000, -0.000000000000000000, 1.000000000000000000 ) ) ;
#8032 = CARTESIAN_POINT ( 'NONE',  ( 417.1246043754546236, 521.6332715818401766, 55.38966734064354824 ) ) ;
#8033 = CARTESIAN_POINT ( 'NONE',  ( 445.3999999999999204, 297.4363009242989619, 26.65697347220917024 ) ) ;
#8034 = EDGE_CURVE ( 'NONE', #1029, #1106, #6613, .T. ) ;
#8035 = FACE_OUTER_BOUND ( 'NONE', #5466, .T. ) ;
#8036 = DIRECTION ( 'NONE',  ( 0.000000000000000000, 0.000000000000000000, 1.000000000000000000 ) ) ;
#8037 = VERTEX_POINT ( 'NONE', #8518 ) ;
#8038 = CONICAL_SURFACE ( 'NONE', #1111, 6.499999999999950262, 0.7853981633974482790 ) ;
#8039 = DIRECTION ( 'NONE',  ( 0.000000000000000000, -2.432982119166065118E-15, -1.000000000000000000 ) ) ;
#8040 = CIRCLE ( 'NONE', #3588, 4.000000000000007105 ) ;
#8041 = LINE ( 'NONE', #949, #2884 ) ;
#8042 = DIRECTION ( 'NONE',  ( -0.7071067811865521247, 0.7071067811865430208, 0.000000000000000000 ) ) ;
#8043 = AXIS2_PLACEMENT_3D ( 'NONE', #643, #2931, #6902 ) ;
#8044 = CARTESIAN_POINT ( 'NONE',  ( 440.0000000000000000, 541.6738595504142495, 25.86420064718342360 ) ) ;
#8045 = ORIENTED_EDGE ( 'NONE', *, *, #3900, .T. ) ;
#8046 = CARTESIAN_POINT ( 'NONE',  ( 456.0231999999999175, 319.0115803041882714, 28.73056976915495753 ) ) ;
#8047 = CARTESIAN_POINT ( 'NONE',  ( 450.6011537308251036, 421.5042775388657788, -3.908975730410154448 ) ) ;
#8048 = CARTESIAN_POINT ( 'NONE',  ( 429.6526740142684275, 542.0104643982598418, 9.929720804978487081 ) ) ;
#8049 = ORIENTED_EDGE ( 'NONE', *, *, #8337, .F. ) ;
#8050 = CARTESIAN_POINT ( 'NONE',  ( 440.0000000000000000, 543.3256028634332324, 14.84114670701976024 ) ) ;
#8051 = CARTESIAN_POINT ( 'NONE',  ( 451.3999999999999204, 276.9938854097435978, 0.1778581151391607218 ) ) ;
#8052 = CARTESIAN_POINT ( 'NONE',  ( 475.4999999999999432, 285.7438236647383292, 14.59122402630372939 ) ) ;
#8053 = VERTEX_POINT ( 'NONE', #6957 ) ;
#8054 = PLANE ( 'NONE',  #4184 ) ;
#8055 = VERTEX_POINT ( 'NONE', #7790 ) ;
#8056 = CARTESIAN_POINT ( 'NONE',  ( 441.1743353738212932, 421.7769974485134412, -2.932987642792343141 ) ) ;
#8057 = CARTESIAN_POINT ( 'NONE',  ( 454.0730317999999102, 504.1837287883886916, 56.58485080497849395 ) ) ;
#8058 = ORIENTED_EDGE ( 'NONE', *, *, #151, .T. ) ;
#8059 = CIRCLE ( 'NONE', #1459, 4.000000000000000000 ) ;
#8060 = CARTESIAN_POINT ( 'NONE',  ( 479.3999999999999204, 276.9938854097435978, 15.17785811513916094 ) ) ;
#8061 = LINE ( 'NONE', #6706, #8642 ) ;
#8062 = EDGE_LOOP ( 'NONE', ( #1480, #6475, #4812, #7631 ) ) ;
#8063 = PLANE ( 'NONE',  #6332 ) ;
#8064 = AXIS2_PLACEMENT_3D ( 'NONE', #9787, #5041, #8202 ) ;
#8065 = CARTESIAN_POINT ( 'NONE',  ( 442.6000000000003638, 294.1625044468163992, 23.04650581135178555 ) ) ;
#8066 = ORIENTED_EDGE ( 'NONE', *, *, #2220, .F. ) ;
#8067 = DIRECTION ( 'NONE',  ( 1.000000000000000000, 2.478716320810480276E-16, 0.000000000000000000 ) ) ;
#8068 = ORIENTED_EDGE ( 'NONE', *, *, #7622, .T. ) ;
#8069 = CARTESIAN_POINT ( 'NONE',  ( 451.4999999999999432, 421.6000000000000227, 14.23922846596874692 ) ) ;
#8070 = CARTESIAN_POINT ( 'NONE',  ( 415.3252002511933370, 522.7278078811569912, 54.13928651360517108 ) ) ;
#8071 = ORIENTED_EDGE ( 'NONE', *, *, #1317, .F. ) ;
#8072 = EDGE_CURVE ( 'NONE', #6624, #1453, #4995, .T. ) ;
#8073 = CARTESIAN_POINT ( 'NONE',  ( 465.9999999999998863, 457.1000000000000796, 43.08485080497851527 ) ) ;
#8074 = ADVANCED_FACE ( 'NONE', ( #695 ), #3814, .F. ) ;
#8075 = CARTESIAN_POINT ( 'NONE',  ( 442.5999999999997954, 296.6363697691281800, -23.64765061495671361 ) ) ;
#8076 = AXIS2_PLACEMENT_3D ( 'NONE', #1654, #4049, #3991 ) ;
#8077 = ORIENTED_EDGE ( 'NONE', *, *, #7821, .T. ) ;
#8078 = CARTESIAN_POINT ( 'NONE',  ( 443.9999999999999432, 541.6738595504136811, 25.86420064718407730 ) ) ;
#8079 = LINE ( 'NONE', #1100, #5346 ) ;
#8080 = EDGE_CURVE ( 'NONE', #7695, #9694, #1531, .T. ) ;
#8081 = CARTESIAN_POINT ( 'NONE',  ( 440.9999999999999432, 421.9535533905932425, 13.25143854184453573 ) ) ;
#8082 = ADVANCED_FACE ( 'NONE', ( #2357 ), #9277, .F. ) ;
#8083 = ORIENTED_EDGE ( 'NONE', *, *, #7123, .F. ) ;
#8084 = CARTESIAN_POINT ( 'NONE',  ( 441.0000000000000000, 299.2168363276435912, -23.36997517161197635 ) ) ;
#8085 = LINE ( 'NONE', #9670, #7841 ) ;
#8086 = ORIENTED_EDGE ( 'NONE', *, *, #9841, .T. ) ;
#8087 = CARTESIAN_POINT ( 'NONE',  ( 451.3999999999999773, 297.3574185375499610, 26.63811455080743684 ) ) ;
#8088 = DIRECTION ( 'NONE',  ( 0.000000000000000000, 0.000000000000000000, -1.000000000000000000 ) ) ;
#8089 = CARTESIAN_POINT ( 'NONE',  ( 443.5000000000000000, 347.1206644405273209, -9.606332081159216330 ) ) ;
#8090 = ORIENTED_EDGE ( 'NONE', *, *, #2002, .F. ) ;
#8091 = EDGE_CURVE ( 'NONE', #641, #3206, #9268, .T. ) ;
#8092 = VECTOR ( 'NONE', #1010, 1000.000000000000000 ) ;
#8093 = FACE_OUTER_BOUND ( 'NONE', #977, .T. ) ;
#8094 = FACE_OUTER_BOUND ( 'NONE', #1140, .T. ) ;
#8095 = CARTESIAN_POINT ( 'NONE',  ( 461.9999999999998863, 436.1000000000000227, -28.41514919502149183 ) ) ;
#8096 = VECTOR ( 'NONE', #5708, 1000.000000000000000 ) ;
#8097 = B_SPLINE_CURVE_WITH_KNOTS ( 'NONE', 3,
 ( #7350, #5126, #1259, #8949 ),
 .UNSPECIFIED., .F., .F.,
 ( 4, 4 ),
 ( 2.921989183283984077E-07, 0.007003874685160592535 ),
 .UNSPECIFIED. ) ;
#8098 = CARTESIAN_POINT ( 'NONE',  ( 443.9999999999998863, 543.1341171112944721, 23.66277059388666615 ) ) ;
#8099 = CARTESIAN_POINT ( 'NONE',  ( 446.2025384807743080, 453.0999999999999659, 10.89906482757535855 ) ) ;
#8100 = CARTESIAN_POINT ( 'NONE',  ( 463.3999999999999204, 276.9938854097435978, 0.1778581151391607218 ) ) ;
#8101 = CARTESIAN_POINT ( 'NONE',  ( 445.3999999999999773, 296.0300235377559943, -16.55136746288931349 ) ) ;
#8102 = CARTESIAN_POINT ( 'NONE',  ( 440.9999999999999432, 421.9535533905932425, -1.772981609906821854 ) ) ;
#8103 = VERTEX_POINT ( 'NONE', #10011 ) ;
#8104 = DIRECTION ( 'NONE',  ( 0.000000000000000000, 1.000000000000000000, 0.000000000000000000 ) ) ;
#8105 = EDGE_CURVE ( 'NONE', #3766, #6250, #9834, .T. ) ;
#8106 = CARTESIAN_POINT ( 'NONE',  ( 447.5000000000000000, 255.9938854097436547, -6.909108496648497244 ) ) ;
#8107 = CARTESIAN_POINT ( 'NONE',  ( 440.9999999999999432, 297.0827913634552715, -18.54906034569857454 ) ) ;
#8108 = AXIS2_PLACEMENT_3D ( 'NONE', #2813, #5971, #478 ) ;
#8109 = DIRECTION ( 'NONE',  ( 0.000000000000000000, 0.000000000000000000, -1.000000000000000000 ) ) ;
#8110 = VERTEX_POINT ( 'NONE', #600 ) ;
#8111 = DIRECTION ( 'NONE',  ( 0.000000000000000000, 0.3102747020391759536, -0.9506469424946889513 ) ) ;
#8112 = CARTESIAN_POINT ( 'NONE',  ( 451.3999999999999204, 286.8333081229242225, -15.60649365081390094 ) ) ;
#8113 = ORIENTED_EDGE ( 'NONE', *, *, #4482, .F. ) ;
#8114 = DIRECTION ( 'NONE',  ( -0.000000000000000000, -0.000000000000000000, -1.000000000000000000 ) ) ;
#8115 = CARTESIAN_POINT ( 'NONE',  ( 441.5000000000001137, 375.4938854097437684, 6.790891503351500269 ) ) ;
#8116 = ORIENTED_EDGE ( 'NONE', *, *, #5996, .F. ) ;
#8117 = AXIS2_PLACEMENT_3D ( 'NONE', #4471, #7614, #5382 ) ;
#8118 = AXIS2_PLACEMENT_3D ( 'NONE', #1507, #4657, #3115 ) ;
#8119 = CARTESIAN_POINT ( 'NONE',  ( 440.9999999999996589, 295.6420594785541880, 21.79745177474345752 ) ) ;
#8120 = CARTESIAN_POINT ( 'NONE',  ( 442.5999999999999091, 295.8791529259178787, 25.95411795662520049 ) ) ;
#8121 = ORIENTED_EDGE ( 'NONE', *, *, #8206, .F. ) ;
#8122 = DIRECTION ( 'NONE',  ( 0.000000000000000000, 1.000000000000000000, -1.374084517793742623E-16 ) ) ;
#8123 = ORIENTED_EDGE ( 'NONE', *, *, #6413, .F. ) ;
#8124 = CARTESIAN_POINT ( 'NONE',  ( 418.6891108675446276, 518.5886861333489151, -27.31974304735396686 ) ) ;
#8125 = CARTESIAN_POINT ( 'NONE',  ( 439.0620230915856723, 520.3933461821440005, 56.58485080497845843 ) ) ;
#8126 = VERTEX_POINT ( 'NONE', #7058 ) ;
#8127 = CARTESIAN_POINT ( 'NONE',  ( 441.0650828778396431, 429.2186253693425897, 56.58485080497850817 ) ) ;
#8128 = CARTESIAN_POINT ( 'NONE',  ( 447.4392683617766693, 530.2534768547982367, -17.72702354465791075 ) ) ;
#8129 = VERTEX_POINT ( 'NONE', #3724 ) ;
#8130 = VECTOR ( 'NONE', #2492, 1000.000000000000000 ) ;
#8131 = LINE ( 'NONE', #5699, #4117 ) ;
#8132 = DIRECTION ( 'NONE',  ( 0.000000000000000000, 0.000000000000000000, 1.000000000000000000 ) ) ;
#8133 = ADVANCED_FACE ( 'NONE', ( #5506 ), #9436, .F. ) ;
#8134 = CARTESIAN_POINT ( 'NONE',  ( 440.9999999999998295, 421.0999999999998522, -6.760771534031779773 ) ) ;
#8135 = ORIENTED_EDGE ( 'NONE', *, *, #1630, .F. ) ;
#8136 = CARTESIAN_POINT ( 'NONE',  ( 456.0231999999999175, 318.3140096463326927, 31.64834206618206380 ) ) ;
#8137 = CARTESIAN_POINT ( 'NONE',  ( 416.4609563501879279, 523.1993304744704574, 53.88928668916034326 ) ) ;
#8138 = AXIS2_PLACEMENT_3D ( 'NONE', #5687, #252, #8833 ) ;
#8139 = VERTEX_POINT ( 'NONE', #3139 ) ;
#8140 = CARTESIAN_POINT ( 'NONE',  ( 445.3999999999999204, 297.3219214635129219, 26.62962803617671170 ) ) ;
#8141 = CARTESIAN_POINT ( 'NONE',  ( 480.9999999999999432, 412.2317344549136919, -38.52254310929821912 ) ) ;
#8142 = EDGE_LOOP ( 'NONE', ( #7176, #336, #2759, #8021 ) ) ;
#8143 = EDGE_CURVE ( 'NONE', #2010, #9781, #10057, .T. ) ;
#8144 = AXIS2_PLACEMENT_3D ( 'NONE', #179, #1584, #1015 ) ;
#8145 = EDGE_CURVE ( 'NONE', #4656, #5334, #2515, .T. ) ;
#8146 = DIRECTION ( 'NONE',  ( -1.000000000000000000, 0.000000000000000000, 0.000000000000000000 ) ) ;
#8147 = EDGE_CURVE ( 'NONE', #4677, #8393, #8563, .T. ) ;
#8148 = CARTESIAN_POINT ( 'NONE',  ( 456.0231999999999175, 316.6211752810233975, 25.07453519256403496 ) ) ;
#8149 = CARTESIAN_POINT ( 'NONE',  ( 441.1743353738212932, 421.3727707262366380, 16.53363486668332527 ) ) ;
#8150 = LINE ( 'NONE', #7363, #367 ) ;
#8151 = CARTESIAN_POINT ( 'NONE',  ( 455.3690236505757412, 516.5187378030109357, 56.58485080498189035 ) ) ;
#8152 = VECTOR ( 'NONE', #4303, 1000.000000000000000 ) ;
#8153 = CARTESIAN_POINT ( 'NONE',  ( 423.0380999787108749, 526.8426620145733068, -18.84025445190140502 ) ) ;
#8154 = DIRECTION ( 'NONE',  ( 1.000000000000000000, 0.000000000000000000, -0.000000000000000000 ) ) ;
#8155 = VERTEX_POINT ( 'NONE', #3089 ) ;
#8156 = CARTESIAN_POINT ( 'NONE',  ( 439.9999999999998295, 544.1119403488045236, 12.41991678863061210 ) ) ;
#8157 = CARTESIAN_POINT ( 'NONE',  ( 447.5000000000000000, 366.1513206668919906, -6.066373187126914424 ) ) ;
#8158 = AXIS2_PLACEMENT_3D ( 'NONE', #9746, #1284, #2680 ) ;
#8159 = FACE_OUTER_BOUND ( 'NONE', #9381, .T. ) ;
#8160 = AXIS2_PLACEMENT_3D ( 'NONE', #7286, #356, #2025 ) ;
#8161 = ADVANCED_FACE ( 'NONE', ( #9426 ), #6090, .F. ) ;
#8162 = SPHERICAL_SURFACE ( 'NONE', #1036, 4.000000000000000000 ) ;
#8163 = ORIENTED_EDGE ( 'NONE', *, *, #2484, .T. ) ;
#8164 = CARTESIAN_POINT ( 'NONE',  ( 453.6999999999999318, 421.6000000000000227, 0.9767284659687371917 ) ) ;
#8165 = CARTESIAN_POINT ( 'NONE',  ( 429.6526740142684275, 554.7104643982598873, 18.65972080497848751 ) ) ;
#8166 = CARTESIAN_POINT ( 'NONE',  ( 414.4882483106854920, 530.2389933713210439, -23.27555162825084878 ) ) ;
#8167 = AXIS2_PLACEMENT_3D ( 'NONE', #2624, #6546, #8975 ) ;
#8168 = CARTESIAN_POINT ( 'NONE',  ( 455.7700635135082621, 527.7577531765485901, -21.32146264455575491 ) ) ;
#8169 = AXIS2_PLACEMENT_3D ( 'NONE', #8278, #1922, #5220 ) ;
#8170 = ORIENTED_EDGE ( 'NONE', *, *, #2011, .F. ) ;
#8171 = AXIS2_PLACEMENT_3D ( 'NONE', #701, #5569, #3877 ) ;
#8172 = CARTESIAN_POINT ( 'NONE',  ( 440.9999999999997726, 295.7154475625820282, 22.64416312074834892 ) ) ;
#8173 = FACE_OUTER_BOUND ( 'NONE', #6927, .T. ) ;
#8174 = AXIS2_PLACEMENT_3D ( 'NONE', #6070, #4428, #3698 ) ;
#8175 = ORIENTED_EDGE ( 'NONE', *, *, #7687, .F. ) ;
#8176 = CARTESIAN_POINT ( 'NONE',  ( 441.8440894474577476, 483.6119359592940441, -28.29417678745607390 ) ) ;
#8177 = ORIENTED_EDGE ( 'NONE', *, *, #9265, .T. ) ;
#8178 = DIRECTION ( 'NONE',  ( 0.000000000000000000, 0.9725907656757108999, 0.2325235526185131241 ) ) ;
#8179 = CARTESIAN_POINT ( 'NONE',  ( 415.3059027601290722, 519.5022372108599029, 56.38092276751994802 ) ) ;
#8180 = ORIENTED_EDGE ( 'NONE', *, *, #3420, .F. ) ;
#8181 = CARTESIAN_POINT ( 'NONE',  ( 445.3999999999999204, 290.5815479950527447, -23.49489489315302038 ) ) ;
#8182 = B_SPLINE_CURVE_WITH_KNOTS ( 'NONE', 3,
 ( #5481, #7193, #3218, #4661, #2289, #7870, #3165, #6166, #7978, #6373 ),
 .UNSPECIFIED., .F., .F.,
 ( 4, 2, 2, 2, 4 ),
 ( 0.000000000000000000, 0.2500000000000000000, 0.5000000000000000000, 0.7500000000000000000, 1.000000000000000000 ),
 .UNSPECIFIED. ) ;
#8183 = CARTESIAN_POINT ( 'NONE',  ( 456.0231999999999175, 369.5938577665846196, 43.90814637799318376 ) ) ;
#8184 = ORIENTED_EDGE ( 'NONE', *, *, #9283, .F. ) ;
#8185 = AXIS2_PLACEMENT_3D ( 'NONE', #6778, #9933, #6105 ) ;
#8186 = LINE ( 'NONE', #1978, #321 ) ;
#8187 = ORIENTED_EDGE ( 'NONE', *, *, #2770, .T. ) ;
#8188 = CARTESIAN_POINT ( 'NONE',  ( 461.9999999999998863, 453.1000000000000227, -28.41514919502149539 ) ) ;
#8189 = DIRECTION ( 'NONE',  ( 0.000000000000000000, 0.000000000000000000, 1.000000000000000000 ) ) ;
#8190 = DIRECTION ( 'NONE',  ( 0.000000000000000000, 1.000000000000000000, 8.673617379884027583E-16 ) ) ;
#8191 = CARTESIAN_POINT ( 'NONE',  ( 421.2871870788979436, 520.0886861333490288, 42.39248229010330249 ) ) ;
#8192 = ORIENTED_EDGE ( 'NONE', *, *, #9054, .F. ) ;
#8193 = CARTESIAN_POINT ( 'NONE',  ( 445.3999999999999204, 297.4678538789985964, 26.66451704076986573 ) ) ;
#8194 = CARTESIAN_POINT ( 'NONE',  ( 441.3535533905932198, 411.6000000000000227, -9.260771534031263741 ) ) ;
#8195 = DIRECTION ( 'NONE',  ( 2.442193098255954051E-16, -0.9852652672482568041, 0.1710331931357803315 ) ) ;
#8196 = ORIENTED_EDGE ( 'NONE', *, *, #5694, .F. ) ;
#8197 = DIRECTION ( 'NONE',  ( 0.000000000000000000, -1.387778780781449147E-14, 1.000000000000000000 ) ) ;
#8198 = CARTESIAN_POINT ( 'NONE',  ( 465.9999999999998863, 449.6000000000000796, -32.91514919502149894 ) ) ;
#8199 = DIRECTION ( 'NONE',  ( -0.7071067811865474617, -0.7071067811865474617, -0.000000000000000000 ) ) ;
#8200 = ADVANCED_FACE ( 'NONE', ( #2215 ), #4548, .F. ) ;
#8201 = CARTESIAN_POINT ( 'NONE',  ( 336.0902124738105385, 421.6000000000000227, 0.000000000000000000 ) ) ;
#8202 = DIRECTION ( 'NONE',  ( 0.000000000000000000, 1.000000000000000000, 0.000000000000000000 ) ) ;
#8203 = AXIS2_PLACEMENT_3D ( 'NONE', #6962, #560, #3729 ) ;
#8204 = EDGE_CURVE ( 'NONE', #9267, #556, #6808, .T. ) ;
#8205 = CARTESIAN_POINT ( 'NONE',  ( 451.4000000000000341, 289.8305061558326088, -16.16708432336832857 ) ) ;
#8206 = EDGE_CURVE ( 'NONE', #599, #2948, #754, .T. ) ;
#8207 = DIRECTION ( 'NONE',  ( -0.000000000000000000, -0.000000000000000000, 1.000000000000000000 ) ) ;
#8208 = VERTEX_POINT ( 'NONE', #2984 ) ;
#8209 = VECTOR ( 'NONE', #3273, 1000.000000000000000 ) ;
#8210 = CARTESIAN_POINT ( 'NONE',  ( 440.0000000000002842, 543.3058194215475396, 4.969217458410365218 ) ) ;
#8211 = DIRECTION ( 'NONE',  ( -0.000000000000000000, -0.000000000000000000, 1.000000000000000000 ) ) ;
#8212 = CARTESIAN_POINT ( 'NONE',  ( 441.0000000000000568, 297.2728718473243816, -17.81631728348844135 ) ) ;
#8213 = EDGE_CURVE ( 'NONE', #2547, #599, #2575, .T. ) ;
#8214 = CARTESIAN_POINT ( 'NONE',  ( 461.9999999999998863, 433.1000000000000227, -36.41514919502149894 ) ) ;
#8215 = EDGE_LOOP ( 'NONE', ( #8622, #3712, #4633, #2749 ) ) ;
#8216 = CARTESIAN_POINT ( 'NONE',  ( 445.3999999999857096, 294.5746945867851991, 18.91542622031258603 ) ) ;
#8217 = CARTESIAN_POINT ( 'NONE',  ( 648.1342491304876603, 135.1780491122678995, 46.58485080497850106 ) ) ;
#8218 = DIRECTION ( 'NONE',  ( 0.000000000000000000, 0.000000000000000000, 1.000000000000000000 ) ) ;
#8219 = PLANE ( 'NONE',  #1716 ) ;
#8220 = ORIENTED_EDGE ( 'NONE', *, *, #6129, .F. ) ;
#8221 = EDGE_CURVE ( 'NONE', #2010, #6511, #532, .T. ) ;
#8222 = CARTESIAN_POINT ( 'NONE',  ( 442.6000000000002501, 294.9273237905554197, 24.94646350789368228 ) ) ;
#8223 = DIRECTION ( 'NONE',  ( 1.000000000000000000, 0.000000000000000000, 0.000000000000000000 ) ) ;
#8224 = CIRCLE ( 'NONE', #9716, 4.000000000000003553 ) ;
#8225 = ORIENTED_EDGE ( 'NONE', *, *, #429, .T. ) ;
#8226 = CARTESIAN_POINT ( 'NONE',  ( 443.9999999999999432, 547.4117125146096896, 4.535200849859292838 ) ) ;
#8227 = EDGE_LOOP ( 'NONE', ( #750, #7802, #6260, #1585, #3874, #2390 ) ) ;
#8228 = DIRECTION ( 'NONE',  ( -1.000000000000000000, -0.000000000000000000, 0.000000000000000000 ) ) ;
#8229 = CARTESIAN_POINT ( 'NONE',  ( 417.0677731227926301, 523.6106038715795421, 53.64060079253381730 ) ) ;
#8230 = VERTEX_POINT ( 'NONE', #4887 ) ;
#8231 = CYLINDRICAL_SURFACE ( 'NONE', #8169, 4.000000000000000000 ) ;
#8232 = CARTESIAN_POINT ( 'NONE',  ( 413.9999999999999432, 416.1973064227058785, 55.04993368281833455 ) ) ;
#8233 = EDGE_LOOP ( 'NONE', ( #1963, #2983, #4077, #10110 ) ) ;
#8234 = CARTESIAN_POINT ( 'NONE',  ( 444.0000000000000000, 470.5741866429391393, -32.99736987969995994 ) ) ;
#8235 = CIRCLE ( 'NONE', #5086, 4.000000000000001776 ) ;
#8236 = ORIENTED_EDGE ( 'NONE', *, *, #8755, .T. ) ;
#8237 = LINE ( 'NONE', #363, #1052 ) ;
#8238 = FACE_OUTER_BOUND ( 'NONE', #3757, .T. ) ;
#8239 = APPLICATION_PROTOCOL_DEFINITION ( 'international standard', 'config_control_design', 1994, #4087 ) ;
#8240 = DIRECTION ( 'NONE',  ( 0.000000000000000000, 1.000000000000000000, 0.000000000000000000 ) ) ;
#8241 = CARTESIAN_POINT ( 'NONE',  ( 417.0972369076352493, 521.6937946573311820, 55.34512442362681384 ) ) ;
#8242 = ORIENTED_EDGE ( 'NONE', *, *, #8892, .T. ) ;
#8243 = CARTESIAN_POINT ( 'NONE',  ( 451.3999999999998067, 295.9110075019257238, 32.46138665326837014 ) ) ;
#8244 = CIRCLE ( 'NONE', #2620, 1.649999999999984812 ) ;
#8245 = DIRECTION ( 'NONE',  ( 0.000000000000000000, 0.000000000000000000, -1.000000000000000000 ) ) ;
#8246 = LINE ( 'NONE', #2711, #8368 ) ;
#8247 = ORIENTED_EDGE ( 'NONE', *, *, #6745, .T. ) ;
#8248 = DIRECTION ( 'NONE',  ( -0.000000000000000000, -0.000000000000000000, 1.000000000000000000 ) ) ;
#8249 = CARTESIAN_POINT ( 'NONE',  ( 418.7026875881099954, 525.6761320987412773, -19.29288212167274352 ) ) ;
#8250 = CARTESIAN_POINT ( 'NONE',  ( 440.9999999999998863, 436.1000000000004775, -43.41514919502154157 ) ) ;
#8251 = CARTESIAN_POINT ( 'NONE',  ( 463.3999999999999204, 309.2348964336476911, -20.64321794150335876 ) ) ;
#8252 = DIRECTION ( 'NONE',  ( 0.000000000000000000, 0.000000000000000000, 1.000000000000000000 ) ) ;
#8253 = ORIENTED_EDGE ( 'NONE', *, *, #2134, .F. ) ;
#8254 = CIRCLE ( 'NONE', #9224, 4.000000000000000000 ) ;
#8255 = CARTESIAN_POINT ( 'NONE',  ( 439.9999999999996589, 544.2808402792148854, 11.48475668492475954 ) ) ;
#8256 = EDGE_CURVE ( 'NONE', #7647, #6193, #8763, .T. ) ;
#8257 = CARTESIAN_POINT ( 'NONE',  ( 447.4999999999999432, 351.3097526372005177, -23.88721436913453999 ) ) ;
#8258 = DIRECTION ( 'NONE',  ( 0.000000000000000000, 0.000000000000000000, 1.000000000000000000 ) ) ;
#8259 = ADVANCED_FACE ( 'NONE', ( #1744, #6392 ), #856, .F. ) ;
#8260 = CARTESIAN_POINT ( 'NONE',  ( 444.0000000000352998, 547.2892663002010067, 4.169199345691522396 ) ) ;
#8261 = EDGE_LOOP ( 'NONE', ( #3306, #9451, #4549, #6718 ) ) ;
#8262 = CARTESIAN_POINT ( 'NONE',  ( 336.0902124738105385, 308.7948825839263236, 19.09072618763480023 ) ) ;
#8263 = CARTESIAN_POINT ( 'NONE',  ( 480.9999999999999432, 286.8333081229242225, -13.60649365081389917 ) ) ;
#8264 = CARTESIAN_POINT ( 'NONE',  ( 454.0730317999999102, 504.1837287883886916, 56.58485080497849395 ) ) ;
#8265 = CARTESIAN_POINT ( 'NONE',  ( 443.9999999999999432, 536.2104643982597736, 56.58485080497850817 ) ) ;
#8266 = ORIENTED_EDGE ( 'NONE', *, *, #5592, .T. ) ;
#8267 = EDGE_CURVE ( 'NONE', #8682, #3057, #9535, .T. ) ;
#8268 = CARTESIAN_POINT ( 'NONE',  ( 442.5999999999999659, 297.1692559213625486, 26.59316716382954127 ) ) ;
#8269 = EDGE_CURVE ( 'NONE', #6305, #2722, #8818, .T. ) ;
#8270 = CARTESIAN_POINT ( 'NONE',  ( 447.7026415026513746, 365.2278828929868268, 12.09168012237928558 ) ) ;
#8271 = EDGE_LOOP ( 'NONE', ( #3509, #5627, #8663, #4732 ) ) ;
#8272 = CARTESIAN_POINT ( 'NONE',  ( 443.9999999999999432, 547.5759276255822670, 5.021555306989672118 ) ) ;
#8273 = EDGE_LOOP ( 'NONE', ( #6571, #1311, #4547, #7698 ) ) ;
#8274 = DIRECTION ( 'NONE',  ( 1.000000000000000000, 0.000000000000000000, -0.000000000000000000 ) ) ;
#8275 = ADVANCED_FACE ( 'NONE', ( #3186 ), #8054, .F. ) ;
#8276 = PLANE ( 'NONE',  #5567 ) ;
#8277 = VERTEX_POINT ( 'NONE', #803 ) ;
#8278 = CARTESIAN_POINT ( 'NONE',  ( 447.5000000000000000, 255.9938854097436547, 17.49089150335159104 ) ) ;
#8279 = CIRCLE ( 'NONE', #3147, 8.000000000000007105 ) ;
#8280 = FACE_OUTER_BOUND ( 'NONE', #6496, .T. ) ;
#8281 = VERTEX_POINT ( 'NONE', #5724 ) ;
#8282 = LINE ( 'NONE', #1096, #7590 ) ;
#8283 = EDGE_LOOP ( 'NONE', ( #2827, #7894 ) ) ;
#8284 = CARTESIAN_POINT ( 'NONE',  ( 447.4999999999999432, 417.6000000000000227, 24.93922846596874976 ) ) ;
#8285 = B_SPLINE_CURVE_WITH_KNOTS ( 'NONE', 3,
 ( #7244, #8952, #2603, #8137, #5863, #3431, #9614, #4864, #6634, #155, #5644, #8241, #993, #8032, #1931, #1158, #2549, #4214, #7456, #3378, #1045, #1828, #315, #3482, #3319, #9775, #4317 ),
 .UNSPECIFIED., .F., .F.,
 ( 4, 2, 2, 2, 2, 1, 1, 1, 2, 2, 2, 2, 2, 2, 4 ),
 ( 0.000000000000000000, 0.1249999999996533884, 0.2499999999993067767, 0.3749999999989601651, 0.4374999999987858601, 0.4687499999987038701, 0.4843749999986872168, 0.4921874999986539656, 0.4960937499986579069, 0.4999999999986618482, 0.6249999999988798960, 0.6874999999990024646, 0.7187499999990680788, 0.7499999999991338040, 1.000000000000000000 ),
 .UNSPECIFIED. ) ;
#8286 = CARTESIAN_POINT ( 'NONE',  ( 440.4799999999999613, 296.1228751062957372, 16.27387480217105065 ) ) ;
#8287 = VECTOR ( 'NONE', #7208, 1000.000000000000000 ) ;
#8288 = DIRECTION ( 'NONE',  ( 0.5150380749100501587, 0.000000000000000000, 0.8571673007021147761 ) ) ;
#8289 = DIRECTION ( 'NONE',  ( 0.000000000000000000, -0.000000000000000000, 1.000000000000000000 ) ) ;
#8290 = ADVANCED_FACE ( 'NONE', ( #4943 ), #7107, .F. ) ;
#8291 = VERTEX_POINT ( 'NONE', #7267 ) ;
#8292 = ORIENTED_EDGE ( 'NONE', *, *, #3025, .F. ) ;
#8293 = AXIS2_PLACEMENT_3D ( 'NONE', #314, #2655, #1877 ) ;
#8294 = CARTESIAN_POINT ( 'NONE',  ( 441.0000000000000000, 276.9938854097437115, 0.1778581151391607218 ) ) ;
#8295 = DIRECTION ( 'NONE',  ( 1.000000000000000000, 0.000000000000000000, 0.000000000000000000 ) ) ;
#8296 = ORIENTED_EDGE ( 'NONE', *, *, #4842, .T. ) ;
#8297 = EDGE_CURVE ( 'NONE', #8796, #6751, #9113, .T. ) ;
#8298 = DIRECTION ( 'NONE',  ( 0.000000000000000000, 0.000000000000000000, 1.000000000000000000 ) ) ;
#8299 = AXIS2_PLACEMENT_3D ( 'NONE', #8388, #7655, #7557 ) ;
#8300 = CARTESIAN_POINT ( 'NONE',  ( 445.9011884386716815, 527.1906656338959465, -24.51220587748156987 ) ) ;
#8301 = DIRECTION ( 'NONE',  ( 1.000000000000000000, 0.000000000000000000, 0.000000000000000000 ) ) ;
#8302 = CARTESIAN_POINT ( 'NONE',  ( 455.4046841826892091, 516.4569719495649451, 56.58485080497850817 ) ) ;
#8303 = DIRECTION ( 'NONE',  ( 0.000000000000000000, 0.000000000000000000, -1.000000000000000000 ) ) ;
#8304 = AXIS2_PLACEMENT_3D ( 'NONE', #9414, #4120, #2457 ) ;
#8305 = DIRECTION ( 'NONE',  ( -0.000000000000000000, -0.000000000000000000, 1.000000000000000000 ) ) ;
#8306 = EDGE_LOOP ( 'NONE', ( #5848, #3476, #2601, #6541 ) ) ;
#8307 = CARTESIAN_POINT ( 'NONE',  ( 442.5999999999999659, 296.8269637158967384, -15.06444091540881125 ) ) ;
#8308 = DIRECTION ( 'NONE',  ( -1.000000000000000000, 0.000000000000000000, 0.000000000000000000 ) ) ;
#8309 = SPHERICAL_SURFACE ( 'NONE', #9302, 4.000000000000000000 ) ;
#8310 = FACE_OUTER_BOUND ( 'NONE', #8978, .T. ) ;
#8311 = VERTEX_POINT ( 'NONE', #7160 ) ;
#8312 = DIRECTION ( 'NONE',  ( -0.000000000000000000, -1.000000000000000000, 1.374084517793742623E-16 ) ) ;
#8313 = CARTESIAN_POINT ( 'NONE',  ( 447.4999999999999432, 411.6000000000000227, -13.46077153403125415 ) ) ;
#8314 = DIRECTION ( 'NONE',  ( 0.000000000000000000, 0.000000000000000000, -1.000000000000000000 ) ) ;
#8315 = CARTESIAN_POINT ( 'NONE',  ( 438.2204552692799098, 534.4211310246849962, -22.15230716593796600 ) ) ;
#8316 = VERTEX_POINT ( 'NONE', #6549 ) ;
#8317 = VECTOR ( 'NONE', #9645, 1000.000000000000000 ) ;
#8318 = VECTOR ( 'NONE', #2796, 1000.000000000000000 ) ;
#8319 = AXIS2_PLACEMENT_3D ( 'NONE', #2992, #7649, #8525 ) ;
#8320 = CARTESIAN_POINT ( 'NONE',  ( 440.9999999999997726, 296.2114205811120655, 19.14568563947667457 ) ) ;
#8321 = DIRECTION ( 'NONE',  ( 0.000000000000000000, 0.000000000000000000, -1.000000000000000000 ) ) ;
#8322 = ORIENTED_EDGE ( 'NONE', *, *, #1051, .F. ) ;
#8323 = CARTESIAN_POINT ( 'NONE',  ( 443.9999999999999432, 546.4699440509199349, 17.67451473107507809 ) ) ;
#8324 = ORIENTED_EDGE ( 'NONE', *, *, #8337, .T. ) ;
#8325 = DIRECTION ( 'NONE',  ( -2.996186134945139640E-16, -1.000000000000000000, -0.000000000000000000 ) ) ;
#8326 = ADVANCED_FACE ( 'NONE', ( #72 ), #7468, .F. ) ;
#8327 = AXIS2_PLACEMENT_3D ( 'NONE', #9951, #2876, #6034 ) ;
#8328 = CARTESIAN_POINT ( 'NONE',  ( 457.3073947925175275, 515.9177669638054340, 56.57403125577805270 ) ) ;
#8329 = ORIENTED_EDGE ( 'NONE', *, *, #7509, .T. ) ;
#8330 = AXIS2_PLACEMENT_3D ( 'NONE', #6752, #7770, #446 ) ;
#8331 = LINE ( 'NONE', #1093, #6162 ) ;
#8332 = CIRCLE ( 'NONE', #4210, 32.99999999999997158 ) ;
#8333 = DIRECTION ( 'NONE',  ( 0.000000000000000000, 0.000000000000000000, -1.000000000000000000 ) ) ;
#8334 = ADVANCED_FACE ( 'NONE', ( #9693 ), #5447, .F. ) ;
#8335 = VERTEX_POINT ( 'NONE', #2678 ) ;
#8336 = DIRECTION ( 'NONE',  ( 0.000000000000000000, -0.2325235526185131796, 0.9725907656757107889 ) ) ;
#8337 = EDGE_CURVE ( 'NONE', #5344, #1833, #4438, .T. ) ;
#8338 = ORIENTED_EDGE ( 'NONE', *, *, #7182, .F. ) ;
#8339 = AXIS2_PLACEMENT_3D ( 'NONE', #8650, #4767, #841 ) ;
#8340 = VECTOR ( 'NONE', #275, 1000.000000000000000 ) ;
#8341 = CARTESIAN_POINT ( 'NONE',  ( 448.9118153652585761, 429.6000000000001364, -3.854617793180201701 ) ) ;
#8342 = FACE_OUTER_BOUND ( 'NONE', #10064, .T. ) ;
#8343 = FACE_BOUND ( 'NONE', #1859, .T. ) ;
#8344 = LINE ( 'NONE', #571, #4866 ) ;
#8345 = ORIENTED_EDGE ( 'NONE', *, *, #5098, .T. ) ;
#8346 = VERTEX_POINT ( 'NONE', #6655 ) ;
#8347 = AXIS2_PLACEMENT_3D ( 'NONE', #6061, #9197, #2132 ) ;
#8348 = CARTESIAN_POINT ( 'NONE',  ( 441.1743353738212363, 421.3727707262364675, -5.055177934746331481 ) ) ;
#8349 = ORIENTED_EDGE ( 'NONE', *, *, #6798, .T. ) ;
#8350 = ADVANCED_FACE ( 'NONE', ( #8310 ), #8162, .F. ) ;
#8351 = DIRECTION ( 'NONE',  ( -1.000000000000000000, 0.000000000000000000, -0.000000000000000000 ) ) ;
#8352 = VECTOR ( 'NONE', #5268, 1000.000000000000000 ) ;
#8353 = DIRECTION ( 'NONE',  ( -0.7071067811865525687, -0.7071067811865425767, 7.850462293418819134E-17 ) ) ;
#8354 = LINE ( 'NONE', #7721, #9813 ) ;
#8355 = CARTESIAN_POINT ( 'NONE',  ( 451.3999999999999204, 290.8958302904628113, -25.88325295509640611 ) ) ;
#8356 = CARTESIAN_POINT ( 'NONE',  ( 480.5017077238342154, 465.3765175092286768, 45.53319922199676029 ) ) ;
#8357 = VERTEX_POINT ( 'NONE', #9855 ) ;
#8358 = CARTESIAN_POINT ( 'NONE',  ( 441.0000000000000568, 297.2728718473243816, -17.81631728348844135 ) ) ;
#8359 = CARTESIAN_POINT ( 'NONE',  ( 440.9999999999999432, 295.6479328386022871, 21.51180408416687229 ) ) ;
#8360 = CARTESIAN_POINT ( 'NONE',  ( 440.9999999999996021, 297.8374275702823866, -22.58914550079311212 ) ) ;
#8361 = CARTESIAN_POINT ( 'NONE',  ( 443.9999999999478177, 545.1782584649564569, -0.3472837595742288008 ) ) ;
#8362 = ORIENTED_EDGE ( 'NONE', *, *, #2959, .T. ) ;
#8363 = CARTESIAN_POINT ( 'NONE',  ( 443.4999999999999432, 411.6000000000000227, -2.760771534031255303 ) ) ;
#8364 = CARTESIAN_POINT ( 'NONE',  ( 447.4999999999999432, 309.2348964336476911, -20.64321794150336586 ) ) ;
#8365 = DIRECTION ( 'NONE',  ( 1.000000000000000000, 0.000000000000000000, 0.000000000000000000 ) ) ;
#8366 = CARTESIAN_POINT ( 'NONE',  ( 432.9006678986357315, 537.3673789655157407, -19.68430154829948719 ) ) ;
#8367 = ORIENTED_EDGE ( 'NONE', *, *, #798, .F. ) ;
#8368 = VECTOR ( 'NONE', #5761, 1000.000000000000000 ) ;
#8369 = DIRECTION ( 'NONE',  ( -2.478716320810480276E-16, 1.000000000000000000, 0.000000000000000000 ) ) ;
#8370 = VECTOR ( 'NONE', #257, 1000.000000000000000 ) ;
#8371 = DIRECTION ( 'NONE',  ( 0.000000000000000000, -2.365499919840624750E-15, -1.000000000000000000 ) ) ;
#8372 = ORIENTED_EDGE ( 'NONE', *, *, #798, .T. ) ;
#8373 = CARTESIAN_POINT ( 'NONE',  ( 443.9999999999999432, 546.4342302621416820, 2.107456357704620586 ) ) ;
#8374 = VERTEX_POINT ( 'NONE', #2826 ) ;
#8375 = DIRECTION ( 'NONE',  ( 0.000000000000000000, -1.000000000000000000, 0.000000000000000000 ) ) ;
#8376 = VECTOR ( 'NONE', #3859, 1000.000000000000000 ) ;
#8377 = DIRECTION ( 'NONE',  ( 0.000000000000000000, 1.000000000000000000, 0.000000000000000000 ) ) ;
#8378 = VERTEX_POINT ( 'NONE', #2004 ) ;
#8379 = CARTESIAN_POINT ( 'NONE',  ( 465.9999999999998863, 433.1000000000000227, 46.58485080497850817 ) ) ;
#8380 = CARTESIAN_POINT ( 'NONE',  ( 414.9227883515069379, 528.1047243183220417, -24.21387294936806711 ) ) ;
#8381 = ORIENTED_EDGE ( 'NONE', *, *, #2081, .F. ) ;
#8382 = CARTESIAN_POINT ( 'NONE',  ( 480.8980881139561916, 461.4454406380413616, -30.46224755776573545 ) ) ;
#8383 = VERTEX_POINT ( 'NONE', #1075 ) ;
#8384 = AXIS2_PLACEMENT_3D ( 'NONE', #4890, #3295, #6498 ) ;
#8385 = LINE ( 'NONE', #8188, #5012 ) ;
#8386 = CARTESIAN_POINT ( 'NONE',  ( 448.1066666666662286, 290.5815479950528015, -23.49489489315302038 ) ) ;
#8387 = EDGE_CURVE ( 'NONE', #1600, #1924, #4239, .T. ) ;
#8388 = CARTESIAN_POINT ( 'NONE',  ( 480.9999999999999432, 351.9938854097436547, 25.30586396188315490 ) ) ;
#8389 = VERTEX_POINT ( 'NONE', #9800 ) ;
#8390 = DIRECTION ( 'NONE',  ( 0.000000000000000000, 0.000000000000000000, 1.000000000000000000 ) ) ;
#8391 = CYLINDRICAL_SURFACE ( 'NONE', #7974, 4.000000000000003553 ) ;
#8392 = EDGE_CURVE ( 'NONE', #2862, #2384, #9073, .T. ) ;
#8393 = VERTEX_POINT ( 'NONE', #8214 ) ;
#8394 = CARTESIAN_POINT ( 'NONE',  ( 419.5883005452017187, 517.0312439260054589, 56.58485080497850817 ) ) ;
#8395 = VECTOR ( 'NONE', #169, 1000.000000000000227 ) ;
#8396 = CARTESIAN_POINT ( 'NONE',  ( 442.5999999999997385, 298.7871973463141444, -24.91932423238092653 ) ) ;
#8397 = ORIENTED_EDGE ( 'NONE', *, *, #4297, .F. ) ;
#8398 = ADVANCED_FACE ( 'NONE', ( #3501 ), #6846, .F. ) ;
#8399 = DIRECTION ( 'NONE',  ( -0.7071067811865523467, 7.977177484029389531E-16, 0.7071067811865426878 ) ) ;
#8400 = LINE ( 'NONE', #5336, #182 ) ;
#8401 = VECTOR ( 'NONE', #1773, 1000.000000000000000 ) ;
#8402 = CARTESIAN_POINT ( 'NONE',  ( 441.3535533905932198, 421.5999999999999659, 14.23922846596874692 ) ) ;
#8403 = EDGE_CURVE ( 'NONE', #4757, #7425, #8683, .T. ) ;
#8404 = CARTESIAN_POINT ( 'NONE',  ( 451.4000000000431214, 297.2306815316536017, -24.20100280466754583 ) ) ;
#8405 = LINE ( 'NONE', #5343, #7917 ) ;
#8406 = AXIS2_PLACEMENT_3D ( 'NONE', #9070, #9403, #8308 ) ;
#8407 = VERTEX_POINT ( 'NONE', #115 ) ;
#8408 = CARTESIAN_POINT ( 'NONE',  ( 441.0000000000001705, 296.9910284200317392, -19.10651358181464943 ) ) ;
#8409 = CARTESIAN_POINT ( 'NONE',  ( 441.0000000000003411, 295.9836077473106570, 23.55314255990548489 ) ) ;
#8410 = CARTESIAN_POINT ( 'NONE',  ( 444.0000000000131877, 548.2913560537081139, 11.66065219720483626 ) ) ;
#8411 = ORIENTED_EDGE ( 'NONE', *, *, #8269, .T. ) ;
#8412 = CARTESIAN_POINT ( 'NONE',  ( 461.9999999999998863, 449.6000000000000796, -40.41514919502149894 ) ) ;
#8413 = CARTESIAN_POINT ( 'NONE',  ( 447.4999999999999432, 411.6000000000000227, -2.760771534031255303 ) ) ;
#8414 = CARTESIAN_POINT ( 'NONE',  ( 422.2012909637869598, 531.7419559582540387, -23.02674351899731775 ) ) ;
#8415 = ORIENTED_EDGE ( 'NONE', *, *, #4532, .T. ) ;
#8416 = ADVANCED_FACE ( 'NONE', ( #1573 ), #9739, .F. ) ;
#8417 = ADVANCED_FACE ( 'NONE', ( #4876 ), #1522, .F. ) ;
#8418 = FACE_OUTER_BOUND ( 'NONE', #7651, .T. ) ;
#8419 = DIRECTION ( 'NONE',  ( 0.000000000000000000, 1.000000000000000000, 0.000000000000000000 ) ) ;
#8420 = VERTEX_POINT ( 'NONE', #10193 ) ;
#8421 = CARTESIAN_POINT ( 'NONE',  ( 443.9999999999999432, 548.3984122787394426, 10.37772020957118002 ) ) ;
#8422 = ORIENTED_EDGE ( 'NONE', *, *, #304, .F. ) ;
#8423 = CARTESIAN_POINT ( 'NONE',  ( 441.3535533905932198, 415.1000000000000227, 14.23922846596874514 ) ) ;
#8424 = CARTESIAN_POINT ( 'NONE',  ( 435.6485367201235590, 523.9425092762731992, 54.66729232447983833 ) ) ;
#8425 = ORIENTED_EDGE ( 'NONE', *, *, #3522, .F. ) ;
#8426 = DIRECTION ( 'NONE',  ( 0.000000000000000000, 0.000000000000000000, -1.000000000000000000 ) ) ;
#8427 = CARTESIAN_POINT ( 'NONE',  ( 415.7065935233121081, 524.7592806213692711, -25.30576784731716700 ) ) ;
#8428 = ORIENTED_EDGE ( 'NONE', *, *, #6977, .F. ) ;
#8429 = ORIENTED_EDGE ( 'NONE', *, *, #1612, .F. ) ;
#8430 = CARTESIAN_POINT ( 'NONE',  ( 442.6000000000000796, 295.5570290136540166, 17.00337584439833094 ) ) ;
#8431 = CARTESIAN_POINT ( 'NONE',  ( 445.4327152516902970, 533.7289287895532652, -20.09653959111290078 ) ) ;
#8432 = DIRECTION ( 'NONE',  ( 1.000000000000000000, 0.000000000000000000, 0.000000000000000000 ) ) ;
#8433 = ORIENTED_EDGE ( 'NONE', *, *, #8213, .T. ) ;
#8434 = FACE_OUTER_BOUND ( 'NONE', #696, .T. ) ;
#8435 = CARTESIAN_POINT ( 'NONE',  ( 463.3999999999999204, 295.5648931574630183, -12.52519943940830238 ) ) ;
#8436 = ORIENTED_EDGE ( 'NONE', *, *, #9575, .T. ) ;
#8437 = AXIS2_PLACEMENT_3D ( 'NONE', #430, #9107, #8298 ) ;
#8438 = CARTESIAN_POINT ( 'NONE',  ( 440.9999999999999432, 347.1206644405273209, -6.306332081159247593 ) ) ;
#8439 = CYLINDRICAL_SURFACE ( 'NONE', #3030, 1.650000000000040323 ) ;
#8440 = ORIENTED_EDGE ( 'NONE', *, *, #2220, .T. ) ;
#8441 = VECTOR ( 'NONE', #6229, 1000.000000000000000 ) ;
#8442 = EDGE_CURVE ( 'NONE', #4072, #7181, #5831, .T. ) ;
#8443 = AXIS2_PLACEMENT_3D ( 'NONE', #4913, #2488, #8132 ) ;
#8444 = B_SPLINE_CURVE_WITH_KNOTS ( 'NONE', 3,
 ( #268, #3435, #6584, #9726 ),
 .UNSPECIFIED., .F., .F.,
 ( 4, 4 ),
 ( 6.173429615718973012E-05, 0.002222067559485831241 ),
 .UNSPECIFIED. ) ;
#8445 = DIRECTION ( 'NONE',  ( -0.000000000000000000, 0.9725907656757094566, 0.2325235526185194246 ) ) ;
#8446 = DIRECTION ( 'NONE',  ( 1.000000000000000000, 0.000000000000000000, 0.000000000000000000 ) ) ;
#8447 = CARTESIAN_POINT ( 'NONE',  ( 480.9999999999999432, 286.8333081229242225, -15.60649365081390094 ) ) ;
#8448 = CARTESIAN_POINT ( 'NONE',  ( 445.3999999999999204, 295.6456767540551027, -21.91931588153353161 ) ) ;
#8449 = CARTESIAN_POINT ( 'NONE',  ( 480.1974983242072312, 467.2950708527747565, 46.32079521628164542 ) ) ;
#8450 = EDGE_CURVE ( 'NONE', #6086, #3240, #7255, .T. ) ;
#8451 = VERTEX_POINT ( 'NONE', #3126 ) ;
#8452 = AXIS2_PLACEMENT_3D ( 'NONE', #431, #4378, #9207 ) ;
#8453 = EDGE_CURVE ( 'NONE', #2871, #6098, #3012, .T. ) ;
#8454 = CARTESIAN_POINT ( 'NONE',  ( 440.9999999999996021, 297.8374275702823866, -22.58914550079311212 ) ) ;
#8455 = CARTESIAN_POINT ( 'NONE',  ( 441.0000000000006821, 298.1093394204436322, -22.85591345438884048 ) ) ;
#8456 = CARTESIAN_POINT ( 'NONE',  ( 439.9999999999999432, 544.2526902906482746, 11.64061670205122923 ) ) ;
#8457 = ORIENTED_EDGE ( 'NONE', *, *, #2647, .T. ) ;
#8458 = CIRCLE ( 'NONE', #8299, 8.000000000000035527 ) ;
#8459 = CARTESIAN_POINT ( 'NONE',  ( 449.5000000000000000, 453.0999999999999659, -6.760771534031158048 ) ) ;
#8460 = CARTESIAN_POINT ( 'NONE',  ( 480.9039704651792135, 461.3500000000000227, -29.18954201200539700 ) ) ;
#8461 = CARTESIAN_POINT ( 'NONE',  ( 449.6762934474017470, 531.5126160970156661, -20.54665098893616459 ) ) ;
#8462 = ORIENTED_EDGE ( 'NONE', *, *, #9795, .T. ) ;
#8463 = ADVANCED_FACE ( 'NONE', ( #4931 ), #5478, .F. ) ;
#8464 = CARTESIAN_POINT ( 'NONE',  ( 442.5999999999999659, 294.6113523470213522, 18.83186463657685650 ) ) ;
#8465 = AXIS2_PLACEMENT_3D ( 'NONE', #1798, #3346, #9643 ) ;
#8466 = CYLINDRICAL_SURFACE ( 'NONE', #4688, 3.999999999999996447 ) ;
#8467 = ORIENTED_EDGE ( 'NONE', *, *, #5525, .F. ) ;
#8468 = DIRECTION ( 'NONE',  ( -4.033640654448720123E-16, -0.9725907656757096786, -0.2325235526185184809 ) ) ;
#8469 = EDGE_LOOP ( 'NONE', ( #7000, #3674, #975, #8220 ) ) ;
#8470 = DIRECTION ( 'NONE',  ( 0.000000000000000000, -1.000000000000000000, -8.673617379884027583E-16 ) ) ;
#8471 = DIRECTION ( 'NONE',  ( 0.000000000000000000, -0.2325235526185131796, 0.9725907656757107889 ) ) ;
#8472 = EDGE_CURVE ( 'NONE', #6773, #6193, #3, .T. ) ;
#8473 = ORIENTED_EDGE ( 'NONE', *, *, #6567, .T. ) ;
#8474 = CYLINDRICAL_SURFACE ( 'NONE', #9338, 37.99999999999997868 ) ;
#8475 = CARTESIAN_POINT ( 'NONE',  ( 450.8024603430239949, 292.8105323475035675, -23.88182653879410111 ) ) ;
#8476 = AXIS2_PLACEMENT_3D ( 'NONE', #7439, #9817, #4403 ) ;
#8477 = VERTEX_POINT ( 'NONE', #61 ) ;
#8478 = ORIENTED_EDGE ( 'NONE', *, *, #4330, .T. ) ;
#8479 = CARTESIAN_POINT ( 'NONE',  ( 336.0902124738105385, 413.6000000000000227, 40.03443545679897397 ) ) ;
#8480 = DIRECTION ( 'NONE',  ( -2.478716320810480276E-16, 1.000000000000000000, 0.000000000000000000 ) ) ;
#8481 = CARTESIAN_POINT ( 'NONE',  ( 422.8526740142684162, 528.6187171119573804, 42.55710698259054681 ) ) ;
#8483 = ORIENTED_EDGE ( 'NONE', *, *, #9837, .T. ) ;
#8482 = AXIS2_PLACEMENT_3D ( 'NONE', #8363, #2058, #1178 ) ;
#8484 = CONICAL_SURFACE ( 'NONE', #9799, 6.500000000000061284, 0.7853981633974418397 ) ;
#8485 = FACE_OUTER_BOUND ( 'NONE', #2532, .T. ) ;
#8486 = ORIENTED_EDGE ( 'NONE', *, *, #4034, .F. ) ;
#8487 = CARTESIAN_POINT ( 'NONE',  ( 447.4999999999999432, 419.9431457505076537, 20.93922846596874976 ) ) ;
#8488 = DIRECTION ( 'NONE',  ( 0.000000000000000000, 0.000000000000000000, 1.000000000000000000 ) ) ;
#8489 = EDGE_LOOP ( 'NONE', ( #9660, #3878, #1938 ) ) ;
#8490 = AXIS2_PLACEMENT_3D ( 'NONE', #4336, #388, #1014 ) ;
#8491 = AXIS2_PLACEMENT_3D ( 'NONE', #6382, #2982, #6907 ) ;
#8492 = CARTESIAN_POINT ( 'NONE',  ( 475.4999999999999432, 286.8333081229242225, -13.60649365081389917 ) ) ;
#8493 = CARTESIAN_POINT ( 'NONE',  ( 420.4691390977331480, 521.5976552460897437, 41.67005201591396713 ) ) ;
#8494 = DIRECTION ( 'NONE',  ( -0.7071067811865373587, -0.1644189808421402110, 0.6877255257287215873 ) ) ;
#8495 = VECTOR ( 'NONE', #1002, 1000.000000000000000 ) ;
#8496 = CARTESIAN_POINT ( 'NONE',  ( 451.3999999999996930, 291.3073686176467731, -26.54394322113130045 ) ) ;
#8497 = CARTESIAN_POINT ( 'NONE',  ( 480.2835337539531793, 466.7972117633025277, 46.17107792743311734 ) ) ;
#8498 = ORIENTED_EDGE ( 'NONE', *, *, #5875, .T. ) ;
#8499 = VECTOR ( 'NONE', #1704, 1000.000000000000000 ) ;
#8500 = DIRECTION ( 'NONE',  ( 1.000000000000000000, 2.478716320810480276E-16, 0.000000000000000000 ) ) ;
#8501 = EDGE_CURVE ( 'NONE', #2023, #4727, #1675, .T. ) ;
#8502 = CARTESIAN_POINT ( 'NONE',  ( 429.6526740142684275, 542.0104643982598418, 18.20972080497858059 ) ) ;
#8503 = ADVANCED_FACE ( 'NONE', ( #6062 ), #8391, .F. ) ;
#8504 = CARTESIAN_POINT ( 'NONE',  ( 440.0000000000001137, 542.8256244602076777, 16.00514696774543921 ) ) ;
#8505 = ORIENTED_EDGE ( 'NONE', *, *, #3076, .T. ) ;
#8506 = CONICAL_SURFACE ( 'NONE', #9831, 2.000000000000001776, 1.029744258676659197 ) ;
#8507 = CARTESIAN_POINT ( 'NONE',  ( 440.9999999999998295, 424.8500000000000796, 12.34961897127354469 ) ) ;
#8508 = EDGE_CURVE ( 'NONE', #6283, #8346, #9242, .T. ) ;
#8509 = CARTESIAN_POINT ( 'NONE',  ( 481.0009999999999764, 339.9394627972502008, 12.17533480644861577 ) ) ;
#8510 = CARTESIAN_POINT ( 'NONE',  ( 440.2088972599875092, 530.3750175339587258, -23.47288855281099629 ) ) ;
#8511 = ORIENTED_EDGE ( 'NONE', *, *, #6296, .T. ) ;
#8512 = CARTESIAN_POINT ( 'NONE',  ( 442.5999999999998522, 294.2193931921032686, 23.30051280051283413 ) ) ;
#8513 = EDGE_CURVE ( 'NONE', #8277, #473, #326, .T. ) ;
#8514 = B_SPLINE_CURVE_WITH_KNOTS ( 'NONE', 3,
 ( #9078, #9748, #447, #2683 ),
 .UNSPECIFIED., .F., .F.,
 ( 4, 4 ),
 ( 0.1538461538461513844, 0.4230769230769190203 ),
 .UNSPECIFIED. ) ;
#8515 = EDGE_CURVE ( 'NONE', #8771, #8679, #9274, .T. ) ;
#8516 = FACE_OUTER_BOUND ( 'NONE', #1793, .T. ) ;
#8517 = ORIENTED_EDGE ( 'NONE', *, *, #5944, .F. ) ;
#8518 = CARTESIAN_POINT ( 'NONE',  ( 443.4999999999999432, 412.6699057895259557, 43.92479851950179892 ) ) ;
#8519 = ORIENTED_EDGE ( 'NONE', *, *, #8011, .F. ) ;
#8520 = DIRECTION ( 'NONE',  ( -1.000000000000000000, -0.000000000000000000, 0.000000000000000000 ) ) ;
#8521 = CARTESIAN_POINT ( 'NONE',  ( 413.9999999999999432, 272.1108908047548880, 20.60226419432907363 ) ) ;
#8522 = ORIENTED_EDGE ( 'NONE', *, *, #9386, .F. ) ;
#8524 = ADVANCED_FACE ( 'NONE', ( #8485 ), #7303, .F. ) ;
#8523 = AXIS2_PLACEMENT_3D ( 'NONE', #9887, #6733, #1213 ) ;
#8525 = DIRECTION ( 'NONE',  ( 0.000000000000000000, 0.000000000000000000, 1.000000000000000000 ) ) ;
#8526 = ORIENTED_EDGE ( 'NONE', *, *, #6558, .T. ) ;
#8527 = CARTESIAN_POINT ( 'NONE',  ( 426.3655476873645398, 524.7984334590991011, 53.95394576659047914 ) ) ;
#8528 = VECTOR ( 'NONE', #7382, 1000.000000000000000 ) ;
#8529 = CARTESIAN_POINT ( 'NONE',  ( 419.5883005452017187, 517.0312439260054589, 56.58485080497850817 ) ) ;
#8530 = COORDINATED_UNIVERSAL_TIME_OFFSET ( 8, 0, .BEHIND. ) ;
#8531 = LINE ( 'NONE', #9239, #1680 ) ;
#8532 = ORIENTED_EDGE ( 'NONE', *, *, #4600, .F. ) ;
#8533 = CARTESIAN_POINT ( 'NONE',  ( 445.4000000000000909, 297.3233250367959499, 26.62996359750182407 ) ) ;
#8534 = CYLINDRICAL_SURFACE ( 'NONE', #7880, 8.730000000000002203 ) ;
#8535 = ORIENTED_EDGE ( 'NONE', *, *, #9034, .T. ) ;
#8536 = CARTESIAN_POINT ( 'NONE',  ( 447.4999999999999432, 415.1000000000000227, -2.760771534031255303 ) ) ;
#8537 = DIRECTION ( 'NONE',  ( -1.000000000000000000, -0.000000000000000000, -0.000000000000000000 ) ) ;
#8538 = VERTEX_POINT ( 'NONE', #8435 ) ;
#8539 = EDGE_CURVE ( 'NONE', #2161, #3680, #8150, .T. ) ;
#8540 = PLANE ( 'NONE',  #5807 ) ;
#8541 = CARTESIAN_POINT ( 'NONE',  ( 450.9360337533216239, 421.5616623994922065, 14.95874559324721176 ) ) ;
#8542 = CARTESIAN_POINT ( 'NONE',  ( 443.9999999999999432, 550.8986257934205923, 10.45890864499769712 ) ) ;
#8543 = CARTESIAN_POINT ( 'NONE',  ( 451.3999999999997499, 290.2908162835522603, 14.05376494628452022 ) ) ;
#8544 = AXIS2_PLACEMENT_3D ( 'NONE', #183, #8715, #7164 ) ;
#8545 = CARTESIAN_POINT ( 'NONE',  ( 451.3999999999852548, 296.1604348961560618, -22.99617805735217857 ) ) ;
#8546 = DIRECTION ( 'NONE',  ( 1.000000000000000000, 0.000000000000000000, 0.000000000000000000 ) ) ;
#8547 = ORIENTED_EDGE ( 'NONE', *, *, #4831, .T. ) ;
#8548 = TOROIDAL_SURFACE ( 'NONE', #956, 4.000000000000003553, 4.000000000000000000 ) ;
#8549 = CARTESIAN_POINT ( 'NONE',  ( 442.6000000000001933, 295.6318935539920858, -21.82306489917387893 ) ) ;
#8550 = DIRECTION ( 'NONE',  ( 0.000000000000000000, -0.1710331931357801927, -0.9852652672482569152 ) ) ;
#8551 = CARTESIAN_POINT ( 'NONE',  ( 439.9999999999999432, 544.0993943602001082, 12.41731218603699993 ) ) ;
#8552 = ORIENTED_EDGE ( 'NONE', *, *, #9896, .T. ) ;
#8553 = CARTESIAN_POINT ( 'NONE',  ( 423.0380999787108749, 526.8426620145733068, -18.84025445190140502 ) ) ;
#8554 = PLANE ( 'NONE',  #2781 ) ;
#8555 = AXIS2_PLACEMENT_3D ( 'NONE', #8920, #1795, #4939 ) ;
#8556 = CARTESIAN_POINT ( 'NONE',  ( 443.4999999999999432, 417.6000000000000227, -30.64042097131219933 ) ) ;
#8557 = DIRECTION ( 'NONE',  ( 0.000000000000000000, 1.000000000000000000, 0.000000000000000000 ) ) ;
#8558 = ORIENTED_EDGE ( 'NONE', *, *, #1678, .F. ) ;
#8559 = EDGE_CURVE ( 'NONE', #9555, #8037, #9987, .T. ) ;
#8560 = DIRECTION ( 'NONE',  ( -0.7071067811865477948, 0.7068716969491726232, 0.01823195140944950526 ) ) ;
#8561 = ADVANCED_FACE ( 'NONE', ( #1310 ), #2957, .F. ) ;
#8562 = ORIENTED_EDGE ( 'NONE', *, *, #7242, .F. ) ;
#8563 = LINE ( 'NONE', #10158, #9946 ) ;
#8564 = ORIENTED_EDGE ( 'NONE', *, *, #6870, .F. ) ;
#8565 = FACE_OUTER_BOUND ( 'NONE', #270, .T. ) ;
#8566 = ORIENTED_EDGE ( 'NONE', *, *, #7750, .F. ) ;
#8567 = CARTESIAN_POINT ( 'NONE',  ( 447.4999999999999432, 417.6000000000000227, -9.460771534031239938 ) ) ;
#8568 = EDGE_CURVE ( 'NONE', #4472, #6393, #373, .T. ) ;
#8569 = DIRECTION ( 'NONE',  ( 0.000000000000000000, 0.000000000000000000, 1.000000000000000000 ) ) ;
#8570 = ORIENTED_EDGE ( 'NONE', *, *, #2449, .T. ) ;
#8571 = ADVANCED_FACE ( 'NONE', ( #2910, #9683 ), #521, .T. ) ;
#8572 = DIRECTION ( 'NONE',  ( 0.3584842694956589249, -0.8874629227382723196, -0.2896525319913623164 ) ) ;
#8573 = LINE ( 'NONE', #8619, #4845 ) ;
#8574 = CARTESIAN_POINT ( 'NONE',  ( 443.9999936775067795, 470.5887913844096033, -32.99212978198413992 ) ) ;
#8575 = EDGE_LOOP ( 'NONE', ( #7161, #6832 ) ) ;
#8576 = CYLINDRICAL_SURFACE ( 'NONE', #7347, 7.500000000000003553 ) ;
#8577 = CARTESIAN_POINT ( 'NONE',  ( 418.5628198952603611, 517.5727000675219642, 56.58485080497847974 ) ) ;
#8578 = ORIENTED_EDGE ( 'NONE', *, *, #5656, .F. ) ;
#8579 = DIRECTION ( 'NONE',  ( -1.000000000000000000, 0.000000000000000000, 0.000000000000000000 ) ) ;
#8580 = LINE ( 'NONE', #4611, #3367 ) ;
#8581 = ORIENTED_EDGE ( 'NONE', *, *, #631, .F. ) ;
#8582 = EDGE_CURVE ( 'NONE', #3187, #9883, #4278, .T. ) ;
#8583 = FACE_OUTER_BOUND ( 'NONE', #5008, .T. ) ;
#8584 = CARTESIAN_POINT ( 'NONE',  ( 441.0000000000006253, 295.7327360374943623, 22.73732673957158212 ) ) ;
#8585 = CARTESIAN_POINT ( 'NONE',  ( 416.3459943419011893, 528.9540053200935290, -23.93668233527878897 ) ) ;
#8586 = PLANE ( 'NONE',  #3042 ) ;
#8587 = CARTESIAN_POINT ( 'NONE',  ( 445.3999999999999773, 295.5826336453164345, 25.70880552243644956 ) ) ;
#8588 = EDGE_CURVE ( 'NONE', #5595, #10020, #7473, .T. ) ;
#8589 = CARTESIAN_POINT ( 'NONE',  ( 445.3999999999999204, 298.8735077233925495, -24.93376165198888472 ) ) ;
#8590 = CIRCLE ( 'NONE', #5302, 4.000000000000003553 ) ;
#8591 = AXIS2_PLACEMENT_3D ( 'NONE', #8760, #7941, #692 ) ;
#8592 = FACE_OUTER_BOUND ( 'NONE', #3003, .T. ) ;
#8593 = ORIENTED_EDGE ( 'NONE', *, *, #108, .T. ) ;
#8594 = DIRECTION ( 'NONE',  ( -1.000000000000000000, -0.000000000000000000, 0.000000000000000000 ) ) ;
#8595 = DIRECTION ( 'NONE',  ( 1.000000000000000000, 0.000000000000000000, 0.000000000000000000 ) ) ;
#8596 = CARTESIAN_POINT ( 'NONE',  ( 443.9999999999867555, 548.2322496716050182, 12.08834967512453495 ) ) ;
#8597 = ORIENTED_EDGE ( 'NONE', *, *, #2830, .T. ) ;
#8598 = CARTESIAN_POINT ( 'NONE',  ( 445.4792002342499586, 533.6484144379709278, -20.17580490523829084 ) ) ;
#8599 = DIRECTION ( 'NONE',  ( 0.000000000000000000, -0.2325235526185188417, 0.9725907656757095676 ) ) ;
#8600 = EDGE_CURVE ( 'NONE', #8451, #3975, #2089, .T. ) ;
#8601 = DIRECTION ( 'NONE',  ( -0.7071067811865472397, -0.7071067811865479058, 0.000000000000000000 ) ) ;
#8602 = CIRCLE ( 'NONE', #2336, 4.000000000000002665 ) ;
#8603 = DIRECTION ( 'NONE',  ( -1.000000000000000000, -0.000000000000000000, -0.000000000000000000 ) ) ;
#8604 = ORIENTED_EDGE ( 'NONE', *, *, #1417, .T. ) ;
#8605 = CARTESIAN_POINT ( 'NONE',  ( 445.3999999999999204, 297.0952331286823664, -14.68605186448338351 ) ) ;
#8606 = VECTOR ( 'NONE', #9815, 1000.000000000000000 ) ;
#8607 = ORIENTED_EDGE ( 'NONE', *, *, #4706, .T. ) ;
#8608 = DIRECTION ( 'NONE',  ( 0.000000000000000000, -1.000000000000000000, 0.000000000000000000 ) ) ;
#8609 = EDGE_LOOP ( 'NONE', ( #1439, #384, #5412, #9877 ) ) ;
#8610 = DIRECTION ( 'NONE',  ( 0.000000000000000000, 0.000000000000000000, 1.000000000000000000 ) ) ;
#8611 = FACE_OUTER_BOUND ( 'NONE', #1242, .T. ) ;
#8612 = ORIENTED_EDGE ( 'NONE', *, *, #852, .F. ) ;
#8613 = CARTESIAN_POINT ( 'NONE',  ( 451.4999999999999432, 421.6000000000000227, -13.46077153403123994 ) ) ;
#8614 = CARTESIAN_POINT ( 'NONE',  ( 449.5000000000000000, 446.6000000000000227, -28.41514919502149539 ) ) ;
#8615 = VERTEX_POINT ( 'NONE', #2668 ) ;
#8616 = VECTOR ( 'NONE', #4021, 1000.000000000000000 ) ;
#8617 = DIRECTION ( 'NONE',  ( 1.000000000000000000, 0.000000000000000000, 0.000000000000000000 ) ) ;
#8618 = DIRECTION ( 'NONE',  ( 0.000000000000000000, 0.9725907656757107889, 0.2325235526185132628 ) ) ;
#8619 = CARTESIAN_POINT ( 'NONE',  ( 413.9999999999999432, 436.1000000000000227, 45.08485080497850817 ) ) ;
#8620 = EDGE_CURVE ( 'NONE', #10061, #7046, #5234, .T. ) ;
#8621 = DIRECTION ( 'NONE',  ( -2.442193098255953558E-16, 0.9852652672482566931, -0.1710331931357804147 ) ) ;
#8622 = ORIENTED_EDGE ( 'NONE', *, *, #4791, .F. ) ;
#8623 = LINE ( 'NONE', #5524, #4692 ) ;
#8624 = DIRECTION ( 'NONE',  ( 0.000000000000000000, -1.000000000000000000, 0.000000000000000000 ) ) ;
#8625 = ORIENTED_EDGE ( 'NONE', *, *, #1123, .T. ) ;
#8626 = ADVANCED_FACE ( 'NONE', ( #9733 ), #6106, .F. ) ;
#8627 = AXIS2_PLACEMENT_3D ( 'NONE', #7792, #3871, #1586 ) ;
#8628 = CARTESIAN_POINT ( 'NONE',  ( 463.3999999999999204, 298.8664056459464859, -14.78352078243895562 ) ) ;
#8629 = EDGE_CURVE ( 'NONE', #2486, #6283, #6536, .T. ) ;
#8630 = DIRECTION ( 'NONE',  ( 0.000000000000000000, 0.000000000000000000, 1.000000000000000000 ) ) ;
#8631 = EDGE_LOOP ( 'NONE', ( #2330, #7191, #5523, #10016 ) ) ;
#8632 = CONICAL_SURFACE ( 'NONE', #3542, 6.499999999999950262, 0.7853981633974776999 ) ;
#8633 = FACE_OUTER_BOUND ( 'NONE', #9718, .T. ) ;
#8634 = ADVANCED_FACE ( 'NONE', ( #6016 ), #9156, .F. ) ;
#8635 = DIRECTION ( 'NONE',  ( -1.000000000000000000, 0.000000000000000000, 0.000000000000000000 ) ) ;
#8636 = CARTESIAN_POINT ( 'NONE',  ( 461.9999999999998863, 436.1000000000000227, 38.58485080497850817 ) ) ;
#8637 = CYLINDRICAL_SURFACE ( 'NONE', #1068, 4.762500000000011724 ) ;
#8638 = CARTESIAN_POINT ( 'NONE',  ( 445.3999999999999773, 294.0913399917496349, 22.63217834318583854 ) ) ;
#8639 = CIRCLE ( 'NONE', #6339, 4.000000000000000000 ) ;
#8640 = CARTESIAN_POINT ( 'NONE',  ( 440.9999999999998295, 297.2448200606795581, 24.91917132889434328 ) ) ;
#8641 = CARTESIAN_POINT ( 'NONE',  ( 451.3999999999999204, 298.0314322140837362, -30.87785837342358519 ) ) ;
#8642 = VECTOR ( 'NONE', #7273, 1000.000000000000000 ) ;
#8643 = EDGE_CURVE ( 'NONE', #7714, #8383, #3600, .T. ) ;
#8644 = CARTESIAN_POINT ( 'NONE',  ( 413.9999999999997726, 545.4838755703169682, 23.20417784432246577 ) ) ;
#8645 = ORIENTED_EDGE ( 'NONE', *, *, #1849, .T. ) ;
#8646 = CARTESIAN_POINT ( 'NONE',  ( 442.6000000000001364, 295.3599442236399568, -19.38527527405165074 ) ) ;
#8647 = CIRCLE ( 'NONE', #2552, 52.00000000000004263 ) ;
#8648 = CIRCLE ( 'NONE', #9980, 1.250000000000028866 ) ;
#8649 = AXIS2_PLACEMENT_3D ( 'NONE', #3159, #7965, #6515 ) ;
#8650 = CARTESIAN_POINT ( 'NONE',  ( 454.0730317999999102, 504.1837287883886916, 46.58485080497850106 ) ) ;
#8651 = B_SPLINE_CURVE_WITH_KNOTS ( 'NONE', 3,
 ( #820, #9298, #663, #619 ),
 .UNSPECIFIED., .F., .F.,
 ( 4, 4 ),
 ( 2.921989184066893454E-07, 0.007003874685160669730 ),
 .UNSPECIFIED. ) ;
#8652 = CARTESIAN_POINT ( 'NONE',  ( 439.9999999999999432, 541.0653048213447391, 19.35423901141402681 ) ) ;
#8653 = ORIENTED_EDGE ( 'NONE', *, *, #1904, .F. ) ;
#8654 = DIRECTION ( 'NONE',  ( 0.000000000000000000, 0.000000000000000000, -1.000000000000000000 ) ) ;
#8655 = CARTESIAN_POINT ( 'NONE',  ( 447.4999999999999432, 417.6000000000000227, -13.46077153403123994 ) ) ;
#8656 = CYLINDRICAL_SURFACE ( 'NONE', #7370, 6.499999999999999112 ) ;
#8657 = VECTOR ( 'NONE', #6615, 1000.000000000000000 ) ;
#8658 = DIRECTION ( 'NONE',  ( 1.000000000000000000, 2.478716320810481262E-16, 0.000000000000000000 ) ) ;
#8659 = ORIENTED_EDGE ( 'NONE', *, *, #3009, .F. ) ;
#8660 = CARTESIAN_POINT ( 'NONE',  ( 445.3999999999999204, 276.9938854097437115, 0.1778581151391607218 ) ) ;
#8661 = ORIENTED_EDGE ( 'NONE', *, *, #9569, .T. ) ;
#8662 = CARTESIAN_POINT ( 'NONE',  ( 419.0250002219730163, 524.4409674789063729, 46.00455559413979501 ) ) ;
#8663 = ORIENTED_EDGE ( 'NONE', *, *, #3648, .T. ) ;
#8664 = DIRECTION ( 'NONE',  ( 1.000000000000000000, 0.000000000000000000, 0.000000000000000000 ) ) ;
#8665 = ADVANCED_FACE ( 'NONE', ( #2325 ), #8534, .F. ) ;
#8666 = LINE ( 'NONE', #8521, #9352 ) ;
#8667 = ORIENTED_EDGE ( 'NONE', *, *, #3900, .F. ) ;
#8668 = DIRECTION ( 'NONE',  ( 0.000000000000000000, 0.9996675406832069566, -0.02578387295169008719 ) ) ;
#8669 = CARTESIAN_POINT ( 'NONE',  ( 451.3999999999999773, 290.2368676467785349, 14.13384034416751867 ) ) ;
#8670 = ORIENTED_EDGE ( 'NONE', *, *, #6547, .T. ) ;
#8671 = CARTESIAN_POINT ( 'NONE',  ( 449.5000000000000000, 429.6000000000001364, -6.760771534031789542 ) ) ;
#8672 = DIRECTION ( 'NONE',  ( 0.000000000000000000, -1.000000000000000000, 0.000000000000000000 ) ) ;
#8673 = DIRECTION ( 'NONE',  ( 1.934902151088186043E-17, 0.2325235526185132906, -0.9725907656757108999 ) ) ;
#8674 = ORIENTED_EDGE ( 'NONE', *, *, #1558, .F. ) ;
#8675 = CARTESIAN_POINT ( 'NONE',  ( 429.6526740142684844, 537.5186806443891783, -19.67000922246355188 ) ) ;
#8676 = VERTEX_POINT ( 'NONE', #6972 ) ;
#8677 = CARTESIAN_POINT ( 'NONE',  ( 440.9999999999998295, 421.0999999999998522, -6.760771534031779773 ) ) ;
#8678 = CARTESIAN_POINT ( 'NONE',  ( 413.9999999999998295, 534.0404313521211179, 39.65248735578510519 ) ) ;
#8679 = VERTEX_POINT ( 'NONE', #5469 ) ;
#8680 = CARTESIAN_POINT ( 'NONE',  ( 446.2053489102189587, 429.6000000000001364, 10.90269956893449788 ) ) ;
#8681 = CARTESIAN_POINT ( 'NONE',  ( 442.5999999999998522, 295.4170760485155256, -20.83543997847293383 ) ) ;
#8682 = VERTEX_POINT ( 'NONE', #10174 ) ;
#8683 =( BOUNDED_CURVE ( )  B_SPLINE_CURVE ( 3, ( #3231, #952, #8802, #9574 ),
 .UNSPECIFIED., .F., .T. ) 
 B_SPLINE_CURVE_WITH_KNOTS ( ( 4, 4 ),
 ( 4.712388980384689674, 6.283185307179586232 ),
 .UNSPECIFIED. ) 
 CURVE ( )  GEOMETRIC_REPRESENTATION_ITEM ( )  RATIONAL_B_SPLINE_CURVE ( ( 1.000000000000000000, 0.8047378541243649375, 0.8047378541243649375, 1.000000000000000000 ) ) 
 REPRESENTATION_ITEM ( '' )  );
#8684 = AXIS2_PLACEMENT_3D ( 'NONE', #7417, #279, #1994 ) ;
#8685 = EDGE_CURVE ( 'NONE', #4530, #3618, #6562, .T. ) ;
#8686 = DIRECTION ( 'NONE',  ( 0.7071067811865521247, -0.7071067811865430208, 0.000000000000000000 ) ) ;
#8687 = EDGE_CURVE ( 'NONE', #4638, #8790, #1997, .T. ) ;
#8688 = DIRECTION ( 'NONE',  ( -1.000000000000000000, -0.000000000000000000, 0.000000000000000000 ) ) ;
#8689 = ORIENTED_EDGE ( 'NONE', *, *, #5159, .T. ) ;
#8690 = DIRECTION ( 'NONE',  ( 0.000000000000000000, 0.000000000000000000, 1.000000000000000000 ) ) ;
#8691 = B_SPLINE_CURVE_WITH_KNOTS ( 'NONE', 3,
 ( #1166, #7463, #2764, #8300, #5922, #2814, #9061, #6739, #9890, #9109, #1217, #3644, #2287, #4615, #7869, #6935, #7921, #627, #9509, #2334, #1509, #726, #3064, #2391, #8585, #5480 ),
 .UNSPECIFIED., .F., .F.,
 ( 4, 2, 2, 2, 2, 2, 2, 2, 2, 2, 2, 2, 4 ),
 ( 1.111355438371400024E-15, 0.005021206909491322812, 0.01004241381898153540, 0.01255301727372663996, 0.01506362072847174625, 0.02008482763796197793, 0.02259543109270709116, 0.02510603454745220439, 0.02636133627482483907, 0.02761663800219747375, 0.03012724145694258004, 0.03514844836643278569, 0.04016965527592299828 ),
 .UNSPECIFIED. ) ;
#8692 = CARTESIAN_POINT ( 'NONE',  ( 443.9999999999999432, 548.7410050636095775, 18.72196395471308605 ) ) ;
#8693 = CARTESIAN_POINT ( 'NONE',  ( 445.4000000000071395, 296.9806316370650165, 26.53320751775063968 ) ) ;
#8694 = DIRECTION ( 'NONE',  ( -0.7071067811865526798, -0.7071067811865424657, 1.171710790062510835E-15 ) ) ;
#8695 = CARTESIAN_POINT ( 'NONE',  ( 480.9999999999999432, 461.7519881762291902, -45.52421010973974091 ) ) ;
#8696 = ADVANCED_FACE ( 'NONE', ( #1456 ), #4699, .F. ) ;
#8697 = ORIENTED_EDGE ( 'NONE', *, *, #5247, .T. ) ;
#8698 = CARTESIAN_POINT ( 'NONE',  ( 442.6000000000000796, 297.8810932635516906, -24.60337987232276191 ) ) ;
#8699 = AXIS2_PLACEMENT_3D ( 'NONE', #2378, #3157, #7075 ) ;
#8700 = DIRECTION ( 'NONE',  ( -0.000000000000000000, -0.000000000000000000, 1.000000000000000000 ) ) ;
#8701 = DIRECTION ( 'NONE',  ( 0.7071067811865474617, 0.7071067811865474617, 1.226634733346425773E-15 ) ) ;
#8702 = ADVANCED_FACE ( 'NONE', ( #5578 ), #7124, .F. ) ;
#8703 = CARTESIAN_POINT ( 'NONE',  ( 446.2227985363799689, 532.3604643982598645, 56.58485080497852238 ) ) ;
#8704 = CARTESIAN_POINT ( 'NONE',  ( 447.5000000000000000, 370.4938854097436547, 29.72877838309286602 ) ) ;
#8705 = CARTESIAN_POINT ( 'NONE',  ( 444.7916927085275915, 534.9860905910865085, 25.78972810692517115 ) ) ;
#8706 = CARTESIAN_POINT ( 'NONE',  ( 442.5999999999999659, 276.9938854097437115, 0.1778581151391607218 ) ) ;
#8707 = AXIS2_PLACEMENT_3D ( 'NONE', #2731, #4492, #2880 ) ;
#8708 = CARTESIAN_POINT ( 'NONE',  ( 441.0000000000000000, 333.7394627972502121, 12.17533480644861577 ) ) ;
#8709 = ORIENTED_EDGE ( 'NONE', *, *, #7688, .T. ) ;
#8710 = LINE ( 'NONE', #3087, #9244 ) ;
#8711 = ORIENTED_EDGE ( 'NONE', *, *, #7443, .T. ) ;
#8712 = CARTESIAN_POINT ( 'NONE',  ( 424.1386101422265824, 525.5488871780243016, 45.09030831655882565 ) ) ;
#8713 = ORIENTED_EDGE ( 'NONE', *, *, #3077, .F. ) ;
#8714 = DIRECTION ( 'NONE',  ( 1.000000000000000000, 0.000000000000000000, 0.000000000000000000 ) ) ;
#8715 = DIRECTION ( 'NONE',  ( 0.4811487826947016821, -0.8333741376271435186, -0.2719988890521831126 ) ) ;
#8716 = ORIENTED_EDGE ( 'NONE', *, *, #2529, .T. ) ;
#8717 = LINE ( 'NONE', #7899, #9021 ) ;
#8718 = EDGE_CURVE ( 'NONE', #1453, #6624, #3434, .T. ) ;
#8719 = CARTESIAN_POINT ( 'NONE',  ( 451.3999999999999204, 290.8315263515628999, 13.24319676931614786 ) ) ;
#8720 = ORIENTED_EDGE ( 'NONE', *, *, #4318, .T. ) ;
#8721 = CARTESIAN_POINT ( 'NONE',  ( 424.7512886940357362, 523.3142237596528048, 46.20011377522811813 ) ) ;
#8722 = DIRECTION ( 'NONE',  ( 0.000000000000000000, 1.000000000000000000, 1.313052231047092626E-13 ) ) ;
#8723 = ORIENTED_EDGE ( 'NONE', *, *, #6015, .F. ) ;
#8724 = CARTESIAN_POINT ( 'NONE',  ( 447.5143438838031216, 479.1539411063441776, -34.40502724925696043 ) ) ;
#8725 = ORIENTED_EDGE ( 'NONE', *, *, #9904, .T. ) ;
#8726 = CARTESIAN_POINT ( 'NONE',  ( 446.3213035141018281, 296.5880657568798711, 26.45418041520620278 ) ) ;
#8727 = CARTESIAN_POINT ( 'NONE',  ( 431.1432231267988868, 519.6285839488989495, 56.58485080497849395 ) ) ;
#8728 = ORIENTED_EDGE ( 'NONE', *, *, #8450, .T. ) ;
#8729 = ADVANCED_FACE ( 'NONE', ( #6309 ), #3760, .F. ) ;
#8730 = FACE_OUTER_BOUND ( 'NONE', #5908, .T. ) ;
#8731 = EDGE_CURVE ( 'NONE', #5219, #4892, #8651, .T. ) ;
#8732 = CARTESIAN_POINT ( 'NONE',  ( 442.5999999999999659, 295.4009453139209427, -20.71249780251674366 ) ) ;
#8733 = ORIENTED_EDGE ( 'NONE', *, *, #377, .T. ) ;
#8734 = CIRCLE ( 'NONE', #3289, 3.999999999999980016 ) ;
#8735 = DIRECTION ( 'NONE',  ( 0.000000000000000000, 1.000000000000000000, 0.000000000000000000 ) ) ;
#8736 = CARTESIAN_POINT ( 'NONE',  ( 447.5000000000000000, 255.9938854097436547, 13.49089150335158749 ) ) ;
#8737 = CARTESIAN_POINT ( 'NONE',  ( 441.0560666609405871, 421.8974867296525986, 13.57906740443361926 ) ) ;
#8738 = ORIENTED_EDGE ( 'NONE', *, *, #2021, .T. ) ;
#8739 = DIRECTION ( 'NONE',  ( 0.000000000000000000, 1.000000000000000000, -1.734723475976817547E-15 ) ) ;
#8740 = CARTESIAN_POINT ( 'NONE',  ( 420.9816866181221258, 520.6178284531483769, 42.24345963731308728 ) ) ;
#8741 = CARTESIAN_POINT ( 'NONE',  ( 451.3999999999714987, 296.4140354630665684, 26.29657283561072845 ) ) ;
#8742 = FACE_OUTER_BOUND ( 'NONE', #8489, .T. ) ;
#8743 = CARTESIAN_POINT ( 'NONE',  ( 451.3999999999999773, 299.0576313728984132, -24.96626676993393090 ) ) ;
#8744 = EDGE_LOOP ( 'NONE', ( #9360, #5563, #1135, #9157 ) ) ;
#8745 = ADVANCED_FACE ( 'NONE', ( #9445 ), #260, .F. ) ;
#8746 = CARTESIAN_POINT ( 'NONE',  ( 413.9999999999998863, 547.8169744248705229, 18.59662585293143167 ) ) ;
#8747 = ORIENTED_EDGE ( 'NONE', *, *, #3400, .F. ) ;
#8748 = CARTESIAN_POINT ( 'NONE',  ( 442.5999999999999091, 295.9764896778228263, -16.68773782788659688 ) ) ;
#8749 = DIRECTION ( 'NONE',  ( -0.7071067811865426878, 2.118623533716805774E-16, -0.7071067811865523467 ) ) ;
#8750 = CARTESIAN_POINT ( 'NONE',  ( 447.4999999999999432, 421.6000000000000227, -30.64042097131219933 ) ) ;
#8751 = CARTESIAN_POINT ( 'NONE',  ( 439.9999999999998863, 544.1805473432956433, 21.94595762137178596 ) ) ;
#8752 = DIRECTION ( 'NONE',  ( 1.000000000000000000, -2.996186134945139640E-16, -0.000000000000000000 ) ) ;
#8753 = CARTESIAN_POINT ( 'NONE',  ( 444.5848976331984090, 535.5128614520732526, 26.44629901070376121 ) ) ;
#8754 = AXIS2_PLACEMENT_3D ( 'NONE', #527, #7668, #1216 ) ;
#8755 = EDGE_CURVE ( 'NONE', #10117, #10157, #4269, .T. ) ;
#8756 = FACE_OUTER_BOUND ( 'NONE', #7830, .T. ) ;
#8757 = EDGE_CURVE ( 'NONE', #4495, #4757, #5904, .T. ) ;
#8758 = DIRECTION ( 'NONE',  ( -0.000000000000000000, -0.2325235526185132073, 0.9725907656757110109 ) ) ;
#8759 = EDGE_LOOP ( 'NONE', ( #8670, #927, #2522, #5632, #300, #2252, #4221, #2245, #8597 ) ) ;
#8760 = CARTESIAN_POINT ( 'NONE',  ( 441.3535533905932198, 405.1000000000000227, 14.23922846596874514 ) ) ;
#8761 = AXIS2_PLACEMENT_3D ( 'NONE', #3840, #10180, #9402 ) ;
#8762 = VERTEX_POINT ( 'NONE', #7646 ) ;
#8763 = LINE ( 'NONE', #7893, #3178 ) ;
#8764 = ORIENTED_EDGE ( 'NONE', *, *, #1771, .F. ) ;
#8765 = CARTESIAN_POINT ( 'NONE',  ( 446.2227985363800258, 532.3604643982598645, 35.69889116825613939 ) ) ;
#8766 = CIRCLE ( 'NONE', #4334, 7.000000000000062172 ) ;
#8767 = CARTESIAN_POINT ( 'NONE',  ( 451.3999999999999204, 273.4021883538922566, -20.51271249707421518 ) ) ;
#8768 = ORIENTED_EDGE ( 'NONE', *, *, #731, .F. ) ;
#8769 = CARTESIAN_POINT ( 'NONE',  ( 441.5333333333331325, 297.9528906313570928, -15.32024535694733025 ) ) ;
#8770 = FACE_OUTER_BOUND ( 'NONE', #5532, .T. ) ;
#8771 = VERTEX_POINT ( 'NONE', #459 ) ;
#8772 = EDGE_CURVE ( 'NONE', #5574, #4215, #1298, .T. ) ;
#8773 = CARTESIAN_POINT ( 'NONE',  ( 442.3730669589464810, 492.8079696669677219, -29.94858873995661241 ) ) ;
#8774 = CIRCLE ( 'NONE', #7788, 3.999999999999974243 ) ;
#8775 = CARTESIAN_POINT ( 'NONE',  ( 442.6000000000000796, 294.3679832325256598, 23.81203254904205835 ) ) ;
#8776 = EDGE_CURVE ( 'NONE', #1646, #9966, #3922, .T. ) ;
#8777 = ORIENTED_EDGE ( 'NONE', *, *, #6362, .T. ) ;
#8778 = CARTESIAN_POINT ( 'NONE',  ( 443.9999999999999432, 541.6747925820301361, -6.002742234656873066 ) ) ;
#8779 = EDGE_LOOP ( 'NONE', ( #6049, #4347, #1202, #5755 ) ) ;
#8780 = CARTESIAN_POINT ( 'NONE',  ( 424.6122363725794457, 523.7959151309979688, 46.04507490075838660 ) ) ;
#8781 = CARTESIAN_POINT ( 'NONE',  ( 442.9133014046572612, 519.8458206497582523, 56.58485080497860054 ) ) ;
#8782 = ORIENTED_EDGE ( 'NONE', *, *, #4099, .F. ) ;
#8783 = CYLINDRICAL_SURFACE ( 'NONE', #1078, 2.000000000000001776 ) ;
#8784 = AXIS2_PLACEMENT_3D ( 'NONE', #1895, #3688, #6831 ) ;
#8785 = CARTESIAN_POINT ( 'NONE',  ( 442.6000000000001933, 295.6318935539920858, -21.82306489917387893 ) ) ;
#8786 = ORIENTED_EDGE ( 'NONE', *, *, #9837, .F. ) ;
#8787 = CARTESIAN_POINT ( 'NONE',  ( 451.3999999999997499, 289.9036247365231702, -15.90108867947122917 ) ) ;
#8788 = SPHERICAL_SURFACE ( 'NONE', #4678, 4.000000000000000000 ) ;
#8789 = CARTESIAN_POINT ( 'NONE',  ( 454.0730317999999102, 502.5337287883886574, 56.58485080497849395 ) ) ;
#8790 = VERTEX_POINT ( 'NONE', #6766 ) ;
#8791 = CARTESIAN_POINT ( 'NONE',  ( 418.8526740142684730, 526.0728315120054503, -11.23507891194397246 ) ) ;
#8792 = CARTESIAN_POINT ( 'NONE',  ( 475.0732000679998919, 307.2405601537220718, 25.91639599748756595 ) ) ;
#8793 = CARTESIAN_POINT ( 'NONE',  ( 445.4000000000283990, 295.1485823704510381, 25.25160950104616830 ) ) ;
#8794 = CARTESIAN_POINT ( 'NONE',  ( 440.9999999999999432, 461.6000000000000796, 18.23922846596918390 ) ) ;
#8795 = CARTESIAN_POINT ( 'NONE',  ( 480.9999999999999432, 458.1912265117932179, -45.97388025194777583 ) ) ;
#8796 = VERTEX_POINT ( 'NONE', #3673 ) ;
#8797 = CIRCLE ( 'NONE', #6980, 3.174999999999989608 ) ;
#8798 = FACE_OUTER_BOUND ( 'NONE', #211, .T. ) ;
#8799 = DIRECTION ( 'NONE',  ( -1.000000000000000000, -2.478716320810480276E-16, -0.000000000000000000 ) ) ;
#8800 = LINE ( 'NONE', #5549, #7511 ) ;
#8801 = CIRCLE ( 'NONE', #9136, 56.00000000000000000 ) ;
#8802 = CARTESIAN_POINT ( 'NONE',  ( 447.4999999999999432, 364.1507396592359669, -6.909108496648500797 ) ) ;
#8803 = CIRCLE ( 'NONE', #4840, 2.000000000000001776 ) ;
#8804 = AXIS2_PLACEMENT_3D ( 'NONE', #3508, #9806, #4244 ) ;
#8805 = ORIENTED_EDGE ( 'NONE', *, *, #3105, .T. ) ;
#8806 = DIRECTION ( 'NONE',  ( -1.000000000000000000, 0.000000000000000000, -0.000000000000000000 ) ) ;
#8807 = CARTESIAN_POINT ( 'NONE',  ( 447.7026415026514883, 418.8660025167570211, -8.061560153058998424 ) ) ;
#8808 = CARTESIAN_POINT ( 'NONE',  ( 441.1523006980262380, 421.8012526925669476, -2.760771534031256191 ) ) ;
#8809 = ORIENTED_EDGE ( 'NONE', *, *, #8582, .T. ) ;
#8810 = EDGE_CURVE ( 'NONE', #1768, #3146, #1144, .T. ) ;
#8811 = CIRCLE ( 'NONE', #7500, 6.499999999999970690 ) ;
#8812 = AXIS2_PLACEMENT_3D ( 'NONE', #5842, #1139, #7435 ) ;
#8813 = DIRECTION ( 'NONE',  ( -2.478716320810480276E-16, 1.000000000000000000, 0.000000000000000000 ) ) ;
#8814 = EDGE_CURVE ( 'NONE', #9243, #2840, #6048, .T. ) ;
#8815 = DIRECTION ( 'NONE',  ( 1.000000000000000000, 0.000000000000000000, 0.000000000000000000 ) ) ;
#8816 = EDGE_CURVE ( 'NONE', #10242, #6086, #9041, .T. ) ;
#8817 = ORIENTED_EDGE ( 'NONE', *, *, #7712, .T. ) ;
#8818 = LINE ( 'NONE', #3401, #8616 ) ;
#8819 = ORIENTED_EDGE ( 'NONE', *, *, #9853, .T. ) ;
#8820 = CARTESIAN_POINT ( 'NONE',  ( 447.9018652169804113, 529.4522355981639521, 41.86929359012680862 ) ) ;
#8821 = AXIS2_PLACEMENT_3D ( 'NONE', #819, #6154, #6308 ) ;
#8822 = CARTESIAN_POINT ( 'NONE',  ( 419.5883005452017187, 517.0312439260054589, 56.58485080497850817 ) ) ;
#8823 = ORIENTED_EDGE ( 'NONE', *, *, #738, .T. ) ;
#8824 = CARTESIAN_POINT ( 'NONE',  ( 444.5456335598574356, 535.5998510235881440, -18.15296744190338885 ) ) ;
#8825 = FACE_BOUND ( 'NONE', #5370, .T. ) ;
#8826 = ORIENTED_EDGE ( 'NONE', *, *, #5893, .T. ) ;
#8827 = ADVANCED_FACE ( 'NONE', ( #352, #3517, #9818, #1973, #5115 ), #8276, .F. ) ;
#8828 = EDGE_CURVE ( 'NONE', #753, #2722, #9192, .T. ) ;
#8829 = AXIS2_PLACEMENT_3D ( 'NONE', #6684, #8289, #5914 ) ;
#8830 = DIRECTION ( 'NONE',  ( 0.000000000000000000, 0.000000000000000000, -1.000000000000000000 ) ) ;
#8831 = CARTESIAN_POINT ( 'NONE',  ( 442.5999999999996817, 297.0147232213037114, 26.54649767044163156 ) ) ;
#8832 = ORIENTED_EDGE ( 'NONE', *, *, #9202, .F. ) ;
#8833 = DIRECTION ( 'NONE',  ( 0.000000000000000000, 0.1710331931357722823, 0.9852652672482582474 ) ) ;
#8834 = VERTEX_POINT ( 'NONE', #752 ) ;
#8835 = SPHERICAL_SURFACE ( 'NONE', #7007, 4.000000000000000000 ) ;
#8836 = ADVANCED_FACE ( 'NONE', ( #8611 ), #5454, .F. ) ;
#8837 = CARTESIAN_POINT ( 'NONE',  ( 447.4487347888748445, 519.4359994626630623, 56.53364055990675041 ) ) ;
#8838 = ORIENTED_EDGE ( 'NONE', *, *, #1185, .F. ) ;
#8839 = CARTESIAN_POINT ( 'NONE',  ( 443.5000000000000000, 366.4938854097436547, -23.15758699032832979 ) ) ;
#8840 = CARTESIAN_POINT ( 'NONE',  ( 442.5999999999997385, 295.3533046830067974, -20.10086819043615947 ) ) ;
#8841 = ORIENTED_EDGE ( 'NONE', *, *, #7935, .T. ) ;
#8842 = CARTESIAN_POINT ( 'NONE',  ( 447.4999999999999432, 417.6000000000000227, -13.46077153403123994 ) ) ;
#8843 = DIRECTION ( 'NONE',  ( 1.000000000000000000, 0.000000000000000000, -0.000000000000000000 ) ) ;
#8844 = LINE ( 'NONE', #7190, #8401 ) ;
#8845 = ORIENTED_EDGE ( 'NONE', *, *, #5860, .T. ) ;
#8846 = DIRECTION ( 'NONE',  ( 0.000000000000000000, 0.000000000000000000, 1.000000000000000000 ) ) ;
#8847 = LINE ( 'NONE', #8900, #4056 ) ;
#8848 = EDGE_LOOP ( 'NONE', ( #4744, #6956, #5826, #6810, #5505 ) ) ;
#8849 = CARTESIAN_POINT ( 'NONE',  ( 451.3999999999999773, 297.3219214635129219, 26.62962803617664420 ) ) ;
#8850 = LINE ( 'NONE', #157, #8096 ) ;
#8851 = CARTESIAN_POINT ( 'NONE',  ( 336.0902124738105385, 309.2348964336476911, -20.64321794150336586 ) ) ;
#8852 = ORIENTED_EDGE ( 'NONE', *, *, #4238, .F. ) ;
#8853 = CIRCLE ( 'NONE', #7537, 3.174999999999989164 ) ;
#8854 = EDGE_CURVE ( 'NONE', #758, #6091, #698, .T. ) ;
#8855 = DIRECTION ( 'NONE',  ( 0.000000000000000000, -0.1710331931357803315, -0.9852652672482568041 ) ) ;
#8856 = LINE ( 'NONE', #6590, #8340 ) ;
#8857 = FACE_OUTER_BOUND ( 'NONE', #5142, .T. ) ;
#8858 = AXIS2_PLACEMENT_3D ( 'NONE', #10102, #6084, #2154 ) ;
#8859 = DIRECTION ( 'NONE',  ( 0.000000000000000000, 1.387778780781445676E-14, 1.000000000000000000 ) ) ;
#8860 = CARTESIAN_POINT ( 'NONE',  ( 447.4779471123121652, 453.0999999999999659, 12.72231415151772893 ) ) ;
#8861 = CARTESIAN_POINT ( 'NONE',  ( 445.0846366923385062, 534.3604643982598645, -4.032362195706984842 ) ) ;
#8862 = CARTESIAN_POINT ( 'NONE',  ( 451.3999999999997499, 289.3457871951650304, -20.23275958620878257 ) ) ;
#8863 = CARTESIAN_POINT ( 'NONE',  ( 429.6526740142684275, 537.0104643982598418, 9.929720804978487081 ) ) ;
#8864 = ORIENTED_EDGE ( 'NONE', *, *, #5372, .F. ) ;
#8865 = VECTOR ( 'NONE', #9590, 1000.000000000000000 ) ;
#8866 = DIRECTION ( 'NONE',  ( -2.482414054536381163E-31, -8.285246452426542583E-16, 1.000000000000000000 ) ) ;
#8867 = DIRECTION ( 'NONE',  ( 0.000000000000000000, 0.1710331931357861601, 0.9852652672482558049 ) ) ;
#8868 = CARTESIAN_POINT ( 'NONE',  ( 441.0000000000001705, 297.3937540444004526, -17.45961575885213080 ) ) ;
#8869 = ORIENTED_EDGE ( 'NONE', *, *, #9518, .T. ) ;
#8870 = CARTESIAN_POINT ( 'NONE',  ( 442.5999999999999659, 297.3233250367959499, 26.62996359750182407 ) ) ;
#8871 = VERTEX_POINT ( 'NONE', #1534 ) ;
#8872 = DIRECTION ( 'NONE',  ( 1.000000000000000000, 2.478716320810480276E-16, 0.000000000000000000 ) ) ;
#8873 = CARTESIAN_POINT ( 'NONE',  ( 480.9999999999999432, 538.3604643982594098, -7.763271607418591458 ) ) ;
#8874 = AXIS2_PLACEMENT_3D ( 'NONE', #1049, #9009, #2556 ) ;
#8875 = ORIENTED_EDGE ( 'NONE', *, *, #1417, .F. ) ;
#8876 = CIRCLE ( 'NONE', #4434, 3.174999999999989164 ) ;
#8877 = CARTESIAN_POINT ( 'NONE',  ( 429.6526740142684275, 554.7104643982598873, 9.929720804978485305 ) ) ;
#8878 = ORIENTED_EDGE ( 'NONE', *, *, #1258, .F. ) ;
#8879 = EDGE_CURVE ( 'NONE', #1020, #5079, #8224, .T. ) ;
#8880 = CARTESIAN_POINT ( 'NONE',  ( 440.9999999999999432, 295.6479328386022871, 21.51180408416687229 ) ) ;
#8881 = VECTOR ( 'NONE', #9845, 1000.000000000000000 ) ;
#8882 = CARTESIAN_POINT ( 'NONE',  ( 442.5999999999997954, 294.2043076894396449, 23.23681269299073548 ) ) ;
#8883 = VERTEX_POINT ( 'NONE', #4594 ) ;
#8884 = CARTESIAN_POINT ( 'NONE',  ( 443.5605968472419818, 477.2132259706108357, -30.60243947929044595 ) ) ;
#8885 = ORIENTED_EDGE ( 'NONE', *, *, #6930, .T. ) ;
#8886 = CARTESIAN_POINT ( 'NONE',  ( 449.5000000000000568, 446.6000000000000227, 38.58485080497850817 ) ) ;
#8887 = EDGE_CURVE ( 'NONE', #4625, #1020, #9865, .T. ) ;
#8888 = CARTESIAN_POINT ( 'NONE',  ( 442.8328393406964096, 519.5395520219134369, 56.58485080497840869 ) ) ;
#8889 = ORIENTED_EDGE ( 'NONE', *, *, #1630, .T. ) ;
#8890 = LINE ( 'NONE', #2381, #411 ) ;
#8891 = DIRECTION ( 'NONE',  ( 1.000000000000000000, -2.996186134945139640E-16, -0.000000000000000000 ) ) ;
#8892 = EDGE_CURVE ( 'NONE', #3693, #10242, #7902, .T. ) ;
#8893 = VECTOR ( 'NONE', #6370, 1000.000000000000000 ) ;
#8894 = ORIENTED_EDGE ( 'NONE', *, *, #5247, .F. ) ;
#8895 = FACE_OUTER_BOUND ( 'NONE', #7010, .T. ) ;
#8896 = DIRECTION ( 'NONE',  ( 2.478716320810480276E-16, -1.000000000000000000, 2.668805347656623720E-16 ) ) ;
#8897 = DIRECTION ( 'NONE',  ( -0.000000000000000000, -1.000000000000000000, -0.000000000000000000 ) ) ;
#8898 = VERTEX_POINT ( 'NONE', #6912 ) ;
#8899 = CYLINDRICAL_SURFACE ( 'NONE', #8943, 56.00000000000000711 ) ;
#8900 = CARTESIAN_POINT ( 'NONE',  ( 481.0009999999999764, 328.2206644405273437, -7.956332081159240843 ) ) ;
#8901 = ORIENTED_EDGE ( 'NONE', *, *, #9034, .F. ) ;
#8902 = CARTESIAN_POINT ( 'NONE',  ( 443.9999999999999432, 541.6747925820301361, -6.002742234656873066 ) ) ;
#8903 = DIRECTION ( 'NONE',  ( 0.000000000000000000, 1.000000000000000000, 9.912705577010318647E-16 ) ) ;
#8904 = CARTESIAN_POINT ( 'NONE',  ( 443.9999999999999432, 538.3604643982596372, 23.62334978965654742 ) ) ;
#8905 = VERTEX_POINT ( 'NONE', #10060 ) ;
#8906 = VECTOR ( 'NONE', #6772, 1000.000000000000000 ) ;
#8907 = EDGE_CURVE ( 'NONE', #2237, #5561, #4686, .T. ) ;
#8908 = DIRECTION ( 'NONE',  ( 0.4811487826947031254, -0.8333741376271388557, -0.2719988890521943814 ) ) ;
#8909 = CARTESIAN_POINT ( 'NONE',  ( 441.3535533905932198, 411.6000000000000227, 20.73922846596876113 ) ) ;
#8910 = CARTESIAN_POINT ( 'NONE',  ( 447.5000000000000000, 351.9938854097436547, 33.30586396188319043 ) ) ;
#8911 = AXIS2_PLACEMENT_3D ( 'NONE', #9513, #9565, #3222 ) ;
#8912 = ADVANCED_FACE ( 'NONE', ( #3817 ), #9380, .F. ) ;
#8913 = DIRECTION ( 'NONE',  ( 1.000000000000000000, 0.000000000000000000, 0.000000000000000000 ) ) ;
#8914 = CARTESIAN_POINT ( 'NONE',  ( 449.5000000000001137, 453.0999999999998522, 17.86940649559957706 ) ) ;
#8915 = CARTESIAN_POINT ( 'NONE',  ( 443.4999999999999432, 369.5637911992696445, 33.61914144579571229 ) ) ;
#8916 = CARTESIAN_POINT ( 'NONE',  ( 451.3999999999567763, 295.4209074535413606, -20.89286964001898994 ) ) ;
#8917 = DIRECTION ( 'NONE',  ( 1.000000000000000000, 0.000000000000000000, 0.000000000000000000 ) ) ;
#8918 = ORIENTED_EDGE ( 'NONE', *, *, #2158, .T. ) ;
#8919 = CARTESIAN_POINT ( 'NONE',  ( 439.9999999999999432, 538.3604643982597509, -3.763271607418768205 ) ) ;
#8920 = CARTESIAN_POINT ( 'NONE',  ( 443.9999999999999432, 538.3604643982594098, -3.763271607418768205 ) ) ;
#8921 = CARTESIAN_POINT ( 'NONE',  ( 441.0000000000000568, 297.2183236077228798, -17.99703411747981008 ) ) ;
#8922 = AXIS2_PLACEMENT_3D ( 'NONE', #3643, #8351, #3695 ) ;
#8923 = CARTESIAN_POINT ( 'NONE',  ( 440.0000000000530918, 547.2892663026023001, 4.169199344907607241 ) ) ;
#8924 = ORIENTED_EDGE ( 'NONE', *, *, #640, .F. ) ;
#8925 = CARTESIAN_POINT ( 'NONE',  ( 413.9999999999999432, 446.6000000000000227, -28.41514919502149539 ) ) ;
#8926 = DIRECTION ( 'NONE',  ( 0.000000000000000000, 1.000000000000000000, 0.000000000000000000 ) ) ;
#8927 = DIRECTION ( 'NONE',  ( 0.000000000000000000, 1.000000000000000000, 0.000000000000000000 ) ) ;
#8928 = FACE_BOUND ( 'NONE', #7947, .T. ) ;
#8929 = ORIENTED_EDGE ( 'NONE', *, *, #2952, .T. ) ;
#8930 = CIRCLE ( 'NONE', #6946, 15.00000000000012434 ) ;
#8931 = CIRCLE ( 'NONE', #4969, 4.825000000000000178 ) ;
#8932 = CARTESIAN_POINT ( 'NONE',  ( 442.5999999999997385, 294.8465056042556398, 24.82139862172706657 ) ) ;
#8933 = DIRECTION ( 'NONE',  ( 0.000000000000000000, -0.9725907656757110109, -0.2325235526185131796 ) ) ;
#8934 = ORIENTED_EDGE ( 'NONE', *, *, #6978, .T. ) ;
#8935 = DIRECTION ( 'NONE',  ( -1.000000000000000000, -2.478716320810481262E-16, 0.000000000000000000 ) ) ;
#8936 = VERTEX_POINT ( 'NONE', #7849 ) ;
#8937 = CARTESIAN_POINT ( 'NONE',  ( 447.5000000000000000, 255.9938854097437115, 24.93922846596852239 ) ) ;
#8938 = CARTESIAN_POINT ( 'NONE',  ( 431.2721583656315261, 522.9625951253428866, 56.00162535966956767 ) ) ;
#8939 = ORIENTED_EDGE ( 'NONE', *, *, #666, .F. ) ;
#8940 = CYLINDRICAL_SURFACE ( 'NONE', #5236, 7.999999999999976019 ) ;
#8941 = DIRECTION ( 'NONE',  ( 0.000000000000000000, -1.000000000000000000, -7.365902759532155960E-14 ) ) ;
#8942 = EDGE_LOOP ( 'NONE', ( #6298, #3044, #8768, #4455 ) ) ;
#8943 = AXIS2_PLACEMENT_3D ( 'NONE', #3268, #4806, #9613 ) ;
#8944 = CARTESIAN_POINT ( 'NONE',  ( 479.9141099199760561, 468.7810501450713900, -37.19337063507667551 ) ) ;
#8945 = ORIENTED_EDGE ( 'NONE', *, *, #9960, .F. ) ;
#8946 = EDGE_CURVE ( 'NONE', #5026, #121, #282, .T. ) ;
#8947 = CARTESIAN_POINT ( 'NONE',  ( 451.4000000000000341, 289.3283118855941325, -19.08160227263895692 ) ) ;
#8948 = DIRECTION ( 'NONE',  ( 0.8660254037844374864, 0.5000000000000019984, 0.000000000000000000 ) ) ;
#8949 = CARTESIAN_POINT ( 'NONE',  ( 445.7499999999929514, 453.1000000000071282, 10.31379472389174090 ) ) ;
#8950 = EDGE_CURVE ( 'NONE', #5309, #9190, #2219, .T. ) ;
#8951 = CARTESIAN_POINT ( 'NONE',  ( 451.3874162569138093, 421.6000000000001933, 14.38274518437697047 ) ) ;
#8952 = CARTESIAN_POINT ( 'NONE',  ( 416.2305562056379244, 523.7919119857984924, 53.14264417448318767 ) ) ;
#8953 = EDGE_CURVE ( 'NONE', #139, #3693, #6293, .T. ) ;
#8954 = ORIENTED_EDGE ( 'NONE', *, *, #2370, .T. ) ;
#8955 = CARTESIAN_POINT ( 'NONE',  ( 445.3999999999999204, 297.3416420601996606, 26.63434276652699495 ) ) ;
#8956 = DIRECTION ( 'NONE',  ( 0.000000000000000000, 0.000000000000000000, -1.000000000000000000 ) ) ;
#8957 = FACE_OUTER_BOUND ( 'NONE', #9745, .T. ) ;
#8958 = ORIENTED_EDGE ( 'NONE', *, *, #8620, .T. ) ;
#8960 = EDGE_CURVE ( 'NONE', #1386, #2808, #4582, .T. ) ;
#8959 = AXIS2_PLACEMENT_3D ( 'NONE', #239, #9587, #3241 ) ;
#8961 = DIRECTION ( 'NONE',  ( -0.000000000000000000, 2.365499919840624750E-15, 1.000000000000000000 ) ) ;
#8962 = FACE_BOUND ( 'NONE', #7316, .T. ) ;
#8963 = FACE_OUTER_BOUND ( 'NONE', #6851, .T. ) ;
#8964 = CARTESIAN_POINT ( 'NONE',  ( 481.0009999999999195, 411.6000000000000227, -9.260771534031254859 ) ) ;
#8965 = EDGE_CURVE ( 'NONE', #8374, #2808, #8666, .T. ) ;
#8966 = DIRECTION ( 'NONE',  ( 0.000000000000000000, -1.000000000000000000, 0.000000000000000000 ) ) ;
#8967 = VECTOR ( 'NONE', #7696, 1000.000000000000000 ) ;
#8968 = CARTESIAN_POINT ( 'NONE',  ( 447.4999999999999432, 375.6938854097437002, -0.2091084966484926810 ) ) ;
#8969 = DIRECTION ( 'NONE',  ( 0.000000000000000000, 0.000000000000000000, -1.000000000000000000 ) ) ;
#8970 = ORIENTED_EDGE ( 'NONE', *, *, #4769, .F. ) ;
#8971 = PRODUCT_DEFINITION ( 'UNKNOWN', '', #9940, #4222 ) ;
#8972 = DIRECTION ( 'NONE',  ( 1.000000000000000000, 0.000000000000000000, 0.000000000000000000 ) ) ;
#8973 = DIRECTION ( 'NONE',  ( 2.996186134945139640E-16, 1.000000000000000000, 0.000000000000000000 ) ) ;
#8974 = CIRCLE ( 'NONE', #9453, 8.000000000000031974 ) ;
#8975 = DIRECTION ( 'NONE',  ( 0.000000000000000000, 0.000000000000000000, 1.000000000000000000 ) ) ;
#8976 = CIRCLE ( 'NONE', #3195, 1.649999999999984812 ) ;
#8977 = CARTESIAN_POINT ( 'NONE',  ( 424.7512886940356793, 523.3142237596528048, 46.20011377522811102 ) ) ;
#8978 = EDGE_LOOP ( 'NONE', ( #6418, #6141, #2420 ) ) ;
#8979 = CARTESIAN_POINT ( 'NONE',  ( 451.3999999997734562, 295.3804596619941094, 17.25669851957930945 ) ) ;
#8980 = CARTESIAN_POINT ( 'NONE',  ( 447.4999999999999432, 368.9938854097437115, -6.709108496648498843 ) ) ;
#8981 = DIRECTION ( 'NONE',  ( -1.000000000000000000, -0.000000000000000000, -0.000000000000000000 ) ) ;
#8982 = AXIS2_PLACEMENT_3D ( 'NONE', #4416, #3633, #9929 ) ;
#8983 = FACE_OUTER_BOUND ( 'NONE', #2029, .T. ) ;
#8984 = VECTOR ( 'NONE', #4299, 1000.000000000000000 ) ;
#8985 = ORIENTED_EDGE ( 'NONE', *, *, #9142, .F. ) ;
#8986 = CARTESIAN_POINT ( 'NONE',  ( 442.5999999999998522, 295.1025687517293363, 25.18898821032868796 ) ) ;
#8987 = CARTESIAN_POINT ( 'NONE',  ( 447.8680034202118350, 364.8118914516287532, 11.76984966160647872 ) ) ;
#8988 = AXIS2_PLACEMENT_3D ( 'NONE', #2503, #6432, #2455 ) ;
#8989 = ORIENTED_EDGE ( 'NONE', *, *, #4105, .T. ) ;
#8990 = CARTESIAN_POINT ( 'NONE',  ( 459.3999999999999204, 304.9045195212235058, 18.16063197716074740 ) ) ;
#8991 = ORIENTED_EDGE ( 'NONE', *, *, #5552, .F. ) ;
#8992 = FACE_OUTER_BOUND ( 'NONE', #4944, .T. ) ;
#8993 = CARTESIAN_POINT ( 'NONE',  ( 426.9337827092081170, 524.8089045526421614, 54.00591569990472607 ) ) ;
#8994 = ORIENTED_EDGE ( 'NONE', *, *, #5476, .T. ) ;
#8995 = DIRECTION ( 'NONE',  ( -0.7071067811865523467, 0.000000000000000000, -0.7071067811865426878 ) ) ;
#8996 = CARTESIAN_POINT ( 'NONE',  ( 441.5000000000001137, 375.4938854097437684, 0.000000000000000000 ) ) ;
#8997 = ORIENTED_EDGE ( 'NONE', *, *, #4791, .T. ) ;
#8998 = AXIS2_PLACEMENT_3D ( 'NONE', #366, #6829, #2956 ) ;
#8999 = DIRECTION ( 'NONE',  ( 0.000000000000000000, -8.285246452426540611E-16, -1.000000000000000000 ) ) ;
#9000 = ORIENTED_EDGE ( 'NONE', *, *, #7718, .T. ) ;
#9001 = LINE ( 'NONE', #1304, #5493 ) ;
#9002 = CARTESIAN_POINT ( 'NONE',  ( 451.3999999999999204, 285.7438236647383292, 16.59122402630373116 ) ) ;
#9003 = LINE ( 'NONE', #6726, #4601 ) ;
#9004 = DIRECTION ( 'NONE',  ( -2.478716320810480276E-16, 1.000000000000000000, 2.602085213965208669E-15 ) ) ;
#9005 = PLANE ( 'NONE',  #67 ) ;
#9006 = ORIENTED_EDGE ( 'NONE', *, *, #9564, .F. ) ;
#9007 = CARTESIAN_POINT ( 'NONE',  ( 451.3999999999999773, 297.4678538789985964, 26.66451704076980533 ) ) ;
#9008 = CARTESIAN_POINT ( 'NONE',  ( 444.4666666666665833, 297.0952331286823664, -14.68605186448339239 ) ) ;
#9009 = DIRECTION ( 'NONE',  ( 1.000000000000000000, 0.000000000000000000, 0.000000000000000000 ) ) ;
#9010 = VERTEX_POINT ( 'NONE', #1488 ) ;
#9011 = EDGE_CURVE ( 'NONE', #7108, #8030, #6224, .T. ) ;
#9012 = EDGE_CURVE ( 'NONE', #4963, #5267, #7904, .T. ) ;
#9013 = FACE_BOUND ( 'NONE', #6442, .T. ) ;
#9014 = CARTESIAN_POINT ( 'NONE',  ( 447.9999999999999432, 469.3500000000000227, 42.58485080497850817 ) ) ;
#9015 = CYLINDRICAL_SURFACE ( 'NONE', #2723, 6.499999999999970690 ) ;
#9016 = CARTESIAN_POINT ( 'NONE',  ( 455.2680457354837813, 516.6926599848759452, 56.56685734944609578 ) ) ;
#9017 = EDGE_CURVE ( 'NONE', #8291, #9267, #1779, .T. ) ;
#9018 = CARTESIAN_POINT ( 'NONE',  ( 451.4000000000000341, 291.1353519382058153, -12.83629131841023074 ) ) ;
#9019 = DIRECTION ( 'NONE',  ( 0.000000000000000000, 0.000000000000000000, 1.000000000000000000 ) ) ;
#9020 = ORIENTED_EDGE ( 'NONE', *, *, #8072, .T. ) ;
#9021 = VECTOR ( 'NONE', #8007, 1000.000000000000000 ) ;
#9023 = EDGE_CURVE ( 'NONE', #2233, #8883, #1448, .T. ) ;
#9022 = CIRCLE ( 'NONE', #5903, 4.000000000000000888 ) ;
#9024 = CARTESIAN_POINT ( 'NONE',  ( 439.9999999999999432, 543.5560464675818366, 14.24495971795536597 ) ) ;
#9025 = CARTESIAN_POINT ( 'NONE',  ( 447.9999999999999432, 469.3500000000000227, -29.18954201200539700 ) ) ;
#9026 = CARTESIAN_POINT ( 'NONE',  ( 440.9999999999999432, 297.0017020937073653, -20.61211360962700212 ) ) ;
#9027 = CARTESIAN_POINT ( 'NONE',  ( 439.9999999999999432, 542.8070198929899561, 3.813989932283206041 ) ) ;
#9028 = EDGE_LOOP ( 'NONE', ( #2462, #7057, #863, #256 ) ) ;
#9029 = DIRECTION ( 'NONE',  ( 0.000000000000000000, 0.000000000000000000, -1.000000000000000000 ) ) ;
#9030 = DIRECTION ( 'NONE',  ( -0.000000000000000000, -1.000000000000000000, -0.000000000000000000 ) ) ;
#9031 = DIRECTION ( 'NONE',  ( 1.000000000000000000, 0.000000000000000000, 0.000000000000000000 ) ) ;
#9032 = CARTESIAN_POINT ( 'NONE',  ( 461.9999999999998863, 429.6000000000000227, -28.41514919502149183 ) ) ;
#9033 = VERTEX_POINT ( 'NONE', #1692 ) ;
#9034 = EDGE_CURVE ( 'NONE', #8936, #685, #7380, .T. ) ;
#9035 = CARTESIAN_POINT ( 'NONE',  ( 441.0000000000000000, 295.6880496944109495, 21.04093910458289685 ) ) ;
#9036 = CARTESIAN_POINT ( 'NONE',  ( 447.5000000000000000, 366.1513201786145828, 12.64815599038106875 ) ) ;
#9037 = VERTEX_POINT ( 'NONE', #3404 ) ;
#9038 = LINE ( 'NONE', #3465, #3505 ) ;
#9039 = EDGE_LOOP ( 'NONE', ( #2587, #5919, #5557, #2069, #4186, #1555, #10033 ) ) ;
#9040 = CARTESIAN_POINT ( 'NONE',  ( 480.9999999999999432, 276.9938854097435978, 0.1778581151391607218 ) ) ;
#9041 = LINE ( 'NONE', #3727, #10023 ) ;
#9042 = EDGE_CURVE ( 'NONE', #8420, #3296, #4024, .T. ) ;
#9043 = ORIENTED_EDGE ( 'NONE', *, *, #3777, .F. ) ;
#9044 = LINE ( 'NONE', #9872, #8318 ) ;
#9045 = DIRECTION ( 'NONE',  ( 1.000000000000000000, 0.000000000000000000, -0.000000000000000000 ) ) ;
#9046 = ORIENTED_EDGE ( 'NONE', *, *, #613, .F. ) ;
#9047 = LINE ( 'NONE', #2850, #4138 ) ;
#9048 = AXIS2_PLACEMENT_3D ( 'NONE', #9220, #2153, #10151 ) ;
#9049 = ORIENTED_EDGE ( 'NONE', *, *, #3025, .T. ) ;
#9050 = CARTESIAN_POINT ( 'NONE',  ( 447.8730366350286545, 429.6000000000001364, -1.876256034206236434 ) ) ;
#9051 = CARTESIAN_POINT ( 'NONE',  ( 440.4799999999999613, 289.0692543060682169, 24.65660962622504826 ) ) ;
#9052 = CARTESIAN_POINT ( 'NONE',  ( 418.8526740142684730, 524.3604643982598645, 35.69889116825613939 ) ) ;
#9053 = PLANE ( 'NONE',  #2343 ) ;
#9054 = EDGE_CURVE ( 'NONE', #6089, #6331, #2772, .T. ) ;
#9055 = CARTESIAN_POINT ( 'NONE',  ( 447.5000000000000000, 255.9938854097436547, -10.90910849664849991 ) ) ;
#9056 = ORIENTED_EDGE ( 'NONE', *, *, #2898, .F. ) ;
#9057 = CARTESIAN_POINT ( 'NONE',  ( 480.9999999999999432, 285.7438236647383292, 16.59122402630373116 ) ) ;
#9058 = LINE ( 'NONE', #5133, #2751 ) ;
#9059 = ORIENTED_EDGE ( 'NONE', *, *, #9012, .T. ) ;
#9060 = CYLINDRICAL_SURFACE ( 'NONE', #8437, 4.762500000000011724 ) ;
#9061 = CARTESIAN_POINT ( 'NONE',  ( 441.6085267415595013, 529.6713812921848330, -23.70254323900546822 ) ) ;
#9062 = CARTESIAN_POINT ( 'NONE',  ( 443.9999999999998863, 544.1388524320193483, -6.829305852582019831 ) ) ;
#9063 = CIRCLE ( 'NONE', #2967, 4.000000000000003553 ) ;
#9064 = CARTESIAN_POINT ( 'NONE',  ( 419.1851068206924538, 524.4650880269234676, -14.92334445343009364 ) ) ;
#9065 = CARTESIAN_POINT ( 'NONE',  ( 451.3999999999714987, 295.7158666816642949, -17.41954871292116280 ) ) ;
#9066 = CARTESIAN_POINT ( 'NONE',  ( 449.5000000000000568, 453.0999999999999659, 38.58485080497850106 ) ) ;
#9067 = ORIENTED_EDGE ( 'NONE', *, *, #7687, .T. ) ;
#9068 = VECTOR ( 'NONE', #8694, 999.9999999999998863 ) ;
#9069 = CARTESIAN_POINT ( 'NONE',  ( 441.0000000000000568, 299.2168363276435912, -23.36997517161197635 ) ) ;
#9070 = CARTESIAN_POINT ( 'NONE',  ( 406.0000000000000000, 470.5668708588108302, 56.58485080497850817 ) ) ;
#9071 = CARTESIAN_POINT ( 'NONE',  ( 447.5000000000000000, 366.4938854097437115, 17.49089150335155907 ) ) ;
#9072 = EDGE_CURVE ( 'NONE', #487, #10113, #2521, .T. ) ;
#9073 = LINE ( 'NONE', #5050, #7640 ) ;
#9074 = ORIENTED_EDGE ( 'NONE', *, *, #7766, .T. ) ;
#9075 = CARTESIAN_POINT ( 'NONE',  ( 451.4000000000000341, 288.1506039102364412, 19.79138640976810493 ) ) ;
#9076 = CARTESIAN_POINT ( 'NONE',  ( 443.4999999999999432, 417.6000000000000227, 24.93922846596874976 ) ) ;
#9077 = EDGE_CURVE ( 'NONE', #121, #194, #5674, .T. ) ;
#9078 = CARTESIAN_POINT ( 'NONE',  ( 442.5999999999999659, 296.1228751062957372, 16.27387480217103288 ) ) ;
#9079 = CARTESIAN_POINT ( 'NONE',  ( 426.6989156772908700, 532.8767719917836985, -22.65635921444290091 ) ) ;
#9080 = ORIENTED_EDGE ( 'NONE', *, *, #6067, .T. ) ;
#9081 = CARTESIAN_POINT ( 'NONE',  ( 440.9999999999997726, 295.7632925367269081, 22.87643409662555172 ) ) ;
#9082 = EDGE_CURVE ( 'NONE', #6263, #7343, #1019, .T. ) ;
#9083 = DIRECTION ( 'NONE',  ( 0.000000000000000000, -0.2325235526185184531, 0.9725907656757095676 ) ) ;
#9084 = ORIENTED_EDGE ( 'NONE', *, *, #5752, .F. ) ;
#9085 = CARTESIAN_POINT ( 'NONE',  ( 443.9999999999999432, 543.8376641360099484, -2.666789560911307255 ) ) ;
#9086 = ORIENTED_EDGE ( 'NONE', *, *, #6890, .T. ) ;
#9087 = CARTESIAN_POINT ( 'NONE',  ( 440.9999999999999432, 346.4394627972502008, 12.17533480644866906 ) ) ;
#9088 = DIRECTION ( 'NONE',  ( -2.601736677730715002E-31, 1.049630672089176363E-15, -1.000000000000000000 ) ) ;
#9089 = ORIENTED_EDGE ( 'NONE', *, *, #9310, .T. ) ;
#9090 = DIRECTION ( 'NONE',  ( -0.000000000000000000, -1.000000000000000000, -0.000000000000000000 ) ) ;
#9091 = EDGE_CURVE ( 'NONE', #562, #9033, #3348, .T. ) ;
#9092 = VECTOR ( 'NONE', #1990, 1000.000000000000000 ) ;
#9093 = DIRECTION ( 'NONE',  ( 0.000000000000000000, 0.000000000000000000, -1.000000000000000000 ) ) ;
#9094 = ORIENTED_EDGE ( 'NONE', *, *, #935, .T. ) ;
#9095 = CARTESIAN_POINT ( 'NONE',  ( 451.3999999999999204, 286.8333081229242225, -14.35649365081389917 ) ) ;
#9096 = ORIENTED_EDGE ( 'NONE', *, *, #51, .F. ) ;
#9097 = EDGE_CURVE ( 'NONE', #3187, #5334, #10179, .T. ) ;
#9098 = CARTESIAN_POINT ( 'NONE',  ( 448.5995727386449516, 429.6000000000000796, -3.180688102791385585 ) ) ;
#9099 = CARTESIAN_POINT ( 'NONE',  ( 445.3397459621555754, 533.8899563225709244, -19.93800737809036150 ) ) ;
#9100 = LINE ( 'NONE', #420, #4510 ) ;
#9101 = DIRECTION ( 'NONE',  ( 0.000000000000000000, 0.000000000000000000, 1.000000000000000000 ) ) ;
#9102 = ORIENTED_EDGE ( 'NONE', *, *, #6427, .T. ) ;
#9103 = ORIENTED_EDGE ( 'NONE', *, *, #5468, .T. ) ;
#9104 = VECTOR ( 'NONE', #1720, 1000.000000000000000 ) ;
#9105 = LINE ( 'NONE', #7357, #1348 ) ;
#9106 = ORIENTED_EDGE ( 'NONE', *, *, #5042, .T. ) ;
#9107 = DIRECTION ( 'NONE',  ( 0.000000000000000000, -1.000000000000000000, 0.000000000000000000 ) ) ;
#9108 = AXIS2_PLACEMENT_3D ( 'NONE', #765, #7756, #2178 ) ;
#9109 = CARTESIAN_POINT ( 'NONE',  ( 437.0691141649483029, 531.7427071803601848, -23.02649833310891836 ) ) ;
#9110 = FACE_OUTER_BOUND ( 'NONE', #1199, .T. ) ;
#9111 = CARTESIAN_POINT ( 'NONE',  ( 455.1725733868490238, 516.8589996409453988, 56.50991124741829452 ) ) ;
#9112 = CARTESIAN_POINT ( 'NONE',  ( 451.3999999999999204, 294.2198905563232643, -29.42805106385222302 ) ) ;
#9113 = CIRCLE ( 'NONE', #5995, 4.000000000000003553 ) ;
#9114 = CARTESIAN_POINT ( 'NONE',  ( 413.9999999999999432, 548.6667204031081155, 3.492007562457089875 ) ) ;
#9115 = VERTEX_POINT ( 'NONE', #6552 ) ;
#9116 = CARTESIAN_POINT ( 'NONE',  ( 440.9999999999999432, 297.5059222192471680, -22.12865085825368894 ) ) ;
#9117 = CARTESIAN_POINT ( 'NONE',  ( 440.9999999999999432, 295.6433130875275310, 21.89233400649916206 ) ) ;
#9118 = CARTESIAN_POINT ( 'NONE',  ( 440.9999999999997158, 297.6602315504881631, -22.36616268644066352 ) ) ;
#9119 = DIRECTION ( 'NONE',  ( 0.000000000000000000, 1.000000000000000000, 0.000000000000000000 ) ) ;
#9120 = ORIENTED_EDGE ( 'NONE', *, *, #6183, .T. ) ;
#9121 = VECTOR ( 'NONE', #6668, 1000.000000000000000 ) ;
#9122 = LINE ( 'NONE', #9802, #387 ) ;
#9123 = CARTESIAN_POINT ( 'NONE',  ( 413.9999999999999432, 436.1000000000000227, -34.91514919502148473 ) ) ;
#9124 = CARTESIAN_POINT ( 'NONE',  ( 438.0730317999999102, 505.8337287883887257, 56.58485080497849395 ) ) ;
#9125 = CARTESIAN_POINT ( 'NONE',  ( 454.2979109469579271, 528.7300723865949976, -21.10712719957767902 ) ) ;
#9126 = ORIENTED_EDGE ( 'NONE', *, *, #5103, .T. ) ;
#9127 = EDGE_CURVE ( 'NONE', #3040, #4349, #1287, .T. ) ;
#9128 = AXIS2_PLACEMENT_3D ( 'NONE', #623, #2283, #6159 ) ;
#9129 = CARTESIAN_POINT ( 'NONE',  ( 442.5999999999998522, 294.7886398113241171, 18.40602580608654293 ) ) ;
#9130 = EDGE_CURVE ( 'NONE', #4411, #3293, #2606, .T. ) ;
#9131 = DIRECTION ( 'NONE',  ( -0.5000000000000019984, 0.8660254037844374864, -0.000000000000000000 ) ) ;
#9132 = VERTEX_POINT ( 'NONE', #130 ) ;
#9133 = CARTESIAN_POINT ( 'NONE',  ( 480.9999999999999432, 457.1000000000000796, -32.91514919502149894 ) ) ;
#9134 = ORIENTED_EDGE ( 'NONE', *, *, #2197, .T. ) ;
#9135 = CARTESIAN_POINT ( 'NONE',  ( 480.9999999999999432, 285.7438236647383292, 14.59122402630372939 ) ) ;
#9136 = AXIS2_PLACEMENT_3D ( 'NONE', #7189, #4803, #7239 ) ;
#9137 = CARTESIAN_POINT ( 'NONE',  ( 457.3068450759719212, 515.9165380895479984, 56.57598589553526836 ) ) ;
#9138 = ORIENTED_EDGE ( 'NONE', *, *, #89, .F. ) ;
#9139 = VECTOR ( 'NONE', #598, 1000.000000000000000 ) ;
#9140 = CARTESIAN_POINT ( 'NONE',  ( 440.9999999999999432, 461.5999999999999659, 30.00000000000000000 ) ) ;
#9141 = VECTOR ( 'NONE', #7900, 1000.000000000000114 ) ;
#9142 = EDGE_CURVE ( 'NONE', #9605, #4, #3221, .T. ) ;
#9143 = ADVANCED_FACE ( 'NONE', ( #1747 ), #2629, .T. ) ;
#9144 = CARTESIAN_POINT ( 'NONE',  ( 424.0354967105164974, 523.4090341069971828, 41.67005201591396713 ) ) ;
#9145 = ORIENTED_EDGE ( 'NONE', *, *, #5558, .F. ) ;
#9146 = CARTESIAN_POINT ( 'NONE',  ( 480.8797143715535753, 461.7293192177052106, -31.70542101079475117 ) ) ;
#9147 = VERTEX_POINT ( 'NONE', #7326 ) ;
#9148 = VECTOR ( 'NONE', #4327, 1000.000000000000000 ) ;
#9149 = VECTOR ( 'NONE', #8321, 1000.000000000000000 ) ;
#9150 = CARTESIAN_POINT ( 'NONE',  ( 429.6526740142684275, 537.0104643982598418, 3.579720804978487436 ) ) ;
#9151 = ADVANCED_FACE ( 'NONE', ( #242 ), #4242, .F. ) ;
#9152 = CARTESIAN_POINT ( 'NONE',  ( 451.9199999999999022, 296.1228751062957372, 16.27387480217105065 ) ) ;
#9153 = DIRECTION ( 'NONE',  ( -1.000000000000000000, -5.843279076974511678E-15, 0.000000000000000000 ) ) ;
#9154 = FACE_BOUND ( 'NONE', #3127, .T. ) ;
#9155 = CARTESIAN_POINT ( 'NONE',  ( 451.4999999999999432, 421.6000000000000227, -2.760771534031253527 ) ) ;
#9156 = PLANE ( 'NONE',  #7387 ) ;
#9157 = ORIENTED_EDGE ( 'NONE', *, *, #3696, .F. ) ;
#9158 = ORIENTED_EDGE ( 'NONE', *, *, #177, .F. ) ;
#9159 = CIRCLE ( 'NONE', #9313, 4.000000000000027534 ) ;
#9160 = CARTESIAN_POINT ( 'NONE',  ( 443.9999999999999432, 538.3604643982597509, 0.000000000000000000 ) ) ;
#9161 = VERTEX_POINT ( 'NONE', #1856 ) ;
#9162 = CARTESIAN_POINT ( 'NONE',  ( 419.0733432606110682, 523.7971717986084741, 56.58485080497849395 ) ) ;
#9163 = DIRECTION ( 'NONE',  ( 0.000000000000000000, 0.000000000000000000, -1.000000000000000000 ) ) ;
#9164 = DIRECTION ( 'NONE',  ( 0.000000000000000000, 1.000000000000000000, -1.334402673828312107E-16 ) ) ;
#9165 = EDGE_CURVE ( 'NONE', #9966, #2980, #4999, .T. ) ;
#9166 = CARTESIAN_POINT ( 'NONE',  ( 445.4000000000069690, 296.3472268722597391, -23.28046769641980873 ) ) ;
#9167 = CARTESIAN_POINT ( 'NONE',  ( 413.9999999999998295, 549.5665026105285733, 7.268705241963150598 ) ) ;
#9168 = ORIENTED_EDGE ( 'NONE', *, *, #1506, .T. ) ;
#9169 = CARTESIAN_POINT ( 'NONE',  ( 441.0000000000000568, 297.2183236077228798, -17.99703411747981008 ) ) ;
#9170 = CARTESIAN_POINT ( 'NONE',  ( 440.9999999999998863, 296.5535984908565865, 24.42281818935408566 ) ) ;
#9171 = CARTESIAN_POINT ( 'NONE',  ( 443.4999999999999432, 369.8097526372005177, -27.09864805932134857 ) ) ;
#9172 = CARTESIAN_POINT ( 'NONE',  ( 443.9999999999824922, 548.3714684189684476, 8.985264586322438518 ) ) ;
#9173 = VERTEX_POINT ( 'NONE', #9485 ) ;
#9174 = FACE_OUTER_BOUND ( 'NONE', #7901, .T. ) ;
#9175 = CARTESIAN_POINT ( 'NONE',  ( 443.9999999999999432, 470.5668708588108302, 56.58485080497850817 ) ) ;
#9176 = CARTESIAN_POINT ( 'NONE',  ( 444.6629541591253201, 534.0315903119728773, -20.11361566277664537 ) ) ;
#9177 = EDGE_LOOP ( 'NONE', ( #8878, #2468, #24, #6053, #7487 ) ) ;
#9178 = CARTESIAN_POINT ( 'NONE',  ( 442.5999999999997385, 294.1391377464003085, 22.92036303923968532 ) ) ;
#9179 = CIRCLE ( 'NONE', #7868, 10.69999999999998685 ) ;
#9180 = PLANE ( 'NONE',  #2717 ) ;
#9181 = VERTEX_POINT ( 'NONE', #5565 ) ;
#9182 = DIRECTION ( 'NONE',  ( -0.4999999999999985012, 0.8660254037844395958, 1.201851678989729749E-14 ) ) ;
#9183 = VERTEX_POINT ( 'NONE', #859 ) ;
#9184 = CARTESIAN_POINT ( 'NONE',  ( 454.0730317999999102, 505.8337287883887257, 56.58485080497849395 ) ) ;
#9185 = DIRECTION ( 'NONE',  ( -2.482414054536381163E-31, -8.285246452426542583E-16, 1.000000000000000000 ) ) ;
#9186 = VERTEX_POINT ( 'NONE', #8767 ) ;
#9187 = CYLINDRICAL_SURFACE ( 'NONE', #4891, 35.00000000000002842 ) ;
#9188 = EDGE_CURVE ( 'NONE', #8615, #8126, #6395, .T. ) ;
#9189 = DIRECTION ( 'NONE',  ( -2.601736677730715002E-31, 1.049630672089176363E-15, -1.000000000000000000 ) ) ;
#9190 = VERTEX_POINT ( 'NONE', #9539 ) ;
#9191 = ORIENTED_EDGE ( 'NONE', *, *, #6857, .T. ) ;
#9192 = CIRCLE ( 'NONE', #7723, 4.762500000000011724 ) ;
#9193 = CARTESIAN_POINT ( 'NONE',  ( 444.0047020396659150, 538.5363462513138302, -7.763271607418591458 ) ) ;
#9194 = CARTESIAN_POINT ( 'NONE',  ( 448.1066666666666833, 298.9431832186263023, -24.94639959920905525 ) ) ;
#9195 = CARTESIAN_POINT ( 'NONE',  ( 453.6999999999999318, 421.6000000000000227, 10.50172846596876042 ) ) ;
#9196 = ORIENTED_EDGE ( 'NONE', *, *, #8014, .F. ) ;
#9197 = DIRECTION ( 'NONE',  ( -1.000000000000000000, -0.000000000000000000, -0.000000000000000000 ) ) ;
#9198 = DIRECTION ( 'NONE',  ( 1.000000000000000000, 0.000000000000000000, 0.000000000000000000 ) ) ;
#9199 = ORIENTED_EDGE ( 'NONE', *, *, #4285, .F. ) ;
#9200 = EDGE_CURVE ( 'NONE', #7959, #1600, #4836, .T. ) ;
#9201 = CARTESIAN_POINT ( 'NONE',  ( 440.9999999999999432, 446.6000000000000227, 53.58485080497835895 ) ) ;
#9202 = EDGE_CURVE ( 'NONE', #1853, #9925, #1232, .T. ) ;
#9203 = AXIS2_PLACEMENT_3D ( 'NONE', #5606, #1626, #5660 ) ;
#9204 = CARTESIAN_POINT ( 'NONE',  ( 443.5000000000000000, 340.6206644405273209, -7.956332081159240843 ) ) ;
#9205 = ORIENTED_EDGE ( 'NONE', *, *, #6558, .F. ) ;
#9206 = DIRECTION ( 'NONE',  ( -0.8660254037844395958, -0.4999999999999985567, 0.000000000000000000 ) ) ;
#9207 = DIRECTION ( 'NONE',  ( 0.000000000000000000, 1.000000000000000000, 0.000000000000000000 ) ) ;
#9208 = CONICAL_SURFACE ( 'NONE', #6582, 8.280000000000091731, 0.7853981633974039811 ) ;
#9209 = CARTESIAN_POINT ( 'NONE',  ( 441.0000000000000000, 299.2168363276435912, -23.36997517161197635 ) ) ;
#9210 = CARTESIAN_POINT ( 'NONE',  ( 451.3999999999997499, 296.3472268723341472, -23.28046769636330993 ) ) ;
#9211 = ADVANCED_FACE ( 'NONE', ( #9174 ), #3661, .F. ) ;
#9212 = CARTESIAN_POINT ( 'NONE',  ( 480.5328293707758576, 465.1494202673596874, 45.39839782224328957 ) ) ;
#9213 = ORIENTED_EDGE ( 'NONE', *, *, #6174, .T. ) ;
#9214 = CARTESIAN_POINT ( 'NONE',  ( 440.9999999999998295, 298.2687924564996820, -15.79006826250653894 ) ) ;
#9215 = EDGE_CURVE ( 'NONE', #3744, #9010, #5940, .T. ) ;
#9216 = CARTESIAN_POINT ( 'NONE',  ( 441.0000000000001137, 296.4270915688620676, 24.28192656011395201 ) ) ;
#9217 = CARTESIAN_POINT ( 'NONE',  ( 481.0009999999999195, 411.6000000000000227, 20.73922846596874336 ) ) ;
#9218 = CARTESIAN_POINT ( 'NONE',  ( 439.9999999999999432, 544.1565120461079914, 7.695660081502179395 ) ) ;
#9219 = ORIENTED_EDGE ( 'NONE', *, *, #7144, .F. ) ;
#9220 = CARTESIAN_POINT ( 'NONE',  ( 441.0000000000000000, 334.4206644405273323, -7.956332081159240843 ) ) ;
#9221 = CARTESIAN_POINT ( 'NONE',  ( 441.1743353738212932, 421.3727707262366380, 16.53363486668332527 ) ) ;
#9222 = CARTESIAN_POINT ( 'NONE',  ( 432.1805914711155765, 532.9523519598353687, -22.63169122150138080 ) ) ;
#9223 = ORIENTED_EDGE ( 'NONE', *, *, #931, .T. ) ;
#9224 = AXIS2_PLACEMENT_3D ( 'NONE', #3338, #6594, #9019 ) ;
#9225 = CARTESIAN_POINT ( 'NONE',  ( 442.5999999999998522, 294.4933185049606550, 19.15566352059011734 ) ) ;
#9226 = LINE ( 'NONE', #2160, #9463 ) ;
#9227 = ORIENTED_EDGE ( 'NONE', *, *, #2021, .F. ) ;
#9228 = DIRECTION ( 'NONE',  ( 0.000000000000000000, 0.2325235526185132351, -0.9725907656757110109 ) ) ;
#9229 = ORIENTED_EDGE ( 'NONE', *, *, #1279, .F. ) ;
#9230 = LINE ( 'NONE', #4684, #6979 ) ;
#9231 = CARTESIAN_POINT ( 'NONE',  ( 447.4999999999999432, 368.9938854097437115, -0.2091084966484926810 ) ) ;
#9232 = ORIENTED_EDGE ( 'NONE', *, *, #7309, .T. ) ;
#9233 = FACE_OUTER_BOUND ( 'NONE', #8744, .T. ) ;
#9234 = CARTESIAN_POINT ( 'NONE',  ( 424.7512886940356793, 523.3297849415057499, -19.98679670478660242 ) ) ;
#9235 = EDGE_LOOP ( 'NONE', ( #9336, #9103, #1256, #9898 ) ) ;
#9236 = VERTEX_POINT ( 'NONE', #5835 ) ;
#9237 = CARTESIAN_POINT ( 'NONE',  ( 442.5999999999997385, 294.7421651885039751, 18.51188134344299030 ) ) ;
#9238 = CARTESIAN_POINT ( 'NONE',  ( 454.2990457293890927, 516.7731933975501306, 56.58485080497849395 ) ) ;
#9239 = CARTESIAN_POINT ( 'NONE',  ( 461.9999999999998863, 425.6000000000000227, -32.91514919502150605 ) ) ;
#9240 = ORIENTED_EDGE ( 'NONE', *, *, #434, .F. ) ;
#9241 = CARTESIAN_POINT ( 'NONE',  ( 459.3999999999999204, 297.8844405247982081, 16.48229637546772608 ) ) ;
#9242 = LINE ( 'NONE', #1411, #6654 ) ;
#9243 = VERTEX_POINT ( 'NONE', #6037 ) ;
#9244 = VECTOR ( 'NONE', #1528, 999.9999999999998863 ) ;
#9245 = CARTESIAN_POINT ( 'NONE',  ( 441.5000000000001137, 368.9938854097437115, -0.2091084966484926810 ) ) ;
#9246 = DIRECTION ( 'NONE',  ( 0.000000000000000000, 0.000000000000000000, -1.000000000000000000 ) ) ;
#9247 = ORIENTED_EDGE ( 'NONE', *, *, #5460, .F. ) ;
#9248 = EDGE_CURVE ( 'NONE', #6391, #8936, #502, .T. ) ;
#9249 = AXIS2_PLACEMENT_3D ( 'NONE', #9474, #3128, #2506 ) ;
#9250 = CIRCLE ( 'NONE', #836, 3.999999999999977351 ) ;
#9251 = EDGE_CURVE ( 'NONE', #8936, #2265, #6753, .T. ) ;
#9252 = DIRECTION ( 'NONE',  ( 0.000000000000000000, 0.8283487880385067559, 0.5602127143819006783 ) ) ;
#9253 = ADVANCED_FACE ( 'NONE', ( #2059 ), #9908, .F. ) ;
#9254 = FACE_BOUND ( 'NONE', #549, .T. ) ;
#9255 = DIRECTION ( 'NONE',  ( -0.000000000000000000, -0.000000000000000000, 1.000000000000000000 ) ) ;
#9256 = AXIS2_PLACEMENT_3D ( 'NONE', #4326, #5137, #2096 ) ;
#9257 = CARTESIAN_POINT ( 'NONE',  ( 451.4000000000178829, 298.7461564515670034, -24.90746703944532214 ) ) ;
#9258 = ADVANCED_FACE ( 'NONE', ( #2007 ), #8548, .F. ) ;
#9259 = CARTESIAN_POINT ( 'NONE',  ( 413.9999999999998863, 543.4099261052432439, -6.777508071224164432 ) ) ;
#9260 = SECURITY_CLASSIFICATION ( '', '', #4605 ) ;
#9261 = ORIENTED_EDGE ( 'NONE', *, *, #10155, .T. ) ;
#9262 = VECTOR ( 'NONE', #648, 1000.000000000000000 ) ;
#9263 = CARTESIAN_POINT ( 'NONE',  ( 440.9999999999997158, 298.3378801763602723, -23.02480244290883249 ) ) ;
#9264 = CARTESIAN_POINT ( 'NONE',  ( 441.3535533905932198, 405.1000000000000227, 5.739228465968743365 ) ) ;
#9265 = EDGE_CURVE ( 'NONE', #9600, #2237, #9956, .T. ) ;
#9266 = CARTESIAN_POINT ( 'NONE',  ( 439.9999999999822080, 548.3779927395580671, 10.78088272962955863 ) ) ;
#9267 = VERTEX_POINT ( 'NONE', #8980 ) ;
#9268 = CIRCLE ( 'NONE', #686, 4.000000000000010658 ) ;
#9269 = DIRECTION ( 'NONE',  ( 0.000000000000000000, 1.000000000000000000, -9.912705577010318647E-16 ) ) ;
#9270 = CARTESIAN_POINT ( 'NONE',  ( 443.9999999999999432, 538.3604643982596372, 23.62334978965654742 ) ) ;
#9271 = CARTESIAN_POINT ( 'NONE',  ( 441.9567216723021943, 535.1499348940216123, -19.94777388266621188 ) ) ;
#9272 = ORIENTED_EDGE ( 'NONE', *, *, #7317, .T. ) ;
#9273 = CARTESIAN_POINT ( 'NONE',  ( 442.6000000000000796, 294.3257221133201824, 23.68448096182625306 ) ) ;
#9274 = CIRCLE ( 'NONE', #8784, 3.174999999999989608 ) ;
#9275 = LINE ( 'NONE', #7641, #7998 ) ;
#9276 = VERTEX_POINT ( 'NONE', #7427 ) ;
#9277 = CYLINDRICAL_SURFACE ( 'NONE', #6317, 6.199999999999983302 ) ;
#9278 = ORIENTED_EDGE ( 'NONE', *, *, #4027, .F. ) ;
#9279 = DIRECTION ( 'NONE',  ( 0.000000000000000000, 0.000000000000000000, 1.000000000000000000 ) ) ;
#9280 = DIRECTION ( 'NONE',  ( 0.000000000000000000, 1.000000000000000000, 5.689893001203985330E-14 ) ) ;
#9281 = ORIENTED_EDGE ( 'NONE', *, *, #536, .T. ) ;
#9282 = DIRECTION ( 'NONE',  ( 1.000000000000000000, 2.478716320810480276E-16, 0.000000000000000000 ) ) ;
#9283 = EDGE_CURVE ( 'NONE', #5574, #1739, #8235, .T. ) ;
#9284 = CYLINDRICAL_SURFACE ( 'NONE', #4367, 4.000000000000003553 ) ;
#9285 = AXIS2_PLACEMENT_3D ( 'NONE', #10160, #8664, #9279 ) ;
#9286 = ORIENTED_EDGE ( 'NONE', *, *, #5537, .F. ) ;
#9287 = AXIS2_PLACEMENT_3D ( 'NONE', #1870, #7396, #4309 ) ;
#9288 = CARTESIAN_POINT ( 'NONE',  ( 465.9999999999998863, 457.1000000000000796, -32.91514919502149894 ) ) ;
#9289 = CARTESIAN_POINT ( 'NONE',  ( 437.1117377531743386, 536.6356838423778299, -19.76060946758047976 ) ) ;
#9290 = PERSON_AND_ORGANIZATION_ROLE ( 'design_supplier' ) ;
#9291 = VERTEX_POINT ( 'NONE', #2682 ) ;
#9292 = CARTESIAN_POINT ( 'NONE',  ( 438.0730317999999102, 502.5337287883886574, 56.58485080497849395 ) ) ;
#9294 = VERTEX_POINT ( 'NONE', #9858 ) ;
#9293 = AXIS2_PLACEMENT_3D ( 'NONE', #4789, #8617, #1541 ) ;
#9295 = FACE_OUTER_BOUND ( 'NONE', #4201, .T. ) ;
#9296 = VECTOR ( 'NONE', #6719, 1000.000000000000114 ) ;
#9297 = TOROIDAL_SURFACE ( 'NONE', #3535, 4.000000000000017764, 4.000000000000000000 ) ;
#9298 = CARTESIAN_POINT ( 'NONE',  ( 442.5979023992422867, 456.2520976007576792, 2.556845544211010957 ) ) ;
#9299 = VERTEX_POINT ( 'NONE', #2829 ) ;
#9300 = DIRECTION ( 'NONE',  ( 1.000000000000000000, 0.000000000000000000, 0.000000000000000000 ) ) ;
#9301 = EDGE_LOOP ( 'NONE', ( #6356, #7197, #2728, #8415, #2497, #4091, #2789, #7228 ) ) ;
#9302 = AXIS2_PLACEMENT_3D ( 'NONE', #9071, #8258, #1174 ) ;
#9303 = CARTESIAN_POINT ( 'NONE',  ( 453.6999999999999318, 474.8203841816037993, 5.739228465968748694 ) ) ;
#9304 = CARTESIAN_POINT ( 'NONE',  ( 450.3800368622444239, 421.4469850319399029, 15.67167971194978904 ) ) ;
#9305 = CARTESIAN_POINT ( 'NONE',  ( 443.9999999999998863, 549.2068881281481936, 17.67265657484330177 ) ) ;
#9306 = VECTOR ( 'NONE', #9255, 1000.000000000000000 ) ;
#9307 = CARTESIAN_POINT ( 'NONE',  ( 445.3999999998845283, 295.7265087007829152, 16.74492854388487473 ) ) ;
#9308 = EDGE_CURVE ( 'NONE', #4691, #9115, #338, .T. ) ;
#9309 = CARTESIAN_POINT ( 'NONE',  ( 445.3999999999926445, 296.1604348960564721, -22.99617805741703691 ) ) ;
#9310 = EDGE_CURVE ( 'NONE', #7106, #1703, #5208, .T. ) ;
#9311 = CARTESIAN_POINT ( 'NONE',  ( 442.5999999999999659, 297.3233250367959499, 26.62996359750182407 ) ) ;
#9312 = EDGE_LOOP ( 'NONE', ( #3966, #7598, #7287, #2209 ) ) ;
#9313 = AXIS2_PLACEMENT_3D ( 'NONE', #5965, #2087, #8390 ) ;
#9314 = CARTESIAN_POINT ( 'NONE',  ( 442.5999999999999659, 295.4009453139209427, -20.71249780251674366 ) ) ;
#9315 = CYLINDRICAL_SURFACE ( 'NONE', #2541, 4.000000000000001776 ) ;
#9316 = EDGE_CURVE ( 'NONE', #6094, #8420, #9697, .T. ) ;
#9317 = CARTESIAN_POINT ( 'NONE',  ( 443.9999999999735678, 548.0854968374846976, 12.92465116167809391 ) ) ;
#9318 = VERTEX_POINT ( 'NONE', #8364 ) ;
#9319 = AXIS2_PLACEMENT_3D ( 'NONE', #8536, #9349, #3058 ) ;
#9320 = DIRECTION ( 'NONE',  ( 0.000000000000000000, 0.000000000000000000, 1.000000000000000000 ) ) ;
#9321 = EDGE_CURVE ( 'NONE', #8477, #5422, #9529, .T. ) ;
#9322 = DIRECTION ( 'NONE',  ( 0.000000000000000000, 1.000000000000000000, 0.000000000000000000 ) ) ;
#9323 = CARTESIAN_POINT ( 'NONE',  ( 336.0902124738105385, 351.9938854097436547, 25.30586396188315490 ) ) ;
#9324 = EDGE_LOOP ( 'NONE', ( #6882, #2929 ) ) ;
#9325 = EDGE_CURVE ( 'NONE', #9378, #1727, #2273, .T. ) ;
#9326 = DIRECTION ( 'NONE',  ( 1.934902151088186043E-17, 0.2325235526185132906, -0.9725907656757108999 ) ) ;
#9327 = ORIENTED_EDGE ( 'NONE', *, *, #8816, .F. ) ;
#9328 = DIRECTION ( 'NONE',  ( 0.000000000000000000, 0.2325235526185187585, -0.9725907656757096786 ) ) ;
#9329 = ORIENTED_EDGE ( 'NONE', *, *, #1316, .T. ) ;
#9330 = DIRECTION ( 'NONE',  ( 0.000000000000000000, 1.000000000000000000, 0.000000000000000000 ) ) ;
#9331 = CARTESIAN_POINT ( 'NONE',  ( 421.5162956986828817, 519.6918583634296738, 42.52020666813159977 ) ) ;
#9332 = ORIENTED_EDGE ( 'NONE', *, *, #6626, .T. ) ;
#9333 = FACE_OUTER_BOUND ( 'NONE', #5579, .T. ) ;
#9334 = AXIS2_PLACEMENT_3D ( 'NONE', #6697, #3444, #171 ) ;
#9335 = CARTESIAN_POINT ( 'NONE',  ( 424.0993581083311597, 524.4589618388072267, -19.61825291665811832 ) ) ;
#9336 = ORIENTED_EDGE ( 'NONE', *, *, #6922, .T. ) ;
#9337 = EDGE_CURVE ( 'NONE', #4625, #559, #6603, .T. ) ;
#9338 = AXIS2_PLACEMENT_3D ( 'NONE', #7599, #509, #3675 ) ;
#9339 =( BOUNDED_CURVE ( )  B_SPLINE_CURVE ( 3, ( #8820, #6394, #8003, #8765 ),
 .UNSPECIFIED., .F., .T. ) 
 B_SPLINE_CURVE_WITH_KNOTS ( ( 4, 4 ),
 ( 2.260711036346022329, 3.141592653589793116 ),
 .UNSPECIFIED. ) 
 CURVE ( )  GEOMETRIC_REPRESENTATION_ITEM ( )  RATIONAL_B_SPLINE_CURVE ( ( 1.000000000000000000, 0.9363758783568543187, 0.9363758783568543187, 1.000000000000000000 ) ) 
 REPRESENTATION_ITEM ( '' )  );
#9340 = FACE_OUTER_BOUND ( 'NONE', #969, .T. ) ;
#9341 = VECTOR ( 'NONE', #689, 1000.000000000000000 ) ;
#9342 = CARTESIAN_POINT ( 'NONE',  ( 440.9999999999999432, 460.0824999999979354, -46.41514919502149183 ) ) ;
#9343 = EDGE_CURVE ( 'NONE', #559, #4215, #8059, .T. ) ;
#9344 = CARTESIAN_POINT ( 'NONE',  ( 440.9999999999999432, 470.5668708588108302, 56.58485080497850817 ) ) ;
#9345 = ORIENTED_EDGE ( 'NONE', *, *, #10014, .F. ) ;
#9346 = LINE ( 'NONE', #8677, #6518 ) ;
#9347 = DIRECTION ( 'NONE',  ( 0.000000000000000000, 0.000000000000000000, -1.000000000000000000 ) ) ;
#9348 = ORIENTED_EDGE ( 'NONE', *, *, #5458, .T. ) ;
#9349 = DIRECTION ( 'NONE',  ( -1.000000000000000000, -2.478716320810480276E-16, -0.000000000000000000 ) ) ;
#9350 = DIRECTION ( 'NONE',  ( 0.000000000000000000, 0.000000000000000000, 1.000000000000000000 ) ) ;
#9351 = ORIENTED_EDGE ( 'NONE', *, *, #4418, .F. ) ;
#9352 = VECTOR ( 'NONE', #1443, 1000.000000000000000 ) ;
#9353 = FACE_OUTER_BOUND ( 'NONE', #10201, .T. ) ;
#9354 = DIRECTION ( 'NONE',  ( -1.000000000000000000, -2.478716320810480276E-16, -0.000000000000000000 ) ) ;
#9355 = DIRECTION ( 'NONE',  ( 0.000000000000000000, 0.000000000000000000, -1.000000000000000000 ) ) ;
#9356 = CARTESIAN_POINT ( 'NONE',  ( 451.4000000000000909, 288.0325928800109523, 21.83773856745994735 ) ) ;
#9357 = VECTOR ( 'NONE', #6346, 1000.000000000000000 ) ;
#9358 = CARTESIAN_POINT ( 'NONE',  ( 445.3999999999999204, 299.0256672298665990, -24.96071808205223874 ) ) ;
#9359 = DIRECTION ( 'NONE',  ( -0.7071067811865424657, 0.7071067811865526798, -5.858553950312636020E-16 ) ) ;
#9360 = ORIENTED_EDGE ( 'NONE', *, *, #8256, .T. ) ;
#9361 = CIRCLE ( 'NONE', #8064, 7.000000000000062172 ) ;
#9362 = FACE_OUTER_BOUND ( 'NONE', #2885, .T. ) ;
#9363 = CARTESIAN_POINT ( 'NONE',  ( 445.4792002342499586, 533.6484144379709278, -20.17580490523829084 ) ) ;
#9364 = CARTESIAN_POINT ( 'NONE',  ( 439.9999999999999432, 544.3983045561584504, 10.21383861501369061 ) ) ;
#9365 = ORIENTED_EDGE ( 'NONE', *, *, #10037, .F. ) ;
#9366 = CARTESIAN_POINT ( 'NONE',  ( 429.6526740142684275, 542.4604643982597736, 1.199720804978486211 ) ) ;
#9367 = DIRECTION ( 'NONE',  ( -0.000000000000000000, 1.000000000000000000, -0.000000000000000000 ) ) ;
#9368 = VECTOR ( 'NONE', #9851, 1000.000000000000114 ) ;
#9369 = PLANE ( 'NONE',  #5384 ) ;
#9370 = DIRECTION ( 'NONE',  ( 0.000000000000000000, 0.7713003027338460882, -0.6364713999879942907 ) ) ;
#9371 = ORIENTED_EDGE ( 'NONE', *, *, #6890, .F. ) ;
#9372 = EDGE_CURVE ( 'NONE', #8037, #457, #1293, .T. ) ;
#9373 = CARTESIAN_POINT ( 'NONE',  ( 474.0333209967906782, 484.1912265117933316, -38.54647829248689561 ) ) ;
#9374 = EDGE_CURVE ( 'NONE', #5845, #7714, #4580, .T. ) ;
#9375 = EDGE_CURVE ( 'NONE', #4579, #2586, #3439, .T. ) ;
#9376 = ORIENTED_EDGE ( 'NONE', *, *, #9011, .T. ) ;
#9377 = CARTESIAN_POINT ( 'NONE',  ( 442.0666666666666060, 297.4473375981925187, 26.11124852247483830 ) ) ;
#9378 = VERTEX_POINT ( 'NONE', #589 ) ;
#9379 = DIRECTION ( 'NONE',  ( 1.000000000000000000, 0.000000000000000000, 0.000000000000000000 ) ) ;
#9380 = CYLINDRICAL_SURFACE ( 'NONE', #1951, 8.000000000000031974 ) ;
#9381 = EDGE_LOOP ( 'NONE', ( #7178, #196, #7637, #2272, #2621 ) ) ;
#9382 = FACE_OUTER_BOUND ( 'NONE', #8759, .T. ) ;
#9383 = VECTOR ( 'NONE', #8546, 1000.000000000000000 ) ;
#9384 = CARTESIAN_POINT ( 'NONE',  ( 451.3999999999999204, 291.5319175791232738, 12.41083079728338312 ) ) ;
#9385 = EDGE_LOOP ( 'NONE', ( #6341, #143 ) ) ;
#9386 = EDGE_CURVE ( 'NONE', #4892, #410, #9394, .T. ) ;
#9387 = CARTESIAN_POINT ( 'NONE',  ( 441.5000000000001137, 368.9938854097437115, -6.709108496648553910 ) ) ;
#9388 = CARTESIAN_POINT ( 'NONE',  ( 442.5999999999997385, 294.3228401376549641, 19.70379566779238090 ) ) ;
#9389 = CARTESIAN_POINT ( 'NONE',  ( 441.0000000000000000, 255.9938854097436547, 56.58485080497850817 ) ) ;
#9390 = VECTOR ( 'NONE', #5647, 1000.000000000000000 ) ;
#9391 = CARTESIAN_POINT ( 'NONE',  ( 440.9999999999999432, 418.1377673618792983, -44.01357973332679308 ) ) ;
#9392 = ORIENTED_EDGE ( 'NONE', *, *, #7688, .F. ) ;
#9393 = CARTESIAN_POINT ( 'NONE',  ( 443.5000000000000000, 333.7394627972502121, 12.17533480644861577 ) ) ;
#9394 = B_SPLINE_CURVE_WITH_KNOTS ( 'NONE', 3,
 ( #2206, #5306, #7781, #7633, #6279, #4674, #743, #6853, #7732, #5398, #688, #8459 ),
 .UNSPECIFIED., .F., .F.,
 ( 4, 2, 2, 2, 2, 4 ),
 ( 0.02032382098428495501, 0.02255603150056139164, 0.02478824201683782827, 0.02590434727497608475, 0.02702045253311434470, 0.02925266304939086459 ),
 .UNSPECIFIED. ) ;
#9395 = EDGE_CURVE ( 'NONE', #4656, #3187, #3272, .T. ) ;
#9396 = DIRECTION ( 'NONE',  ( 0.000000000000000000, 0.000000000000000000, -1.000000000000000000 ) ) ;
#9397 = ORIENTED_EDGE ( 'NONE', *, *, #10192, .F. ) ;
#9398 = DIRECTION ( 'NONE',  ( -1.000000000000000000, -2.478716320810480276E-16, -0.000000000000000000 ) ) ;
#9399 = B_SPLINE_CURVE_WITH_KNOTS ( 'NONE', 3,
 ( #2906, #8431, #6011, #9099 ),
 .UNSPECIFIED., .F., .F.,
 ( 4, 4 ),
 ( 0.02832449140616963984, 0.02869101238775500010 ),
 .UNSPECIFIED. ) ;
#9400 = CARTESIAN_POINT ( 'NONE',  ( 442.6000000000001364, 295.3599442236399568, -19.38527527405165074 ) ) ;
#9401 = ORIENTED_EDGE ( 'NONE', *, *, #3019, .F. ) ;
#9402 = DIRECTION ( 'NONE',  ( 0.000000000000000000, 0.000000000000000000, -1.000000000000000000 ) ) ;
#9403 = DIRECTION ( 'NONE',  ( 0.000000000000000000, 0.000000000000000000, 1.000000000000000000 ) ) ;
#9404 = VECTOR ( 'NONE', #8248, 1000.000000000000000 ) ;
#9405 = CARTESIAN_POINT ( 'NONE',  ( 419.1173417305925000, 524.6419951375278288, 39.47190577165515890 ) ) ;
#9406 = FACE_OUTER_BOUND ( 'NONE', #9028, .T. ) ;
#9407 = CARTESIAN_POINT ( 'NONE',  ( 451.4000000000721684, 296.5957017215126825, 26.38560317371184638 ) ) ;
#9408 = CARTESIAN_POINT ( 'NONE',  ( 451.3999999999994088, 298.9361641211837650, -24.94517513116531049 ) ) ;
#9409 = AXIS2_PLACEMENT_3D ( 'NONE', #1625, #3283, #4821 ) ;
#9410 = DIRECTION ( 'NONE',  ( 1.000000000000000000, 2.478716320810480276E-16, 0.000000000000000000 ) ) ;
#9411 = ORIENTED_EDGE ( 'NONE', *, *, #3267, .F. ) ;
#9412 = CARTESIAN_POINT ( 'NONE',  ( 442.5999999999999659, 295.6494130162378724, -17.66551688742913839 ) ) ;
#9413 = DIRECTION ( 'NONE',  ( -0.000000000000000000, -1.000000000000000000, -0.000000000000000000 ) ) ;
#9414 = CARTESIAN_POINT ( 'NONE',  ( 443.9999999999999432, 469.3500000000000227, 38.58485080497850106 ) ) ;
#9415 = ORIENTED_EDGE ( 'NONE', *, *, #5525, .T. ) ;
#9416 = CYLINDRICAL_SURFACE ( 'NONE', #9249, 20.99999999999998224 ) ;
#9417 = DIRECTION ( 'NONE',  ( 0.000000000000000000, 0.000000000000000000, -1.000000000000000000 ) ) ;
#9418 = CARTESIAN_POINT ( 'NONE',  ( 447.5000000000000000, 359.9938854097437115, 25.30586396188315490 ) ) ;
#9419 = AXIS2_PLACEMENT_3D ( 'NONE', #7136, #672, #5433 ) ;
#9420 = CARTESIAN_POINT ( 'NONE',  ( 416.1432128118605078, 528.8391857711440025, -23.97415744801106996 ) ) ;
#9421 = VERTEX_POINT ( 'NONE', #3909 ) ;
#9422 = ADVANCED_BREP_SHAPE_REPRESENTATION ( 'Right Front Suspension Upright (Updated)', ( #3297, #3335 ), #5643 ) ;
#9423 = CARTESIAN_POINT ( 'NONE',  ( 451.3999999999999204, 291.5319175791232738, 12.41083079728338312 ) ) ;
#9424 = AXIS2_PLACEMENT_3D ( 'NONE', #5007, #8935, #4955 ) ;
#9425 = ORIENTED_EDGE ( 'NONE', *, *, #8450, .F. ) ;
#9426 = FACE_OUTER_BOUND ( 'NONE', #2947, .T. ) ;
#9428 = ORIENTED_EDGE ( 'NONE', *, *, #1373, .T. ) ;
#9427 = B_SPLINE_CURVE_WITH_KNOTS ( 'NONE', 3,
 ( #4089, #1643, #4790, #7175, #7958, #4035, #9597, #1757, #9654, #4899, #974, #4142, #7277, #2585, #5897, #8987, #1915, #8270, #7484, #400, #9036, #3620 ),
 .UNSPECIFIED., .F., .F.,
 ( 4, 2, 2, 2, 2, 2, 2, 2, 2, 2, 4 ),
 ( -1.612452024987362091E-05, 0.0005306725343117945064, 0.001077469588873462749, 0.002171063697996818316, 0.003264657807120173883, 0.004358251916243529450, 0.005451846025366885451, 0.006545440134490240584, 0.007092237189051974963, 0.007639034243613709342, 0.008732628352737350705 ),
 .UNSPECIFIED. ) ;
#9429 = PLANE ( 'NONE',  #9788 ) ;
#9430 = DIRECTION ( 'NONE',  ( -1.000000000000000000, -0.000000000000000000, 0.000000000000000000 ) ) ;
#9431 = ORIENTED_EDGE ( 'NONE', *, *, #4107, .F. ) ;
#9432 = CARTESIAN_POINT ( 'NONE',  ( 444.4101863682954558, 536.0224071705396227, -17.67959010705093803 ) ) ;
#9433 = FACE_OUTER_BOUND ( 'NONE', #4942, .T. ) ;
#9434 = EDGE_CURVE ( 'NONE', #10061, #457, #4274, .T. ) ;
#9435 = ORIENTED_EDGE ( 'NONE', *, *, #9130, .F. ) ;
#9436 = CONICAL_SURFACE ( 'NONE', #10099, 6.500000000000005329, 0.7853981633974642662 ) ;
#9437 = ADVANCED_FACE ( 'NONE', ( #3858 ), #1524, .F. ) ;
#9438 = CARTESIAN_POINT ( 'NONE',  ( 449.4999999999999432, 436.1000000000000227, -28.41514919502149183 ) ) ;
#9439 = DIRECTION ( 'NONE',  ( 0.000000000000000000, 0.9725907656757110109, 0.2325235526185125690 ) ) ;
#9440 = CARTESIAN_POINT ( 'NONE',  ( 423.9128608132918430, 518.3909393045197476, 56.58485080497850106 ) ) ;
#9441 = ORIENTED_EDGE ( 'NONE', *, *, #2952, .F. ) ;
#9442 = CARTESIAN_POINT ( 'NONE',  ( 440.9999999999998295, 424.8500000000000796, 3.160795882460871731 ) ) ;
#9443 = ORIENTED_EDGE ( 'NONE', *, *, #3077, .T. ) ;
#9444 = CARTESIAN_POINT ( 'NONE',  ( 451.2174655985973004, 290.1763924434378623, 24.92130028752467652 ) ) ;
#9445 = FACE_OUTER_BOUND ( 'NONE', #1665, .T. ) ;
#9446 = ORIENTED_EDGE ( 'NONE', *, *, #9471, .T. ) ;
#9447 = EDGE_CURVE ( 'NONE', #9299, #2971, #6075, .T. ) ;
#9448 = AXIS2_PLACEMENT_3D ( 'NONE', #8423, #10013, #2941 ) ;
#9449 = FACE_OUTER_BOUND ( 'NONE', #316, .T. ) ;
#9450 = CARTESIAN_POINT ( 'NONE',  ( 442.6000000000000796, 297.8810932635516906, -24.60337987232276191 ) ) ;
#9451 = ORIENTED_EDGE ( 'NONE', *, *, #9042, .F. ) ;
#9452 = ADVANCED_FACE ( 'NONE', ( #1429 ), #8554, .F. ) ;
#9453 = AXIS2_PLACEMENT_3D ( 'NONE', #5857, #4414, #3681 ) ;
#9454 = AXIS2_PLACEMENT_3D ( 'NONE', #6297, #5457, #914 ) ;
#9455 = DIRECTION ( 'NONE',  ( -0.000000000000000000, -1.000000000000000000, 0.000000000000000000 ) ) ;
#9456 = CARTESIAN_POINT ( 'NONE',  ( 440.9999999999996589, 296.1385036903413379, 19.32084802894533482 ) ) ;
#9457 = ORIENTED_EDGE ( 'NONE', *, *, #4664, .T. ) ;
#9458 = CARTESIAN_POINT ( 'NONE',  ( 447.7026409533747255, 418.8660008481113550, 19.54001826311878176 ) ) ;
#9459 = CARTESIAN_POINT ( 'NONE',  ( 443.4999999999999432, 412.9158672274568858, -34.58148204030521811 ) ) ;
#9460 = CARTESIAN_POINT ( 'NONE',  ( 451.4000000000143586, 296.9806316370591617, 26.53320751776897879 ) ) ;
#9461 = CIRCLE ( 'NONE', #4207, 4.000000000000007105 ) ;
#9462 = CARTESIAN_POINT ( 'NONE',  ( 441.0000000000000568, 296.8785042889301735, 24.70262683200793319 ) ) ;
#9463 = VECTOR ( 'NONE', #2889, 1000.000000000000227 ) ;
#9464 = DIRECTION ( 'NONE',  ( 0.000000000000000000, 0.000000000000000000, -1.000000000000000000 ) ) ;
#9465 = CARTESIAN_POINT ( 'NONE',  ( 481.0009999999999195, 411.6000000000000227, 14.23922846596874514 ) ) ;
#9466 = ORIENTED_EDGE ( 'NONE', *, *, #812, .F. ) ;
#9467 = CARTESIAN_POINT ( 'NONE',  ( 442.5999999999999659, 297.3275705319530289, -24.27198681363288202 ) ) ;
#9468 = VECTOR ( 'NONE', #3996, 1000.000000000000000 ) ;
#9469 = LINE ( 'NONE', #10055, #53 ) ;
#9470 = DIRECTION ( 'NONE',  ( -0.000000000000000000, -1.000000000000000000, -0.000000000000000000 ) ) ;
#9471 = EDGE_CURVE ( 'NONE', #5845, #9478, #10030, .T. ) ;
#9472 = EDGE_CURVE ( 'NONE', #5741, #9037, #3927, .T. ) ;
#9473 = ORIENTED_EDGE ( 'NONE', *, *, #10192, .T. ) ;
#9474 = CARTESIAN_POINT ( 'NONE',  ( 413.9999999999999432, 276.9938854097435978, 0.1778581151391607218 ) ) ;
#9475 = DIRECTION ( 'NONE',  ( -0.2833422748119656664, 0.7396915295934721746, -0.6103880702897542809 ) ) ;
#9476 = CIRCLE ( 'NONE', #8012, 4.000000000000007105 ) ;
#9477 = DIRECTION ( 'NONE',  ( -0.7071067811866260655, 0.7071067811864690800, 0.000000000000000000 ) ) ;
#9478 = VERTEX_POINT ( 'NONE', #2350 ) ;
#9479 = CARTESIAN_POINT ( 'NONE',  ( 429.6526740142684844, 537.5186806443891783, -19.67000922246355188 ) ) ;
#9480 = EDGE_CURVE ( 'NONE', #8615, #1381, #948, .T. ) ;
#9481 = EDGE_LOOP ( 'NONE', ( #6699, #1046, #1868, #3097 ) ) ;
#9482 = CARTESIAN_POINT ( 'NONE',  ( 441.0000000000000000, 297.6953627209854290, 25.07381837242077438 ) ) ;
#9483 = ORIENTED_EDGE ( 'NONE', *, *, #815, .T. ) ;
#9484 = DIRECTION ( 'NONE',  ( 0.000000000000000000, 0.000000000000000000, -1.000000000000000000 ) ) ;
#9485 = CARTESIAN_POINT ( 'NONE',  ( 447.4999999999999432, 421.6000000000000227, 24.93922846596874976 ) ) ;
#9486 = ORIENTED_EDGE ( 'NONE', *, *, #5323, .F. ) ;
#9487 = LINE ( 'NONE', #5729, #4571 ) ;
#9488 = DIRECTION ( 'NONE',  ( -2.601736677730715002E-31, 1.049630672089176363E-15, -1.000000000000000000 ) ) ;
#9489 = ORIENTED_EDGE ( 'NONE', *, *, #9337, .F. ) ;
#9490 = DIRECTION ( 'NONE',  ( 0.000000000000000000, 0.3102747020391815047, -0.9506469424946872859 ) ) ;
#9491 = DIRECTION ( 'NONE',  ( 0.000000000000000000, 0.000000000000000000, -1.000000000000000000 ) ) ;
#9492 = ORIENTED_EDGE ( 'NONE', *, *, #4304, .F. ) ;
#9493 = CARTESIAN_POINT ( 'NONE',  ( 441.3809390439582785, 484.8935764871460492, -32.53170963997227005 ) ) ;
#9494 = ORIENTED_EDGE ( 'NONE', *, *, #7966, .F. ) ;
#9495 = CARTESIAN_POINT ( 'NONE',  ( 445.5827843460884310, 297.1771498940618699, 26.59501656253852175 ) ) ;
#9496 = CARTESIAN_POINT ( 'NONE',  ( 417.2037506226860160, 516.1032622749537495, 56.58485080497849395 ) ) ;
#9497 = EDGE_CURVE ( 'NONE', #6713, #4565, #454, .T. ) ;
#9498 = ORIENTED_EDGE ( 'NONE', *, *, #7015, .T. ) ;
#9499 = CARTESIAN_POINT ( 'NONE',  ( 448.8885612860608489, 429.6000000000000796, 15.33831121344826975 ) ) ;
#9500 = CARTESIAN_POINT ( 'NONE',  ( 442.5999999999999659, 296.2552275462104490, -16.06256404395444903 ) ) ;
#9501 = ORIENTED_EDGE ( 'NONE', *, *, #7105, .F. ) ;
#9502 = AXIS2_PLACEMENT_3D ( 'NONE', #370, #7410, #4220 ) ;
#9503 = ADVANCED_FACE ( 'NONE', ( #3758 ), #2977, .F. ) ;
#9504 = CARTESIAN_POINT ( 'NONE',  ( 451.3999999999999204, 292.2709096761370802, -11.11871346937397931 ) ) ;
#9505 = CARTESIAN_POINT ( 'NONE',  ( 465.9999999999998863, 433.1000000000000227, -36.41514919502149183 ) ) ;
#9506 = CARTESIAN_POINT ( 'NONE',  ( 440.9999999999998863, 296.5903637429656783, 18.38453102995796939 ) ) ;
#9507 = ORIENTED_EDGE ( 'NONE', *, *, #8403, .T. ) ;
#9508 = EDGE_CURVE ( 'NONE', #3187, #8538, #6233, .T. ) ;
#9509 = CARTESIAN_POINT ( 'NONE',  ( 426.7920952124596852, 532.8909467079420210, -22.65173283251722225 ) ) ;
#9510 = CARTESIAN_POINT ( 'NONE',  ( 440.9999999999999432, 415.1000000000000227, 21.09278185656204840 ) ) ;
#9511 = EDGE_CURVE ( 'NONE', #6856, #9033, #6572, .T. ) ;
#9512 = CARTESIAN_POINT ( 'NONE',  ( 451.4000000000710884, 295.0181069037419093, 25.08133813663860678 ) ) ;
#9513 = CARTESIAN_POINT ( 'NONE',  ( 447.4999999999999432, 417.6000000000000227, -13.46077153403123994 ) ) ;
#9514 = CARTESIAN_POINT ( 'NONE',  ( 451.3999999999997499, 297.9115668145325344, -30.85705012198288344 ) ) ;
#9515 = ORIENTED_EDGE ( 'NONE', *, *, #9930, .F. ) ;
#9516 = CARTESIAN_POINT ( 'NONE',  ( 413.9999999999999432, 541.3645279316939423, 29.70844413600859824 ) ) ;
#9517 = ORIENTED_EDGE ( 'NONE', *, *, #4107, .T. ) ;
#9518 = EDGE_CURVE ( 'NONE', #1574, #5784, #1784, .T. ) ;
#9519 = CARTESIAN_POINT ( 'NONE',  ( 438.0730317999999102, 502.5337287883886574, 46.58485080497850106 ) ) ;
#9520 = VECTOR ( 'NONE', #2311, 1000.000000000000114 ) ;
#9521 = FACE_OUTER_BOUND ( 'NONE', #4333, .T. ) ;
#9522 = CARTESIAN_POINT ( 'NONE',  ( 465.9999999999998863, 449.6000000000000796, 50.58485080497850817 ) ) ;
#9523 = CARTESIAN_POINT ( 'NONE',  ( 445.3999999999999204, 276.9938854097437115, 0.1778581151391607218 ) ) ;
#9524 = B_SPLINE_CURVE_WITH_KNOTS ( 'NONE', 3,
 ( #237, #8157, #5885, #4236, #2623, #1173, #9639, #9741, #2676, #5048, #6652, #4335, #3499, #5829, #5721, #1902, #7373, #1850, #4993, #1073, #3557, #3398 ),
 .UNSPECIFIED., .F., .F.,
 ( 4, 2, 2, 2, 2, 2, 2, 2, 2, 2, 4 ),
 ( 8.673617379884035472E-19, 0.001094438947558961294, 0.001641658421338493224, 0.002188877895118024938, 0.003283316842676911422, 0.004377755790235798340, 0.005472194737794683524, 0.006566633685353569574, 0.007661072632912453891, 0.008208292106691897350, 0.008755511580471338207 ),
 .UNSPECIFIED. ) ;
#9525 = EDGE_CURVE ( 'NONE', #5811, #4888, #6574, .T. ) ;
#9526 = CARTESIAN_POINT ( 'NONE',  ( 418.8526740142684730, 526.0728315120054503, -14.85001997201148960 ) ) ;
#9527 = CARTESIAN_POINT ( 'NONE',  ( 447.4999999999999432, 368.9938854097437115, 6.790891503351495828 ) ) ;
#9528 = CARTESIAN_POINT ( 'NONE',  ( 440.9999999999998863, 446.6000000000004206, -43.41514919502154157 ) ) ;
#9529 = CIRCLE ( 'NONE', #4911, 7.999999999999992895 ) ;
#9530 = DIRECTION ( 'NONE',  ( -1.000000000000000000, -2.478716320810480276E-16, -0.000000000000000000 ) ) ;
#9531 = ORIENTED_EDGE ( 'NONE', *, *, #422, .F. ) ;
#9532 = EDGE_CURVE ( 'NONE', #6343, #3369, #7052, .T. ) ;
#9533 = DIRECTION ( 'NONE',  ( 0.000000000000000000, 1.387778780781445922E-16, 1.000000000000000000 ) ) ;
#9534 = ORIENTED_EDGE ( 'NONE', *, *, #6978, .F. ) ;
#9535 = LINE ( 'NONE', #7323, #7132 ) ;
#9536 = ORIENTED_EDGE ( 'NONE', *, *, #8643, .F. ) ;
#9537 = CARTESIAN_POINT ( 'NONE',  ( 429.6526740142684275, 554.7104643982598873, 9.929720804978485305 ) ) ;
#9538 = VECTOR ( 'NONE', #725, 1000.000000000000227 ) ;
#9539 = CARTESIAN_POINT ( 'NONE',  ( 441.3535533905932198, 421.6000000000000227, -2.760771534031256191 ) ) ;
#9540 = VERTEX_POINT ( 'NONE', #2507 ) ;
#9541 = CARTESIAN_POINT ( 'NONE',  ( 449.1568542494923690, 362.4938854097436547, 15.14774575284393698 ) ) ;
#9542 = DIRECTION ( 'NONE',  ( -2.478716320810480276E-16, 1.000000000000000000, 0.000000000000000000 ) ) ;
#9543 = ORIENTED_EDGE ( 'NONE', *, *, #8269, .F. ) ;
#9544 = LINE ( 'NONE', #4033, #7816 ) ;
#9545 = PLANE ( 'NONE',  #3383 ) ;
#9546 = ORIENTED_EDGE ( 'NONE', *, *, #5294, .T. ) ;
#9547 = DIRECTION ( 'NONE',  ( 2.966952953039227925E-16, 0.9852652672482559160, -0.1710331931357859103 ) ) ;
#9548 = ORIENTED_EDGE ( 'NONE', *, *, #9434, .T. ) ;
#9549 = CARTESIAN_POINT ( 'NONE',  ( 441.3535533905932198, 415.1000000000000227, -2.760771534031255303 ) ) ;
#9550 = VECTOR ( 'NONE', #8305, 1000.000000000000000 ) ;
#9551 = CARTESIAN_POINT ( 'NONE',  ( 455.6389620699955572, 516.5934009807947405, 56.57443747422856006 ) ) ;
#9552 = ORIENTED_EDGE ( 'NONE', *, *, #7808, .F. ) ;
#9553 = LINE ( 'NONE', #10226, #2555 ) ;
#9554 = CYLINDRICAL_SURFACE ( 'NONE', #2210, 4.000000000000004441 ) ;
#9555 = VERTEX_POINT ( 'NONE', #8915 ) ;
#9556 = CIRCLE ( 'NONE', #5114, 4.000000000000003553 ) ;
#9557 = DIRECTION ( 'NONE',  ( 0.000000000000000000, 1.000000000000000000, 0.000000000000000000 ) ) ;
#9558 = CARTESIAN_POINT ( 'NONE',  ( 459.3999999999999204, 305.9779681371978199, -16.01802409996720655 ) ) ;
#9559 = DIRECTION ( 'NONE',  ( 0.000000000000000000, 0.000000000000000000, 1.000000000000000000 ) ) ;
#9560 = ORIENTED_EDGE ( 'NONE', *, *, #1370, .F. ) ;
#9561 = CARTESIAN_POINT ( 'NONE',  ( 629.4895604586124591, 167.4715971832596324, -131.9250867450853093 ) ) ;
#9562 = CARTESIAN_POINT ( 'NONE',  ( 463.3999999999999204, 298.8664056459464859, -14.78352078243895917 ) ) ;
#9563 = CARTESIAN_POINT ( 'NONE',  ( 451.3999999999998067, 290.1565717576047518, 28.60995191534232518 ) ) ;
#9564 = EDGE_CURVE ( 'NONE', #9644, #8103, #8876, .T. ) ;
#9565 = DIRECTION ( 'NONE',  ( -0.000000000000000000, -0.000000000000000000, 1.000000000000000000 ) ) ;
#9566 = CARTESIAN_POINT ( 'NONE',  ( 451.4000000000035584, 298.8991512928250813, -24.93859135374224323 ) ) ;
#9567 = ORIENTED_EDGE ( 'NONE', *, *, #9838, .F. ) ;
#9568 = CARTESIAN_POINT ( 'NONE',  ( 479.4915771015563450, 470.6410538046118290, -37.10868723885536014 ) ) ;
#9569 = EDGE_CURVE ( 'NONE', #8374, #504, #4822, .T. ) ;
#9570 = EDGE_CURVE ( 'NONE', #487, #8316, #7566, .T. ) ;
#9571 = FACE_OUTER_BOUND ( 'NONE', #8227, .T. ) ;
#9572 = CARTESIAN_POINT ( 'NONE',  ( 447.4999999999999432, 368.9938854097437115, 6.790891503351495828 ) ) ;
#9573 = DIRECTION ( 'NONE',  ( -1.000000000000000000, -0.000000000000000000, 0.000000000000000000 ) ) ;
#9574 = CARTESIAN_POINT ( 'NONE',  ( 447.5000000000000000, 366.4938854097437115, -6.909108496648497244 ) ) ;
#9575 = EDGE_CURVE ( 'NONE', #7431, #2862, #4742, .T. ) ;
#9576 = CARTESIAN_POINT ( 'NONE',  ( 459.3999999999999204, 298.8664056459464859, -14.78352078243892365 ) ) ;
#9577 = DIRECTION ( 'NONE',  ( -1.000000000000000000, -0.000000000000000000, -0.000000000000000000 ) ) ;
#9578 = AXIS2_PLACEMENT_3D ( 'NONE', #3915, #9533, #2463 ) ;
#9579 = EDGE_CURVE ( 'NONE', #3524, #7647, #4723, .T. ) ;
#9580 = FACE_OUTER_BOUND ( 'NONE', #5950, .T. ) ;
#9581 = DIRECTION ( 'NONE',  ( 1.000000000000000000, -0.000000000000000000, 0.000000000000000000 ) ) ;
#9582 = ORIENTED_EDGE ( 'NONE', *, *, #3683, .T. ) ;
#9583 = EDGE_CURVE ( 'NONE', #1296, #2694, #3112, .T. ) ;
#9584 = FACE_BOUND ( 'NONE', #4452, .T. ) ;
#9585 = CIRCLE ( 'NONE', #2324, 26.59999999999990195 ) ;
#9586 = ORIENTED_EDGE ( 'NONE', *, *, #6433, .T. ) ;
#9587 = DIRECTION ( 'NONE',  ( -1.000000000000000000, 2.996186134945139640E-16, 0.000000000000000000 ) ) ;
#9588 = ORIENTED_EDGE ( 'NONE', *, *, #9251, .F. ) ;
#9589 = LINE ( 'NONE', #1854, #4671 ) ;
#9590 = DIRECTION ( 'NONE',  ( -0.000000000000000000, -0.7713003027338422024, 0.6364713999879989537 ) ) ;
#9591 = ORIENTED_EDGE ( 'NONE', *, *, #10079, .T. ) ;
#9592 = LINE ( 'NONE', #4737, #6712 ) ;
#9593 = CARTESIAN_POINT ( 'NONE',  ( 447.9999999999999432, 469.3500000000000227, -29.18954201200539700 ) ) ;
#9594 = VERTEX_POINT ( 'NONE', #3491 ) ;
#9595 = CARTESIAN_POINT ( 'NONE',  ( 418.8526740142684730, 528.3604643982598645, 35.69889116825613939 ) ) ;
#9596 = AXIS2_PLACEMENT_3D ( 'NONE', #1759, #8067, #8017 ) ;
#9597 = CARTESIAN_POINT ( 'NONE',  ( 450.3800428217055014, 362.6468986271225390, 8.223335063149670887 ) ) ;
#9598 = ORIENTED_EDGE ( 'NONE', *, *, #6928, .F. ) ;
#9599 = FACE_OUTER_BOUND ( 'NONE', #3287, .T. ) ;
#9600 = VERTEX_POINT ( 'NONE', #379 ) ;
#9601 = FACE_OUTER_BOUND ( 'NONE', #7550, .T. ) ;
#9602 = EDGE_CURVE ( 'NONE', #8383, #2277, #3549, .T. ) ;
#9603 = CARTESIAN_POINT ( 'NONE',  ( 418.3593756434255511, 518.3947076947441701, 56.58485080498573438 ) ) ;
#9604 = EDGE_CURVE ( 'NONE', #8357, #10210, #4245, .T. ) ;
#9605 = VERTEX_POINT ( 'NONE', #1993 ) ;
#9606 = CARTESIAN_POINT ( 'NONE',  ( 429.6526740142684275, 504.7104643982598304, -57.07346835806954743 ) ) ;
#9607 = CARTESIAN_POINT ( 'NONE',  ( 442.6000000000000796, 296.7399735751840240, -23.76138244958888279 ) ) ;
#9608 = ORIENTED_EDGE ( 'NONE', *, *, #10079, .F. ) ;
#9609 = CARTESIAN_POINT ( 'NONE',  ( 451.3999999999999204, 289.8372897942130635, -23.36569836015983270 ) ) ;
#9610 = DIRECTION ( 'NONE',  ( 0.000000000000000000, 0.000000000000000000, -1.000000000000000000 ) ) ;
#9611 = CARTESIAN_POINT ( 'NONE',  ( 443.5000000000000000, 346.4394627972502008, 12.17533480644866906 ) ) ;
#9612 = EDGE_LOOP ( 'NONE', ( #8192, #46, #9080, #3788 ) ) ;
#9613 = DIRECTION ( 'NONE',  ( 0.000000000000000000, 0.000000000000000000, 1.000000000000000000 ) ) ;
#9614 = CARTESIAN_POINT ( 'NONE',  ( 416.7893484277118432, 522.3987612599067916, 54.75123674817665886 ) ) ;
#9615 = CARTESIAN_POINT ( 'NONE',  ( 445.4000000000000909, 297.3116277929239004, 26.62715007391677347 ) ) ;
#9616 = DIRECTION ( 'NONE',  ( -0.000000000000000000, -0.9725907656757107889, -0.2325235526185131241 ) ) ;
#9617 = FACE_OUTER_BOUND ( 'NONE', #5256, .T. ) ;
#9618 = ORIENTED_EDGE ( 'NONE', *, *, #9308, .T. ) ;
#9619 = CIRCLE ( 'NONE', #1529, 22.49999999999999645 ) ;
#9620 = CIRCLE ( 'NONE', #1540, 14.99999999999992362 ) ;
#9621 = LINE ( 'NONE', #1001, #6940 ) ;
#9622 = DIRECTION ( 'NONE',  ( 0.000000000000000000, 0.000000000000000000, -1.000000000000000000 ) ) ;
#9623 = FACE_OUTER_BOUND ( 'NONE', #4936, .T. ) ;
#9624 = CIRCLE ( 'NONE', #8339, 1.649999999999984812 ) ;
#9625 = EDGE_CURVE ( 'NONE', #9190, #5948, #6696, .T. ) ;
#9626 = CARTESIAN_POINT ( 'NONE',  ( 424.0354967105164974, 525.9549197069491129, 44.75525322684930529 ) ) ;
#9627 = AXIS2_PLACEMENT_3D ( 'NONE', #6149, #2950, #4644 ) ;
#9628 = AXIS2_PLACEMENT_3D ( 'NONE', #7888, #68, #3860 ) ;
#9629 = ORIENTED_EDGE ( 'NONE', *, *, #693, .F. ) ;
#9630 = CARTESIAN_POINT ( 'NONE',  ( 445.0684751394234695, 534.3918992994454129, 24.19970248522613332 ) ) ;
#9631 = EDGE_CURVE ( 'NONE', #6689, #746, #6208, .T. ) ;
#9632 = DIRECTION ( 'NONE',  ( 1.000000000000000000, 0.000000000000000000, 0.000000000000000000 ) ) ;
#9633 = CARTESIAN_POINT ( 'NONE',  ( 447.4999999999999432, 411.6000000000000227, 20.73922846596874692 ) ) ;
#9634 = ORIENTED_EDGE ( 'NONE', *, *, #1678, .T. ) ;
#9635 = CIRCLE ( 'NONE', #1730, 6.500000000000061284 ) ;
#9636 = CIRCLE ( 'NONE', #6179, 4.000000000000015099 ) ;
#9637 = CARTESIAN_POINT ( 'NONE',  ( 449.5000000000000000, 453.0999999999999659, -28.41514919502134617 ) ) ;
#9638 = EDGE_CURVE ( 'NONE', #5784, #8378, #3865, .T. ) ;
#9639 = CARTESIAN_POINT ( 'NONE',  ( 447.8680024664457164, 364.8118935254528878, -5.188068389404875802 ) ) ;
#9640 = CARTESIAN_POINT ( 'NONE',  ( 441.0000000000001705, 296.9910284200317392, -19.10651358181464943 ) ) ;
#9641 = ORIENTED_EDGE ( 'NONE', *, *, #51, .T. ) ;
#9642 = ADVANCED_FACE ( 'NONE', ( #1063 ), #9893, .T. ) ;
#9643 = DIRECTION ( 'NONE',  ( 0.000000000000000000, 0.9725907656757106778, 0.2325235526185133739 ) ) ;
#9644 = VERTEX_POINT ( 'NONE', #5974 ) ;
#9645 = DIRECTION ( 'NONE',  ( -1.000000000000000000, 0.000000000000000000, 0.000000000000000000 ) ) ;
#9646 = AXIS2_PLACEMENT_3D ( 'NONE', #3738, #1208, #6728 ) ;
#9647 = CARTESIAN_POINT ( 'NONE',  ( 418.8446370006839174, 518.3181847691092798, 56.55416279782750166 ) ) ;
#9648 = VERTEX_POINT ( 'NONE', #327 ) ;
#9649 = CARTESIAN_POINT ( 'NONE',  ( 445.3397459621555754, 533.8899563225709244, -19.93800737809036150 ) ) ;
#9650 = DIRECTION ( 'NONE',  ( 0.5000000000000018874, -0.8660254037844375974, 0.000000000000000000 ) ) ;
#9651 = ORIENTED_EDGE ( 'NONE', *, *, #89, .T. ) ;
#9652 = CIRCLE ( 'NONE', #542, 10.69999999999998685 ) ;
#9653 = CARTESIAN_POINT ( 'NONE',  ( 441.0000000000006253, 295.7327360374943623, 22.73732673957158212 ) ) ;
#9654 = CARTESIAN_POINT ( 'NONE',  ( 449.7274824898169072, 362.9001073155463928, 9.072591240371689736 ) ) ;
#9655 = ORIENTED_EDGE ( 'NONE', *, *, #9480, .T. ) ;
#9656 = DIRECTION ( 'NONE',  ( 0.000000000000000000, 1.000000000000000000, 0.000000000000000000 ) ) ;
#9657 = ORIENTED_EDGE ( 'NONE', *, *, #5430, .F. ) ;
#9658 = CARTESIAN_POINT ( 'NONE',  ( 479.3999999999999204, 276.9938854097435978, 0.1778581151391607218 ) ) ;
#9659 = CARTESIAN_POINT ( 'NONE',  ( 435.5752979459101084, 523.3420178831746625, 55.36635001426239455 ) ) ;
#9660 = ORIENTED_EDGE ( 'NONE', *, *, #9395, .T. ) ;
#9661 = CARTESIAN_POINT ( 'NONE',  ( 480.9999999999999432, 295.5648931574630183, -12.52519943940830238 ) ) ;
#9662 = EDGE_CURVE ( 'NONE', #4832, #173, #6738, .T. ) ;
#9663 = DIRECTION ( 'NONE',  ( -0.000000000000000000, -1.000000000000000000, 1.374084517793742623E-16 ) ) ;
#9664 = ORIENTED_EDGE ( 'NONE', *, *, #3827, .F. ) ;
#9665 = DIRECTION ( 'NONE',  ( 0.000000000000000000, 0.000000000000000000, -1.000000000000000000 ) ) ;
#9666 = FACE_OUTER_BOUND ( 'NONE', #824, .T. ) ;
#9667 = CARTESIAN_POINT ( 'NONE',  ( 443.9999999999999432, 538.3604643982594098, -7.763271607418591458 ) ) ;
#9668 = ORIENTED_EDGE ( 'NONE', *, *, #8105, .T. ) ;
#9669 = CARTESIAN_POINT ( 'NONE',  ( 447.4999999999999432, 400.9000000000000341, 14.23922846596874159 ) ) ;
#9670 = CARTESIAN_POINT ( 'NONE',  ( 336.0902124738105385, 421.6000000000000227, -30.64042097131219933 ) ) ;
#9671 = ORIENTED_EDGE ( 'NONE', *, *, #6641, .T. ) ;
#9672 = LINE ( 'NONE', #2605, #7656 ) ;
#9673 = CARTESIAN_POINT ( 'NONE',  ( 442.0860048232386816, 424.8280080150918820, 56.58485080497850817 ) ) ;
#9674 = CARTESIAN_POINT ( 'NONE',  ( 448.5691377291672097, 528.2964857045622011, 45.30427408066972816 ) ) ;
#9675 = EDGE_LOOP ( 'NONE', ( #8593, #4609, #4641, #330, #7005, #1294, #7448, #6036, #5093, #8566, #1447, #266, #870, #8083 ) ) ;
#9676 = AXIS2_PLACEMENT_3D ( 'NONE', #3662, #6038, #2109 ) ;
#9677 = EDGE_CURVE ( 'NONE', #9925, #2512, #6646, .T. ) ;
#9678 = CIRCLE ( 'NONE', #7375, 3.999999999999994227 ) ;
#9679 = DIRECTION ( 'NONE',  ( -1.000000000000000000, 0.000000000000000000, 0.000000000000000000 ) ) ;
#9680 = CARTESIAN_POINT ( 'NONE',  ( 425.4588531724842255, 520.8631485070452527, 42.58485080497850817 ) ) ;
#9681 = DIRECTION ( 'NONE',  ( -2.478716320810480276E-16, 1.000000000000000000, 0.000000000000000000 ) ) ;
#9682 = AXIS2_PLACEMENT_3D ( 'NONE', #5104, #8981, #7428 ) ;
#9683 = FACE_OUTER_BOUND ( 'NONE', #1412, .T. ) ;
#9684 = ORIENTED_EDGE ( 'NONE', *, *, #3420, .T. ) ;
#9685 = CARTESIAN_POINT ( 'NONE',  ( 444.2498360754765372, 536.6543236928425813, 27.25206605717333730 ) ) ;
#9686 = CARTESIAN_POINT ( 'NONE',  ( 451.4000000000000341, 296.4159551053157884, -15.71352669060503260 ) ) ;
#9687 = CARTESIAN_POINT ( 'NONE',  ( 441.5000000000001137, 368.9938854097437115, -6.709108496648553910 ) ) ;
#9688 = ORIENTED_EDGE ( 'NONE', *, *, #5046, .T. ) ;
#9689 = VECTOR ( 'NONE', #9185, 1000.000000000000000 ) ;
#9690 = CARTESIAN_POINT ( 'NONE',  ( 439.9999999999996589, 543.8332374772713820, 6.464497245656909641 ) ) ;
#9691 = CARTESIAN_POINT ( 'NONE',  ( 463.3999999999999204, 298.8664056459464859, -14.78352078243895562 ) ) ;
#9692 = DIRECTION ( 'NONE',  ( -0.000000000000000000, 1.000000000000000000, -0.000000000000000000 ) ) ;
#9693 = FACE_OUTER_BOUND ( 'NONE', #7241, .T. ) ;
#9694 = VERTEX_POINT ( 'NONE', #1897 ) ;
#9695 = CARTESIAN_POINT ( 'NONE',  ( 447.5000000000000000, 366.4938854097436547, 29.72877838309286602 ) ) ;
#9696 = DIRECTION ( 'NONE',  ( -2.735044255416810820E-15, 0.6152618211444691454, -0.7883228345303664453 ) ) ;
#9697 = CIRCLE ( 'NONE', #8707, 6.500000000000037303 ) ;
#9698 = CARTESIAN_POINT ( 'NONE',  ( 461.9999999999998863, 449.6000000000000796, 50.58485080497851527 ) ) ;
#9699 = EDGE_CURVE ( 'NONE', #1637, #2985, #9361, .T. ) ;
#9700 = CARTESIAN_POINT ( 'NONE',  ( 447.5000000000000000, 366.4938854097437115, 3.846832232592027189E-13 ) ) ;
#9701 = ORIENTED_EDGE ( 'NONE', *, *, #1848, .F. ) ;
#9702 = EDGE_CURVE ( 'NONE', #9421, #3744, #466, .T. ) ;
#9703 = CARTESIAN_POINT ( 'NONE',  ( 442.5999999999999091, 296.2815942312703328, 26.22196826072065790 ) ) ;
#9704 = EDGE_CURVE ( 'NONE', #7959, #1029, #5089, .T. ) ;
#9705 = CIRCLE ( 'NONE', #7067, 8.000000000000007105 ) ;
#9706 = DIRECTION ( 'NONE',  ( 0.000000000000000000, 1.000000000000000000, -2.365499919840624750E-15 ) ) ;
#9707 = VERTEX_POINT ( 'NONE', #1770 ) ;
#9708 = CARTESIAN_POINT ( 'NONE',  ( 447.9978809787240266, 475.4934809588847315, -35.59973806229428561 ) ) ;
#9709 = VERTEX_POINT ( 'NONE', #8078 ) ;
#9710 = LINE ( 'NONE', #1866, #5207 ) ;
#9711 = CARTESIAN_POINT ( 'NONE',  ( 427.1889340105947213, 519.7414967565639472, 56.58485080497850106 ) ) ;
#9712 = ORIENTED_EDGE ( 'NONE', *, *, #1674, .T. ) ;
#9713 = PLANE ( 'NONE',  #4258 ) ;
#9714 = EDGE_CURVE ( 'NONE', #6673, #1343, #3746, .T. ) ;
#9715 = PLANE ( 'NONE',  #1888 ) ;
#9716 = AXIS2_PLACEMENT_3D ( 'NONE', #1587, #3873, #7012 ) ;
#9717 = VERTEX_POINT ( 'NONE', #5803 ) ;
#9718 = EDGE_LOOP ( 'NONE', ( #1268, #4179, #2650, #1082 ) ) ;
#9719 = ADVANCED_FACE ( 'NONE', ( #8895 ), #1039, .F. ) ;
#9720 = DIRECTION ( 'NONE',  ( 2.410776604349946092E-16, -0.9725907656757108999, -0.2325235526185134294 ) ) ;
#9721 = CARTESIAN_POINT ( 'NONE',  ( 451.4999999999999432, 362.4938854097437115, 3.804847005708460521E-13 ) ) ;
#9722 = CARTESIAN_POINT ( 'NONE',  ( 418.6891108675446276, 518.5886861333489151, 53.20736635251668645 ) ) ;
#9723 = DIRECTION ( 'NONE',  ( -0.7071067811865477948, 0.000000000000000000, -0.7071067811865473507 ) ) ;
#9724 = ORIENTED_EDGE ( 'NONE', *, *, #8953, .F. ) ;
#9725 = CARTESIAN_POINT ( 'NONE',  ( 445.3999999999995794, 297.3211676854015195, 26.62944754120712432 ) ) ;
#9726 = CARTESIAN_POINT ( 'NONE',  ( 441.1743353738212932, 421.7769974485133844, 14.41144457473037477 ) ) ;
#9727 = DIRECTION ( 'NONE',  ( 0.000000000000000000, 0.000000000000000000, 1.000000000000000000 ) ) ;
#9728 = ORIENTED_EDGE ( 'NONE', *, *, #6522, .T. ) ;
#9729 = AXIS2_PLACEMENT_3D ( 'NONE', #6438, #172, #5771 ) ;
#9730 = CARTESIAN_POINT ( 'NONE',  ( 336.0902124738105385, 11.44820855162335960, -47.88513591612859699 ) ) ;
#9731 = CARTESIAN_POINT ( 'NONE',  ( 418.5694937763582857, 526.0413135003369689, -19.21950960483345483 ) ) ;
#9732 = CARTESIAN_POINT ( 'NONE',  ( 481.0009999999999764, 340.6206644405273209, -7.956332081159240843 ) ) ;
#9733 = FACE_OUTER_BOUND ( 'NONE', #541, .T. ) ;
#9734 = CARTESIAN_POINT ( 'NONE',  ( 455.0300438908445813, 517.1058679696058107, 56.31294384227135197 ) ) ;
#9735 = DIRECTION ( 'NONE',  ( -0.7071067811865525687, -0.7071067811865425767, 6.643600179654438184E-16 ) ) ;
#9736 = B_SPLINE_CURVE_WITH_KNOTS ( 'NONE', 3,
 ( #10043, #4385, #485, #7524, #2970, #9259, #2196, #9897, #383, #3552, #6791, #6029, #9846, #9114, #2818, #5976, #9167, #2769, #2100, #6941, #3122, #2244, #10241, #4001, #7773, #5484, #8746, #5392, #3224, #4763, #8644, #4665, #6378, #6221, #837, #9516, #2450, #6273, #7926 ),
 .UNSPECIFIED., .F., .F.,
 ( 4, 2, 2, 2, 2, 2, 2, 2, 2, 1, 2, 2, 2, 2, 2, 2, 2, 2, 2, 4 ),
 ( 0.09686566885384483017, 0.1044416641597592649, 0.1082296618127165655, 0.1120176594656738800, 0.1158056571186311945, 0.1176996559451099211, 0.1195936547715886478, 0.1233816524245461288, 0.1252756512510248832, 0.1271696500775036376, 0.1290636489039824197, 0.1300106483172217831, 0.1309576477304611464, 0.1347456453834185996, 0.1385336430363760529, 0.1404276418628547796, 0.1423216406893335062, 0.1461096383422911538, 0.1498976359952487736, 0.1574736313011640410 ),
 .UNSPECIFIED. ) ;
#9737 = DIRECTION ( 'NONE',  ( 0.000000000000000000, 1.000000000000000000, -8.285246452426540611E-16 ) ) ;
#9738 = ORIENTED_EDGE ( 'NONE', *, *, #8392, .F. ) ;
#9739 =( BOUNDED_SURFACE ( )  B_SPLINE_SURFACE ( 3, 2, ( 
 ( #9626, #7207, #3176 ),
 ( #3331, #791, #2346 ),
 ( #842, #4720, #5714 ),
 ( #6330, #3281, #4172 ) ),
 .UNSPECIFIED., .F., .F., .T. ) 
 B_SPLINE_SURFACE_WITH_KNOTS ( ( 4, 4 ),
 ( 3, 3 ),
 ( 1.100842952118509688, 1.204982818594333871 ),
 ( 0.000000000000000000, 1.000000000000000000 ),
 .UNSPECIFIED. ) 
 GEOMETRIC_REPRESENTATION_ITEM ( )  RATIONAL_B_SPLINE_SURFACE ( (
 ( 1.000000000000000000, 0.5965640326580208264, 1.000000000000000000),
 ( 1.000000000000000000, 0.6048192382479103957, 1.000000000000000000),
 ( 1.000000000000000000, 0.6131208324207199079, 1.000000000000000000),
 ( 1.000000000000000000, 0.6214211101964689510, 1.000000000000000000) ) ) 
 REPRESENTATION_ITEM ( '' )  SURFACE ( )  );
#9740 = CARTESIAN_POINT ( 'NONE',  ( 439.9999999999999432, 543.9496495814996706, 13.03304082624138971 ) ) ;
#9741 = CARTESIAN_POINT ( 'NONE',  ( 448.0623465136994241, 364.4288068063028732, -4.848768859240990992 ) ) ;
#9742 = CARTESIAN_POINT ( 'NONE',  ( 441.0000000000000000, 296.9623383258014542, -20.23412248717301054 ) ) ;
#9743 = AXIS2_PLACEMENT_3D ( 'NONE', #3488, #1941, #5085 ) ;
#9744 = CARTESIAN_POINT ( 'NONE',  ( 439.9999999999997158, 539.0663720153187342, -2.718556182098689877 ) ) ;
#9745 = EDGE_LOOP ( 'NONE', ( #474, #6524, #3807, #3513, #398, #2026, #7065, #1885, #7169 ) ) ;
#9746 = CARTESIAN_POINT ( 'NONE',  ( 440.9999999999998295, 424.8500000000000796, 12.34961897127354469 ) ) ;
#9747 = DIRECTION ( 'NONE',  ( 0.5000000000000019984, -0.8660254037844374864, 0.000000000000000000 ) ) ;
#9748 = CARTESIAN_POINT ( 'NONE',  ( 443.5333333333333030, 296.1228751062957372, 16.27387480217105065 ) ) ;
#9749 = CARTESIAN_POINT ( 'NONE',  ( 451.3999999999999204, 288.3345702798702064, 24.48096397354916576 ) ) ;
#9750 = ORIENTED_EDGE ( 'NONE', *, *, #6998, .T. ) ;
#9751 = AXIS2_PLACEMENT_3D ( 'NONE', #5428, #8537, #9350 ) ;
#9752 = CARTESIAN_POINT ( 'NONE',  ( 440.9999999999998295, 295.9191676419051760, 19.94213461340046933 ) ) ;
#9753 = CARTESIAN_POINT ( 'NONE',  ( 440.9999999999999432, 421.1000000000001364, 38.58485080497852238 ) ) ;
#9754 = EDGE_LOOP ( 'NONE', ( #5439, #2807 ) ) ;
#9755 = DIRECTION ( 'NONE',  ( -1.000000000000000000, 0.000000000000000000, -0.000000000000000000 ) ) ;
#9756 = ORIENTED_EDGE ( 'NONE', *, *, #1886, .T. ) ;
#9757 = CARTESIAN_POINT ( 'NONE',  ( 441.3535533905932198, 415.1000000000000227, 20.73922846596876113 ) ) ;
#9758 = CARTESIAN_POINT ( 'NONE',  ( 443.0929830431791743, 520.5297663628500686, 56.51633386943296244 ) ) ;
#9759 = VERTEX_POINT ( 'NONE', #6368 ) ;
#9760 = EDGE_CURVE ( 'NONE', #1192, #9183, #774, .T. ) ;
#9761 = CARTESIAN_POINT ( 'NONE',  ( 429.6526740142684275, 554.7104643982598873, 9.929720804978485305 ) ) ;
#9762 = EDGE_CURVE ( 'NONE', #107, #9173, #8131, .T. ) ;
#9763 = PLANE ( 'NONE',  #9287 ) ;
#9764 = ORIENTED_EDGE ( 'NONE', *, *, #6859, .F. ) ;
#9765 = AXIS2_PLACEMENT_3D ( 'NONE', #375, #1270, #9163 ) ;
#9766 = CARTESIAN_POINT ( 'NONE',  ( 480.6219370999531861, 464.4556119483607404, -35.52548450008001168 ) ) ;
#9767 = EDGE_LOOP ( 'NONE', ( #10056, #4849, #1444 ) ) ;
#9768 = CC_DESIGN_DATE_AND_TIME_ASSIGNMENT ( #2320, #6101, ( #8971 ) ) ;
#9769 = DIRECTION ( 'NONE',  ( 0.7071067811865054953, -0.7071067811865895392, -7.422009659756943615E-16 ) ) ;
#9770 = CARTESIAN_POINT ( 'NONE',  ( 416.5980762113532592, 528.2104643982597736, 56.58485080497850817 ) ) ;
#9771 = EDGE_CURVE ( 'NONE', #5574, #4579, #4753, .T. ) ;
#9772 = CARTESIAN_POINT ( 'NONE',  ( 440.9999999999998863, 436.1000000000002501, 18.23922846596880731 ) ) ;
#9773 = EDGE_CURVE ( 'NONE', #4215, #8110, #1801, .T. ) ;
#9774 = CARTESIAN_POINT ( 'NONE',  ( 451.4999999999999432, 421.6000000000000227, 14.23922846596874692 ) ) ;
#9775 = CARTESIAN_POINT ( 'NONE',  ( 418.3765255362127391, 519.1300998089166114, 56.46675739634077473 ) ) ;
#9776 = VECTOR ( 'NONE', #5127, 1000.000000000000114 ) ;
#9777 = ORIENTED_EDGE ( 'NONE', *, *, #2785, .F. ) ;
#9778 = CARTESIAN_POINT ( 'NONE',  ( 451.3999999999999204, 295.8203938889279812, 32.43932427776974237 ) ) ;
#9779 = DIRECTION ( 'NONE',  ( 0.000000000000000000, -9.912705577010318647E-16, 1.000000000000000000 ) ) ;
#9780 = DIRECTION ( 'NONE',  ( 0.000000000000000000, 0.000000000000000000, -1.000000000000000000 ) ) ;
#9781 = VERTEX_POINT ( 'NONE', #825 ) ;
#9782 = ADVANCED_FACE ( 'NONE', ( #5021 ), #9208, .F. ) ;
#9783 = VECTOR ( 'NONE', #5491, 1000.000000000000000 ) ;
#9784 = CARTESIAN_POINT ( 'NONE',  ( 481.0009999999999195, 368.9938854097437115, -6.709108496648553910 ) ) ;
#9785 = DIRECTION ( 'NONE',  ( -1.000000000000000000, -0.000000000000000000, 0.000000000000000000 ) ) ;
#9786 = LINE ( 'NONE', #9732, #9148 ) ;
#9787 = CARTESIAN_POINT ( 'NONE',  ( 440.9999999999999432, 368.9938854097437115, -0.2091084966484926810 ) ) ;
#9788 = AXIS2_PLACEMENT_3D ( 'NONE', #1394, #6243, #4593 ) ;
#9789 = CIRCLE ( 'NONE', #7817, 3.499999999999996003 ) ;
#9790 = FACE_OUTER_BOUND ( 'NONE', #6235, .T. ) ;
#9791 = EDGE_CURVE ( 'NONE', #6055, #6089, #1823, .T. ) ;
#9792 = DIRECTION ( 'NONE',  ( 0.000000000000000000, 0.000000000000000000, 1.000000000000000000 ) ) ;
#9793 = ORIENTED_EDGE ( 'NONE', *, *, #1265, .T. ) ;
#9794 = CARTESIAN_POINT ( 'NONE',  ( 439.9999999999998863, 544.1565120455794613, 7.695660081494240856 ) ) ;
#9795 = EDGE_CURVE ( 'NONE', #6511, #2010, #7576, .T. ) ;
#9796 = DIRECTION ( 'NONE',  ( 0.000000000000000000, -1.000000000000000000, 0.000000000000000000 ) ) ;
#9797 = AXIS2_PLACEMENT_3D ( 'NONE', #156, #996, #7297 ) ;
#9798 = CARTESIAN_POINT ( 'NONE',  ( 413.9999999999999432, 451.1750022177633355, -46.41514919502149183 ) ) ;
#9799 = AXIS2_PLACEMENT_3D ( 'NONE', #8614, #7852, #6249 ) ;
#9800 = CARTESIAN_POINT ( 'NONE',  ( 443.4999999999999432, 400.9000000000000341, 14.23922846596874159 ) ) ;
#9801 = ORIENTED_EDGE ( 'NONE', *, *, #2703, .F. ) ;
#9802 = CARTESIAN_POINT ( 'NONE',  ( 443.5000000000000000, 366.4938854097437115, 17.49089150335156262 ) ) ;
#9803 = CARTESIAN_POINT ( 'NONE',  ( 424.7512886940357362, 523.3142237596528048, 46.20011377522811813 ) ) ;
#9804 = DIRECTION ( 'NONE',  ( 0.000000000000000000, 0.000000000000000000, -1.000000000000000000 ) ) ;
#9805 = VECTOR ( 'NONE', #7290, 1000.000000000000000 ) ;
#9806 = DIRECTION ( 'NONE',  ( 1.000000000000000000, 2.478716320810480276E-16, 0.000000000000000000 ) ) ;
#9807 = AXIS2_PLACEMENT_3D ( 'NONE', #1542, #10119, #9439 ) ;
#9808 = VERTEX_POINT ( 'NONE', #261 ) ;
#9809 = EDGE_CURVE ( 'NONE', #7499, #1159, #7236, .T. ) ;
#9810 = CARTESIAN_POINT ( 'NONE',  ( 440.9999999999998863, 295.7432265323407705, 20.66958369962193842 ) ) ;
#9811 = EDGE_CURVE ( 'NONE', #5507, #9478, #149, .T. ) ;
#9812 = CARTESIAN_POINT ( 'NONE',  ( 413.9999999999999432, 276.9938854097435978, 0.1778581151391607218 ) ) ;
#9813 = VECTOR ( 'NONE', #5337, 1000.000000000000114 ) ;
#9814 = ORIENTED_EDGE ( 'NONE', *, *, #1373, .F. ) ;
#9815 = DIRECTION ( 'NONE',  ( 0.000000000000000000, 1.000000000000000000, 9.912705577010318647E-16 ) ) ;
#9816 = ORIENTED_EDGE ( 'NONE', *, *, #7434, .F. ) ;
#9817 = DIRECTION ( 'NONE',  ( 0.000000000000000000, -1.000000000000000000, 1.374084517793742623E-16 ) ) ;
#9818 = FACE_BOUND ( 'NONE', #5855, .T. ) ;
#9819 = VERTEX_POINT ( 'NONE', #6575 ) ;
#9820 = DIRECTION ( 'NONE',  ( 1.000000000000000000, 0.000000000000000000, -0.000000000000000000 ) ) ;
#9821 = LINE ( 'NONE', #8232, #2047 ) ;
#9822 = ORIENTED_EDGE ( 'NONE', *, *, #296, .F. ) ;
#9823 = AXIS2_PLACEMENT_3D ( 'NONE', #10136, #4759, #7922 ) ;
#9824 = CARTESIAN_POINT ( 'NONE',  ( 440.9999999999998863, 461.5999999999999659, -28.41514919502096603 ) ) ;
#9825 = ORIENTED_EDGE ( 'NONE', *, *, #3069, .F. ) ;
#9826 = CARTESIAN_POINT ( 'NONE',  ( 453.6999999999999318, 453.0999999999999659, 5.739228465968748694 ) ) ;
#9827 = CARTESIAN_POINT ( 'NONE',  ( 440.4799999999999613, 297.3233250367960068, 26.62996359750183117 ) ) ;
#9828 = DIRECTION ( 'NONE',  ( 0.000000000000000000, 1.000000000000000000, -1.982541115402066342E-16 ) ) ;
#9829 = FACE_BOUND ( 'NONE', #2466, .T. ) ;
#9830 = DIRECTION ( 'NONE',  ( 1.000000000000000000, 0.000000000000000000, 0.000000000000000000 ) ) ;
#9831 = AXIS2_PLACEMENT_3D ( 'NONE', #574, #3888, #6158 ) ;
#9832 = ORIENTED_EDGE ( 'NONE', *, *, #1506, .F. ) ;
#9833 = CARTESIAN_POINT ( 'NONE',  ( 442.5999999999999659, 297.0952331286823664, -14.68605186448338351 ) ) ;
#9834 = B_SPLINE_CURVE_WITH_KNOTS ( 'NONE', 3,
 ( #2264, #7846, #5313, #7694 ),
 .UNSPECIFIED., .F., .F.,
 ( 4, 4 ),
 ( 0.01974293515107099217, 0.02357196924491199511 ),
 .UNSPECIFIED. ) ;
#9835 = FACE_BOUND ( 'NONE', #9754, .T. ) ;
#9836 = EDGE_LOOP ( 'NONE', ( #8885, #6844 ) ) ;
#9837 = EDGE_CURVE ( 'NONE', #6206, #4411, #7972, .T. ) ;
#9838 = EDGE_CURVE ( 'NONE', #5669, #4892, #96, .T. ) ;
#9839 = EDGE_CURVE ( 'NONE', #20, #5377, #7733, .T. ) ;
#9840 = DIRECTION ( 'NONE',  ( 0.000000000000000000, -1.000000000000000000, 0.000000000000000000 ) ) ;
#9841 = EDGE_CURVE ( 'NONE', #7959, #6094, #1741, .T. ) ;
#9842 = CARTESIAN_POINT ( 'NONE',  ( 456.0231999999999175, 318.3140096463326927, 31.64834206618206380 ) ) ;
#9843 = CARTESIAN_POINT ( 'NONE',  ( 475.0732000679998919, 303.3501970910192540, 24.98630178701351312 ) ) ;
#9844 = CIRCLE ( 'NONE', #6708, 26.49999999999999645 ) ;
#9845 = DIRECTION ( 'NONE',  ( -0.7071067811865479058, 0.7071067811865472397, -9.435651794974600030E-17 ) ) ;
#9846 = CARTESIAN_POINT ( 'NONE',  ( 414.0000000000000000, 547.9720617478782287, 1.686740350764126317 ) ) ;
#9847 = EDGE_LOOP ( 'NONE', ( #7836, #3312, #2434, #3352, #8612, #4521, #3829, #4151, #816 ) ) ;
#9848 = AXIS2_PLACEMENT_3D ( 'NONE', #4083, #185, #6448 ) ;
#9849 = VECTOR ( 'NONE', #9031, 1000.000000000000000 ) ;
#9850 = CARTESIAN_POINT ( 'NONE',  ( 443.5000000000000000, 255.9938854097436547, 56.58485080497850817 ) ) ;
#9851 = DIRECTION ( 'NONE',  ( 0.7071067811866260655, 0.7071067811864690800, 7.283143729245212534E-16 ) ) ;
#9852 = DIRECTION ( 'NONE',  ( 0.000000000000000000, 0.000000000000000000, -1.000000000000000000 ) ) ;
#9853 = EDGE_CURVE ( 'NONE', #556, #4495, #9524, .T. ) ;
#9854 = B_SPLINE_CURVE_WITH_KNOTS ( 'NONE', 3,
 ( #1925, #2799, #8234, #1201 ),
 .UNSPECIFIED., .F., .F.,
 ( 4, 4 ),
 ( 0.000000000000000000, 2.327442168385792439E-05 ),
 .UNSPECIFIED. ) ;
#9855 = CARTESIAN_POINT ( 'NONE',  ( 441.1743353738212932, 421.7769974485133844, 14.41144457473037477 ) ) ;
#9856 = ORIENTED_EDGE ( 'NONE', *, *, #4974, .T. ) ;
#9857 = CARTESIAN_POINT ( 'NONE',  ( 441.1743353738212363, 421.3727707262364675, -5.055177934746331481 ) ) ;
#9858 = CARTESIAN_POINT ( 'NONE',  ( 480.9999999999999432, 369.1256198646574376, -31.03970912831439932 ) ) ;
#9859 = CARTESIAN_POINT ( 'NONE',  ( 440.9999999999999432, 404.7464466094067461, 5.739228465968743365 ) ) ;
#9860 = EDGE_CURVE ( 'NONE', #2237, #10092, #7174, .T. ) ;
#9861 = DIRECTION ( 'NONE',  ( -0.5000000000000021094, 0.8660254037844374864, 0.000000000000000000 ) ) ;
#9862 = ORIENTED_EDGE ( 'NONE', *, *, #477, .T. ) ;
#9863 = CARTESIAN_POINT ( 'NONE',  ( 442.5999999999999091, 296.5668821424362136, 26.36996142652803954 ) ) ;
#9864 = CYLINDRICAL_SURFACE ( 'NONE', #3548, 4.000000000000005329 ) ;
#9865 = CIRCLE ( 'NONE', #6588, 4.000000000000003553 ) ;
#9866 = VERTEX_POINT ( 'NONE', #6598 ) ;
#9867 = DIRECTION ( 'NONE',  ( 1.000000000000000000, 0.000000000000000000, 0.000000000000000000 ) ) ;
#9868 = VERTEX_POINT ( 'NONE', #4286 ) ;
#9869 = CARTESIAN_POINT ( 'NONE',  ( 453.6999999999999318, 474.8203841816037993, 0.9767284659687371917 ) ) ;
#9870 = CARTESIAN_POINT ( 'NONE',  ( 419.8659415027007640, 524.4943496585697176, 53.32009871543707646 ) ) ;
#9871 = ORIENTED_EDGE ( 'NONE', *, *, #4430, .F. ) ;
#9872 = CARTESIAN_POINT ( 'NONE',  ( 447.5000000000000000, 362.4938854097437115, 3.804847005708460521E-13 ) ) ;
#9873 = DIRECTION ( 'NONE',  ( 0.000000000000000000, 0.2325235526185134571, -0.9725907656757110109 ) ) ;
#9874 = ORIENTED_EDGE ( 'NONE', *, *, #5734, .T. ) ;
#9875 = CARTESIAN_POINT ( 'NONE',  ( 443.9999999999999432, 534.3604643982597509, -3.763271607418768205 ) ) ;
#9876 = VECTOR ( 'NONE', #5989, 1000.000000000000000 ) ;
#9877 = ORIENTED_EDGE ( 'NONE', *, *, #7115, .T. ) ;
#9878 = FACE_OUTER_BOUND ( 'NONE', #6310, .T. ) ;
#9879 = DIRECTION ( 'NONE',  ( 0.000000000000000000, 4.956352788505163465E-15, -1.000000000000000000 ) ) ;
#9880 = CARTESIAN_POINT ( 'NONE',  ( 480.9999999999999432, 285.7438236647383292, 16.59122402630373116 ) ) ;
#9881 = CARTESIAN_POINT ( 'NONE',  ( 480.9999999999999432, 11.44820855162335960, -47.88513591612859699 ) ) ;
#9882 = DIRECTION ( 'NONE',  ( 0.000000000000000000, -0.2325235526185131796, 0.9725907656757107889 ) ) ;
#9883 = VERTEX_POINT ( 'NONE', #4884 ) ;
#9884 = AXIS2_PLACEMENT_3D ( 'NONE', #332, #2571, #4129 ) ;
#9885 = ORIENTED_EDGE ( 'NONE', *, *, #8718, .T. ) ;
#9886 = CARTESIAN_POINT ( 'NONE',  ( 422.8526740142684730, 526.0728315120054503, 39.47190577165515890 ) ) ;
#9887 = CARTESIAN_POINT ( 'NONE',  ( 413.9999999999999432, 446.6000000000000227, -34.91514919502148473 ) ) ;
#9888 = ORIENTED_EDGE ( 'NONE', *, *, #2039, .T. ) ;
#9889 = CARTESIAN_POINT ( 'NONE',  ( 414.0772278974450842, 533.7648985628046603, -20.15700652282895078 ) ) ;
#9890 = CARTESIAN_POINT ( 'NONE',  ( 439.3656474282233830, 530.7696520517955605, -23.34408667909448454 ) ) ;
#9891 = LINE ( 'NONE', #2192, #3872 ) ;
#9892 = AXIS2_PLACEMENT_3D ( 'NONE', #3494, #7368, #230 ) ;
#9893 = PLANE ( 'NONE',  #4920 ) ;
#9894 = EDGE_CURVE ( 'NONE', #6277, #8139, #4282, .T. ) ;
#9895 = CARTESIAN_POINT ( 'NONE',  ( 445.4000000000140744, 296.9112633425888816, -23.92995282745728503 ) ) ;
#9896 = EDGE_CURVE ( 'NONE', #9186, #8374, #129, .T. ) ;
#9897 = CARTESIAN_POINT ( 'NONE',  ( 413.9999999999998295, 545.3972202149174109, -3.513743945222746135 ) ) ;
#9898 = ORIENTED_EDGE ( 'NONE', *, *, #668, .F. ) ;
#9899 = AXIS2_PLACEMENT_3D ( 'NONE', #1872, #3275, #7551 ) ;
#9900 = CARTESIAN_POINT ( 'NONE',  ( 442.5999999999996817, 296.9569634994850844, -14.87305517731416771 ) ) ;
#9901 = APPROVAL ( #7708, 'UNSPECIFIED' ) ;
#9902 = CARTESIAN_POINT ( 'NONE',  ( 440.9999999999998863, 296.2037612306571646, 23.97267541927837797 ) ) ;
#9903 = CARTESIAN_POINT ( 'NONE',  ( 441.0000000000001705, 297.9023778623063663, -22.66032992564128890 ) ) ;
#9904 = EDGE_CURVE ( 'NONE', #1768, #438, #298, .T. ) ;
#9905 = CARTESIAN_POINT ( 'NONE',  ( 439.9999999999999432, 542.5371310982262685, 3.247304077005364498 ) ) ;
#9906 = ORIENTED_EDGE ( 'NONE', *, *, #7702, .F. ) ;
#9907 = DIRECTION ( 'NONE',  ( 1.000000000000000000, 0.000000000000000000, 0.000000000000000000 ) ) ;
#9908 = CYLINDRICAL_SURFACE ( 'NONE', #10186, 4.000000000000003553 ) ;
#9909 = FACE_OUTER_BOUND ( 'NONE', #2379, .T. ) ;
#9910 = CARTESIAN_POINT ( 'NONE',  ( 433.5352816707643342, 535.4466091013971436, -21.81760887736359678 ) ) ;
#9911 = EDGE_LOOP ( 'NONE', ( #3737, #8997, #5792, #5843 ) ) ;
#9912 = EDGE_CURVE ( 'NONE', #3818, #7541, #7264, .T. ) ;
#9913 = CARTESIAN_POINT ( 'NONE',  ( 442.5999999999997385, 294.3228401376549641, 19.70379566779238090 ) ) ;
#9914 = CYLINDRICAL_SURFACE ( 'NONE', #3045, 4.000000000000000000 ) ;
#9915 = ORIENTED_EDGE ( 'NONE', *, *, #1819, .F. ) ;
#9916 = CARTESIAN_POINT ( 'NONE',  ( 443.9999999999999432, 542.3355424042182449, -5.016071661595322695 ) ) ;
#9917 = ORIENTED_EDGE ( 'NONE', *, *, #5734, .F. ) ;
#9918 = FACE_BOUND ( 'NONE', #3979, .T. ) ;
#9919 = CARTESIAN_POINT ( 'NONE',  ( 415.1710672476241371, 523.2711963376790436, 53.43646356679594334 ) ) ;
#9920 = VERTEX_POINT ( 'NONE', #4181 ) ;
#9921 = DIRECTION ( 'NONE',  ( 1.000000000000000000, 0.000000000000000000, 0.000000000000000000 ) ) ;
#9922 = AXIS2_PLACEMENT_3D ( 'NONE', #5917, #1212, #4371 ) ;
#9923 = VECTOR ( 'NONE', #8866, 1000.000000000000000 ) ;
#9924 = DIRECTION ( 'NONE',  ( -0.3647583701408052548, 0.7181594189116381477, -0.5926199291626307319 ) ) ;
#9925 = VERTEX_POINT ( 'NONE', #5096 ) ;
#9926 = CARTESIAN_POINT ( 'NONE',  ( 441.0000000000000000, 361.9938854097436547, -0.2091084966484989538 ) ) ;
#9927 = ORIENTED_EDGE ( 'NONE', *, *, #4288, .T. ) ;
#9928 = CARTESIAN_POINT ( 'NONE',  ( 445.3397459621555754, 533.8899563225709244, 39.79744898804732145 ) ) ;
#9929 = DIRECTION ( 'NONE',  ( 0.000000000000000000, 0.000000000000000000, 1.000000000000000000 ) ) ;
#9930 = EDGE_CURVE ( 'NONE', #2848, #3216, #2126, .T. ) ;
#9931 = CARTESIAN_POINT ( 'NONE',  ( 438.0730317999999102, 505.8337287883887257, 46.58485080497850106 ) ) ;
#9932 = DIRECTION ( 'NONE',  ( 0.000000000000000000, 0.000000000000000000, 1.000000000000000000 ) ) ;
#9933 = DIRECTION ( 'NONE',  ( -1.000000000000000000, -0.000000000000000000, -0.000000000000000000 ) ) ;
#9934 = DIRECTION ( 'NONE',  ( -1.000000000000000000, -0.000000000000000000, 0.000000000000000000 ) ) ;
#9935 = ORIENTED_EDGE ( 'NONE', *, *, #6302, .T. ) ;
#9936 = ORIENTED_EDGE ( 'NONE', *, *, #946, .F. ) ;
#9937 = TOROIDAL_SURFACE ( 'NONE', #4982, 3.500000000000003109, 4.000000000000000000 ) ;
#9938 = PLANE ( 'NONE',  #6125 ) ;
#9939 = ORIENTED_EDGE ( 'NONE', *, *, #2835, .F. ) ;
#9940 = PRODUCT_DEFINITION_FORMATION_WITH_SPECIFIED_SOURCE ( 'ANY', '', #4413, .NOT_KNOWN. ) ;
#9941 = LINE ( 'NONE', #9162, #4489 ) ;
#9942 = VECTOR ( 'NONE', #3684, 1000.000000000000000 ) ;
#9943 = FACE_OUTER_BOUND ( 'NONE', #8469, .T. ) ;
#9944 = CARTESIAN_POINT ( 'NONE',  ( 461.9999999999998863, 446.6000000000000227, 38.58485080497850817 ) ) ;
#9945 = CARTESIAN_POINT ( 'NONE',  ( 451.3999999999996930, 292.9880151403155537, -28.47517155617940432 ) ) ;
#9946 = VECTOR ( 'NONE', #8608, 1000.000000000000000 ) ;
#9947 = CARTESIAN_POINT ( 'NONE',  ( 443.5000000000000000, 309.9190292061907712, -16.70215687251032577 ) ) ;
#9948 = ORIENTED_EDGE ( 'NONE', *, *, #7015, .F. ) ;
#9949 = CARTESIAN_POINT ( 'NONE',  ( 440.9999999999999432, 298.0380803768366036, -22.79337374799320415 ) ) ;
#9950 = DIRECTION ( 'NONE',  ( 0.000000000000000000, 0.000000000000000000, 1.000000000000000000 ) ) ;
#9951 = CARTESIAN_POINT ( 'NONE',  ( 465.9999999999998863, 449.6000000000000796, -36.41514919502149894 ) ) ;
#9952 = EDGE_CURVE ( 'NONE', #7425, #6098, #7472, .T. ) ;
#9953 = CARTESIAN_POINT ( 'NONE',  ( 444.0000000000174509, 547.0173971458229971, 3.474558369360695842 ) ) ;
#9954 = ORIENTED_EDGE ( 'NONE', *, *, #220, .T. ) ;
#9955 = VECTOR ( 'NONE', #7596, 1000.000000000000000 ) ;
#9956 = LINE ( 'NONE', #493, #6401 ) ;
#9957 = CARTESIAN_POINT ( 'NONE',  ( 480.9999999999999432, 276.9938854097435978, 16.77785811513916414 ) ) ;
#9958 = CARTESIAN_POINT ( 'NONE',  ( 439.1296457004149261, 536.1413771231018472, -19.81493572218397148 ) ) ;
#9959 = ORIENTED_EDGE ( 'NONE', *, *, #3400, .T. ) ;
#9960 = EDGE_CURVE ( 'NONE', #5377, #2924, #9705, .T. ) ;
#9961 = CONICAL_SURFACE ( 'NONE', #6987, 6.499999999999950262, 0.7853981633974225218 ) ;
#9962 = VECTOR ( 'NONE', #6019, 1000.000000000000000 ) ;
#9963 = CARTESIAN_POINT ( 'NONE',  ( 442.6000000000000227, 294.5312470970758341, 19.04729570556137119 ) ) ;
#9964 = ADVANCED_FACE ( 'NONE', ( #7319 ), #6545, .F. ) ;
#9965 = CARTESIAN_POINT ( 'NONE',  ( 429.6526740142684275, 504.7104643982598304, 9.929720804978485305 ) ) ;
#9966 = VERTEX_POINT ( 'NONE', #6489 ) ;
#9967 = CARTESIAN_POINT ( 'NONE',  ( 443.9999999999999432, 547.9045260800778578, 13.79680674030340271 ) ) ;
#9968 = ORIENTED_EDGE ( 'NONE', *, *, #3495, .T. ) ;
#9969 = CARTESIAN_POINT ( 'NONE',  ( 443.9999999999999432, 536.2104643982597736, 46.58485080497850106 ) ) ;
#9970 = AXIS2_PLACEMENT_3D ( 'NONE', #9002, #5125, #7451 ) ;
#9971 = CARTESIAN_POINT ( 'NONE',  ( 413.9999999999999432, 276.9938854097435978, 15.17785811513916094 ) ) ;
#9972 = VERTEX_POINT ( 'NONE', #537 ) ;
#9973 = VECTOR ( 'NONE', #5624, 1000.000000000000000 ) ;
#9974 = DIRECTION ( 'NONE',  ( -0.000000000000000000, 0.2325235526185131796, -0.9725907656757107889 ) ) ;
#9975 = VECTOR ( 'NONE', #7479, 1000.000000000000000 ) ;
#9976 = CARTESIAN_POINT ( 'NONE',  ( 419.8873704520984234, 522.7217385637204643, -15.43224905196790786 ) ) ;
#9977 = ORIENTED_EDGE ( 'NONE', *, *, #854, .T. ) ;
#9978 = CARTESIAN_POINT ( 'NONE',  ( 480.7040824522981097, 463.7359532274300022, -34.89775149230150930 ) ) ;
#9979 = ORIENTED_EDGE ( 'NONE', *, *, #9795, .F. ) ;
#9980 = AXIS2_PLACEMENT_3D ( 'NONE', #4118, #2560, #5712 ) ;
#9981 = DIRECTION ( 'NONE',  ( 1.000000000000000000, 0.000000000000000000, 0.000000000000000000 ) ) ;
#9982 = CARTESIAN_POINT ( 'NONE',  ( 429.6526740142684275, 542.0104643982598418, 9.929720804978487081 ) ) ;
#9983 = DIRECTION ( 'NONE',  ( 0.000000000000000000, 0.000000000000000000, 1.000000000000000000 ) ) ;
#9984 = EDGE_LOOP ( 'NONE', ( #4901, #9657, #5122, #1591, #1815, #5748, #1038, #7215 ) ) ;
#9985 = FACE_OUTER_BOUND ( 'NONE', #7883, .T. ) ;
#9986 = EDGE_CURVE ( 'NONE', #8834, #8103, #10181, .T. ) ;
#9987 = LINE ( 'NONE', #2133, #4815 ) ;
#9988 = ORIENTED_EDGE ( 'NONE', *, *, #1349, .F. ) ;
#9989 = CARTESIAN_POINT ( 'NONE',  ( 449.2529519679019927, 453.0999999999999091, 16.39911999504624873 ) ) ;
#9990 = CARTESIAN_POINT ( 'NONE',  ( 454.0730317999999102, 504.1837287883886916, 56.58485080497849395 ) ) ;
#9991 = VERTEX_POINT ( 'NONE', #1227 ) ;
#9992 = ADVANCED_FACE ( 'NONE', ( #3116 ), #6267, .F. ) ;
#9993 = FACE_OUTER_BOUND ( 'NONE', #7547, .T. ) ;
#9994 = DIRECTION ( 'NONE',  ( -0.000000000000000000, -0.2325235526185132073, 0.9725907656757110109 ) ) ;
#9995 = DIRECTION ( 'NONE',  ( 1.000000000000000000, 0.000000000000000000, 0.000000000000000000 ) ) ;
#9996 = CARTESIAN_POINT ( 'NONE',  ( 451.3999999999638817, 298.5950935725523436, -24.87133893380727301 ) ) ;
#9997 = CARTESIAN_POINT ( 'NONE',  ( 480.4352395505981690, 465.8378229809187587, 45.77739704503726870 ) ) ;
#9998 = VERTEX_POINT ( 'NONE', #5299 ) ;
#9999 = CARTESIAN_POINT ( 'NONE',  ( 441.0000000000000568, 298.1621872368604045, -15.94697369252995323 ) ) ;
#10000 = CARTESIAN_POINT ( 'NONE',  ( 441.0000000000002842, 296.7643372514711473, 24.61507499230111051 ) ) ;
#10001 = FACE_OUTER_BOUND ( 'NONE', #7703, .T. ) ;
#10002 = CARTESIAN_POINT ( 'NONE',  ( 439.9999999999997726, 543.8512488024454115, 13.33602054891657218 ) ) ;
#10003 = ORIENTED_EDGE ( 'NONE', *, *, #7523, .T. ) ;
#10004 = CARTESIAN_POINT ( 'NONE',  ( 447.5000000000000000, 369.8097526372005746, -27.09864805932134146 ) ) ;
#10005 = CARTESIAN_POINT ( 'NONE',  ( 433.0200380053216236, 532.8208505622794746, -22.67461100078062231 ) ) ;
#10006 = ORIENTED_EDGE ( 'NONE', *, *, #9860, .F. ) ;
#10007 = AXIS2_PLACEMENT_3D ( 'NONE', #4978, #2758, #8036 ) ;
#10008 = CARTESIAN_POINT ( 'NONE',  ( 480.9999999999999432, 433.1000000000000227, 50.58485080497850817 ) ) ;
#10009 = LINE ( 'NONE', #7691, #4381 ) ;
#10010 = ORIENTED_EDGE ( 'NONE', *, *, #9986, .T. ) ;
#10011 = CARTESIAN_POINT ( 'NONE',  ( 456.0231999999999175, 322.0995559852086103, 29.46883204871873474 ) ) ;
#10012 = ORIENTED_EDGE ( 'NONE', *, *, #1849, .F. ) ;
#10013 = DIRECTION ( 'NONE',  ( 1.000000000000000000, 2.478716320810480276E-16, 0.000000000000000000 ) ) ;
#10014 = EDGE_CURVE ( 'NONE', #7301, #6573, #5930, .T. ) ;
#10015 = DIRECTION ( 'NONE',  ( 0.000000000000000000, 0.000000000000000000, 1.000000000000000000 ) ) ;
#10016 = ORIENTED_EDGE ( 'NONE', *, *, #1051, .T. ) ;
#10017 = CARTESIAN_POINT ( 'NONE',  ( 446.0765782159496098, 486.3933000034347742, -32.04222585123738298 ) ) ;
#10018 = FACE_OUTER_BOUND ( 'NONE', #1097, .T. ) ;
#10019 = ADVANCED_FACE ( 'NONE', ( #7580 ), #6077, .F. ) ;
#10020 = VERTEX_POINT ( 'NONE', #2775 ) ;
#10021 = EDGE_CURVE ( 'NONE', #6511, #5986, #5145, .T. ) ;
#10022 = ORIENTED_EDGE ( 'NONE', *, *, #5597, .T. ) ;
#10023 = VECTOR ( 'NONE', #4306, 1000.000000000000000 ) ;
#10024 = CARTESIAN_POINT ( 'NONE',  ( 442.5999999999999659, 294.6113523470213522, 18.83186463657685650 ) ) ;
#10025 = DIRECTION ( 'NONE',  ( 0.000000000000000000, 0.000000000000000000, -1.000000000000000000 ) ) ;
#10026 = APPROVAL_DATE_TIME ( #4464, #1377 ) ;
#10027 = CARTESIAN_POINT ( 'NONE',  ( 453.6999999999999318, 461.3500000000000227, 5.739228465968748694 ) ) ;
#10028 = VERTEX_POINT ( 'NONE', #2333 ) ;
#10029 = DIRECTION ( 'NONE',  ( 0.000000000000000000, 0.9725907656757110109, 0.2325235526185125690 ) ) ;
#10030 = B_SPLINE_CURVE_WITH_KNOTS ( 'NONE', 3,
 ( #3031, #6230, #1577, #6184 ),
 .UNSPECIFIED., .F., .F.,
 ( 4, 4 ),
 ( 2.921989183245368904E-07, 0.007003874685171131848 ),
 .UNSPECIFIED. ) ;
#10031 = EDGE_CURVE ( 'NONE', #2985, #7939, #2821, .T. ) ;
#10032 = CARTESIAN_POINT ( 'NONE',  ( 413.9999999999999432, 429.6000000000000796, 38.58485080497850817 ) ) ;
#10033 = ORIENTED_EDGE ( 'NONE', *, *, #2436, .F. ) ;
#10034 = DIRECTION ( 'NONE',  ( 0.000000000000000000, 0.000000000000000000, -1.000000000000000000 ) ) ;
#10035 = CARTESIAN_POINT ( 'NONE',  ( 443.5000000000000000, 327.5394627972502235, 12.17533480644861577 ) ) ;
#10036 = ORIENTED_EDGE ( 'NONE', *, *, #5460, .T. ) ;
#10037 = EDGE_CURVE ( 'NONE', #599, #3153, #4406, .T. ) ;
#10038 = DIRECTION ( 'NONE',  ( 0.000000000000000000, 0.5602127143818970145, -0.8283487880385091984 ) ) ;
#10039 = CARTESIAN_POINT ( 'NONE',  ( 438.0730317999999102, 502.5337287883886574, 56.58485080497849395 ) ) ;
#10040 = VECTOR ( 'NONE', #7348, 1000.000000000000114 ) ;
#10041 = LINE ( 'NONE', #8402, #6995 ) ;
#10042 = CARTESIAN_POINT ( 'NONE',  ( 451.3999999999999773, 295.4666986194102947, -21.15930716550975532 ) ) ;
#10043 = CARTESIAN_POINT ( 'NONE',  ( 413.9999999999999432, 536.0886861333490288, -17.09448375015855603 ) ) ;
#10044 = VERTEX_POINT ( 'NONE', #152 ) ;
#10045 = FACE_OUTER_BOUND ( 'NONE', #3093, .T. ) ;
#10046 = CARTESIAN_POINT ( 'NONE',  ( 421.7529016800194199, 519.2820447823798986, 42.58485080497513309 ) ) ;
#10047 = CARTESIAN_POINT ( 'NONE',  ( 439.9999999999998295, 541.9849774183770705, 17.70137908325163423 ) ) ;
#10048 = ORIENTED_EDGE ( 'NONE', *, *, #9773, .T. ) ;
#10049 = CARTESIAN_POINT ( 'NONE',  ( 447.4999999999999432, 413.6000000000000227, 40.03443545679897397 ) ) ;
#10050 = DIRECTION ( 'NONE',  ( 1.000000000000000000, 2.478716320810480276E-16, 0.000000000000000000 ) ) ;
#10051 = CARTESIAN_POINT ( 'NONE',  ( 430.5009008965744783, 533.1030946704255484, -22.58249141080167277 ) ) ;
#10052 = VERTEX_POINT ( 'NONE', #4861 ) ;
#10053 = VECTOR ( 'NONE', #1170, 1000.000000000000000 ) ;
#10054 = DIRECTION ( 'NONE',  ( 0.000000000000000000, 0.000000000000000000, 1.000000000000000000 ) ) ;
#10055 = CARTESIAN_POINT ( 'NONE',  ( 461.9999999999998863, 457.1000000000000796, -32.91514919502149894 ) ) ;
#10056 = ORIENTED_EDGE ( 'NONE', *, *, #8403, .F. ) ;
#10057 = LINE ( 'NONE', #749, #2348 ) ;
#10058 = ORIENTED_EDGE ( 'NONE', *, *, #6231, .T. ) ;
#10059 = DIRECTION ( 'NONE',  ( -1.000000000000000000, -0.000000000000000000, 0.000000000000000000 ) ) ;
#10060 = CARTESIAN_POINT ( 'NONE',  ( 461.9999999999998863, 429.6000000000000227, 43.08485080497851527 ) ) ;
#10061 = VERTEX_POINT ( 'NONE', #2440 ) ;
#10062 = CARTESIAN_POINT ( 'NONE',  ( 447.5000000000000000, 351.9938854097436547, -19.94615330014154253 ) ) ;
#10063 = CARTESIAN_POINT ( 'NONE',  ( 429.6526740142684275, 532.3604643982598645, 9.929720804978488857 ) ) ;
#10064 = EDGE_LOOP ( 'NONE', ( #8823, #3474, #7757, #6612 ) ) ;
#10065 =( BOUNDED_SURFACE ( )  B_SPLINE_SURFACE ( 3, 2, ( 
 ( #5823, #7314, #2720 ),
 ( #5043, #2768, #5879 ),
 ( #9018, #9686, #5090 ),
 ( #1898, #5927, #8101 ),
 ( #1169, #4331, #7467 ),
 ( #1009, #9065, #381 ),
 ( #8205, #4384, #1845 ),
 ( #3336, #3550, #6483 ),
 ( #2565, #7367, #5717 ),
 ( #8862, #1790, #4934 ),
 ( #228, #6539, #2618 ),
 ( #5770, #8916, #3799 ),
 ( #7521, #10042, #6171 ),
 ( #6842, #3751, #8448 ),
 ( #2243, #436, #6790 ),
 ( #8355, #4573, #4431 ),
 ( #5391, #8545, #9309 ),
 ( #8496, #2099, #1468 ),
 ( #2145, #9210, #9166 ),
 ( #3017, #5293, #1273 ),
 ( #6072, #3602, #484 ),
 ( #6743, #1371, #9895 ),
 ( #9945, #4479, #6118 ),
 ( #2868, #632, #2817 ),
 ( #5975, #8404, #6891 ),
 ( #9112, #2046, #1323 ),
 ( #4527, #6938, #7573 ),
 ( #5197, #531, #7621 ),
 ( #5340, #2968, #3647 ),
 ( #2921, #6028, #5246 ),
 ( #3700, #9996, #7673 ),
 ( #582, #9257, #2194 ),
 ( #1421, #7724, #10090 ),
 ( #3068, #2340, #8589 ),
 ( #4000, #9566, #7827 ),
 ( #3223, #6376, #3947 ),
 ( #6272, #4663, #834 ),
 ( #6323, #9408, #6423 ),
 ( #730, #7087, #7036 ),
 ( #9514, #2446, #5594 ),
 ( #3898, #3169, #1614 ),
 ( #7140, #5437, #2496 ),
 ( #5483, #1512, #5543 ),
 ( #10187, #3121, #9358 ),
 ( #8641, #8743, #1664 ),
 ( #5648, #1568, #10237 ) ),
 .UNSPECIFIED., .F., .F., .T. ) 
 B_SPLINE_SURFACE_WITH_KNOTS ( ( 4, 2, 2, 2, 2, 2, 2, 2, 2, 2, 2, 2, 2, 2, 2, 2, 2, 2, 2, 2, 2, 2, 4 ),
 ( 3, 3 ),
 ( -2.688821387764050996E-17, 0.003056912774464212116, 0.004585369161696331401, 0.006113825548928451120, 0.009170738323392690558, 0.01069919471062481114, 0.01222765109785693000, 0.01528456387232116943, 0.01604879206593723059, 0.01681302025955329002, 0.01834147664678540887, 0.01910570484040147177, 0.01986993303401753119, 0.02139838942124965004, 0.02292684580848176890, 0.02369107400209782832, 0.02407318809890585803, 0.02426424514730987289, 0.02428812727836037605, 0.02430006834388562589, 0.02431200940941087574, 0.02435977367151188205, 0.02445530219571388775 ),
 ( 0.000000000000000000, 1.000000000000000000 ),
 .UNSPECIFIED. ) 
 GEOMETRIC_REPRESENTATION_ITEM ( )  RATIONAL_B_SPLINE_SURFACE ( (
 ( 1.000000000000000000, 0.7071067811865442421, 1.000000000000000000),
 ( 1.000000000000000000, 0.7071067811865442421, 1.000000000000000000),
 ( 1.000000000000000000, 0.7071067811865443531, 1.000000000000000000),
 ( 1.000000000000000000, 0.7071067811865443531, 1.000000000000000000),
 ( 1.000000000000000000, 0.7071067811865475727, 1.000000000000000000),
 ( 1.000000000000000000, 0.7071067811865475727, 1.000000000000000000),
 ( 1.000000000000000000, 0.7071067811865442421, 1.000000000000000000),
 ( 1.000000000000000000, 0.7071067811865442421, 1.000000000000000000),
 ( 1.000000000000000000, 0.7071067811865507924, 1.000000000000000000),
 ( 1.000000000000000000, 0.7071067811865507924, 1.000000000000000000),
 ( 1.000000000000000000, 0.7071067811865442421, 1.000000000000000000),
 ( 1.000000000000000000, 0.7071067811865442421, 1.000000000000000000),
 ( 1.000000000000000000, 0.7071067811865442421, 1.000000000000000000),
 ( 1.000000000000000000, 0.7071067811865442421, 1.000000000000000000),
 ( 1.000000000000000000, 0.7071067811865442421, 1.000000000000000000),
 ( 1.000000000000000000, 0.7071067811865442421, 1.000000000000000000),
 ( 1.000000000000000000, 0.7071067811865573427, 1.000000000000000000),
 ( 1.000000000000000000, 0.7071067811865573427, 1.000000000000000000),
 ( 1.000000000000000000, 0.7071067811865509034, 1.000000000000000000),
 ( 1.000000000000000000, 0.7071067811865509034, 1.000000000000000000),
 ( 1.000000000000000000, 0.7071067811865507924, 1.000000000000000000),
 ( 1.000000000000000000, 0.7071067811865507924, 1.000000000000000000),
 ( 1.000000000000000000, 0.7071067811865539010, 1.000000000000000000),
 ( 1.000000000000000000, 0.7071067811865539010, 1.000000000000000000),
 ( 1.000000000000000000, 0.7071067811865443531, 1.000000000000000000),
 ( 1.000000000000000000, 0.7071067811865443531, 1.000000000000000000),
 ( 1.000000000000000000, 0.7071067811865441310, 1.000000000000000000),
 ( 1.000000000000000000, 0.7071067811865441310, 1.000000000000000000),
 ( 1.000000000000000000, 0.7071067811865507924, 1.000000000000000000),
 ( 1.000000000000000000, 0.7071067811865507924, 1.000000000000000000),
 ( 1.000000000000000000, 0.7071067811865442421, 1.000000000000000000),
 ( 1.000000000000000000, 0.7071067811865442421, 1.000000000000000000),
 ( 1.000000000000000000, 0.7071067811865444641, 1.000000000000000000),
 ( 1.000000000000000000, 0.7071067811865444641, 1.000000000000000000),
 ( 1.000000000000000000, 0.7071067811865442421, 1.000000000000000000),
 ( 1.000000000000000000, 0.7071067811865442421, 1.000000000000000000),
 ( 1.000000000000000000, 0.7071067811865442421, 1.000000000000000000),
 ( 1.000000000000000000, 0.7071067811865442421, 1.000000000000000000),
 ( 1.000000000000000000, 0.7071067811865507924, 1.000000000000000000),
 ( 1.000000000000000000, 0.7071067811865507924, 1.000000000000000000),
 ( 1.000000000000000000, 0.7071067811865442421, 1.000000000000000000),
 ( 1.000000000000000000, 0.7071067811865442421, 1.000000000000000000),
 ( 1.000000000000000000, 0.7071067811865440200, 1.000000000000000000),
 ( 1.000000000000000000, 0.7071067811865440200, 1.000000000000000000),
 ( 1.000000000000000000, 0.7071067811865442421, 1.000000000000000000),
 ( 1.000000000000000000, 0.7071067811865442421, 1.000000000000000000) ) ) 
 REPRESENTATION_ITEM ( '' )  SURFACE ( )  );
#10066 = CARTESIAN_POINT ( 'NONE',  ( 416.4184064614693170, 524.0366881030034847, 52.90915936149664844 ) ) ;
#10067 = CARTESIAN_POINT ( 'NONE',  ( 432.3779894425769612, 537.4284015947304169, -19.67815711814825619 ) ) ;
#10068 = EDGE_CURVE ( 'NONE', #7552, #7508, #8244, .T. ) ;
#10069 = DIRECTION ( 'NONE',  ( 0.000000000000000000, 1.000000000000000000, 0.000000000000000000 ) ) ;
#10070 = ORIENTED_EDGE ( 'NONE', *, *, #9472, .F. ) ;
#10071 = CYLINDRICAL_SURFACE ( 'NONE', #1564, 7.500000000000003553 ) ;
#10072 = CARTESIAN_POINT ( 'NONE',  ( 461.9999999999998863, 425.6000000000000227, -32.91514919502150605 ) ) ;
#10073 = EDGE_CURVE ( 'NONE', #4495, #7939, #989, .T. ) ;
#10074 = ORIENTED_EDGE ( 'NONE', *, *, #676, .F. ) ;
#10075 = AXIS2_PLACEMENT_3D ( 'NONE', #2664, #8961, #1112 ) ;
#10076 = DIRECTION ( 'NONE',  ( -0.000000000000000000, -0.000000000000000000, -1.000000000000000000 ) ) ;
#10077 = CARTESIAN_POINT ( 'NONE',  ( 441.5000000000001137, 375.4938854097437684, -0.2091084966484805241 ) ) ;
#10078 = ORIENTED_EDGE ( 'NONE', *, *, #5661, .T. ) ;
#10079 = EDGE_CURVE ( 'NONE', #2879, #7939, #4156, .T. ) ;
#10080 = VECTOR ( 'NONE', #4218, 1000.000000000000000 ) ;
#10081 = AXIS2_PLACEMENT_3D ( 'NONE', #6934, #10083, #4614 ) ;
#10082 = ADVANCED_FACE ( 'NONE', ( #4106, #6417 ), #1606, .F. ) ;
#10083 = DIRECTION ( 'NONE',  ( 1.000000000000000000, 0.000000000000000000, 0.000000000000000000 ) ) ;
#10084 = EDGE_CURVE ( 'NONE', #3693, #2871, #8844, .T. ) ;
#10085 = DIRECTION ( 'NONE',  ( -0.000000000000000000, -1.000000000000000000, 0.000000000000000000 ) ) ;
#10086 = CARTESIAN_POINT ( 'NONE',  ( 444.0000000000000568, 541.5759013437793783, -10.54331518007508173 ) ) ;
#10087 = AXIS2_PLACEMENT_3D ( 'NONE', #3598, #479, #2191 ) ;
#10088 = CARTESIAN_POINT ( 'NONE',  ( 429.6526740142684275, 554.7104643982598873, 9.929720804978485305 ) ) ;
#10089 = EDGE_CURVE ( 'NONE', #10210, #2277, #5252, .T. ) ;
#10090 = CARTESIAN_POINT ( 'NONE',  ( 445.3999999999999204, 298.7968658923123826, -24.91855703044789294 ) ) ;
#10091 = CYLINDRICAL_SURFACE ( 'NONE', #3634, 4.000000000000007105 ) ;
#10092 = VERTEX_POINT ( 'NONE', #7291 ) ;
#10093 = AXIS2_PLACEMENT_3D ( 'NONE', #616, #7804, #10069 ) ;
#10094 = CARTESIAN_POINT ( 'NONE',  ( 442.5999999999998522, 295.3501307404129648, -19.98027775427914676 ) ) ;
#10095 = DIRECTION ( 'NONE',  ( 0.000000000000000000, 0.000000000000000000, -1.000000000000000000 ) ) ;
#10096 = CARTESIAN_POINT ( 'NONE',  ( 444.0000000000175646, 548.2858909934938083, 8.118243958786189651 ) ) ;
#10097 = ORIENTED_EDGE ( 'NONE', *, *, #8501, .F. ) ;
#10098 = EDGE_CURVE ( 'NONE', #9694, #6283, #3938, .T. ) ;
#10099 = AXIS2_PLACEMENT_3D ( 'NONE', #1342, #2939, #4501 ) ;
#10100 = B_SPLINE_CURVE_WITH_KNOTS ( 'NONE', 3,
 ( #7469, #6120, #4529, #7674, #6698, #4432, #5248, #1324, #1223, #5929, #1275, #7623, #3702, #437, #6843, #9212, #8356, #9997, #2048, #8497, #8449, #1995, #2923, #7575, #1422 ),
 .UNSPECIFIED., .F., .F.,
 ( 4, 2, 2, 2, 2, 2, 2, 2, 2, 1, 2, 2, 4 ),
 ( 0.000000000000000000, 0.001571768492437646946, 0.002357652738656476708, 0.003143536984875306469, 0.004715305477312901374, 0.005501189723531750217, 0.006287073969750599060, 0.007858842462188429454, 0.008644726708407334675, 0.009430610954626239897, 0.01021649520084514685, 0.01100237944706405208, 0.01257414793950186772 ),
 .UNSPECIFIED. ) ;
#10101 = DIRECTION ( 'NONE',  ( 0.000000000000000000, 0.000000000000000000, 1.000000000000000000 ) ) ;
#10102 = CARTESIAN_POINT ( 'NONE',  ( 429.6526740142684275, 554.7104643982598873, 9.929720804978485305 ) ) ;
#10103 = CARTESIAN_POINT ( 'NONE',  ( 442.8765915829580422, 534.7900445399774298, -19.99889722623357713 ) ) ;
#10104 = ORIENTED_EDGE ( 'NONE', *, *, #4232, .F. ) ;
#10105 = ADVANCED_FACE ( 'NONE', ( #1718 ), #1966, .F. ) ;
#10106 = CARTESIAN_POINT ( 'NONE',  ( 448.5932000679999305, 307.2405601537220718, 25.91639599748756595 ) ) ;
#10107 = AXIS2_PLACEMENT_3D ( 'NONE', #6881, #3442, #7610 ) ;
#10108 = EDGE_LOOP ( 'NONE', ( #1023, #7898, #350, #945, #3921, #9213, #7577, #2596, #9534, #4161 ) ) ;
#10109 = DIRECTION ( 'NONE',  ( 0.000000000000000000, -0.8594864101130449408, -0.5111585965539371390 ) ) ;
#10110 = ORIENTED_EDGE ( 'NONE', *, *, #7766, .F. ) ;
#10111 = PLANE ( 'NONE',  #2536 ) ;
#10112 = CARTESIAN_POINT ( 'NONE',  ( 447.5000000000000000, 366.4938854097437115, -10.90910849664849813 ) ) ;
#10113 = VERTEX_POINT ( 'NONE', #9667 ) ;
#10114 = CARTESIAN_POINT ( 'NONE',  ( 449.5000000000000000, 446.6000000000000227, -6.760771534031310814 ) ) ;
#10115 = CARTESIAN_POINT ( 'NONE',  ( 448.9223957330291341, 295.7886940628309276, -24.39880863973608527 ) ) ;
#10116 = VECTOR ( 'NONE', #7848, 1000.000000000000000 ) ;
#10117 = VERTEX_POINT ( 'NONE', #8789 ) ;
#10118 = CIRCLE ( 'NONE', #6333, 4.825000000000001066 ) ;
#10119 = DIRECTION ( 'NONE',  ( 0.000000000000000000, 0.2325235526185131796, -0.9725907656757110109 ) ) ;
#10120 = FACE_OUTER_BOUND ( 'NONE', #1701, .T. ) ;
#10121 = CIRCLE ( 'NONE', #9970, 1.250000000000001110 ) ;
#10122 = DIRECTION ( 'NONE',  ( 0.000000000000000000, -0.2325235526185131796, 0.9725907656757110109 ) ) ;
#10124 = ORIENTED_EDGE ( 'NONE', *, *, #6129, .T. ) ;
#10123 = AXIS2_PLACEMENT_3D ( 'NONE', #4461, #9769, #7605 ) ;
#10125 = CARTESIAN_POINT ( 'NONE',  ( 444.1845349196217967, 428.0345349196218763, 1.905378015210527298 ) ) ;
#10126 = AXIS2_PLACEMENT_3D ( 'NONE', #2783, #188, #1134 ) ;
#10127 = DIRECTION ( 'NONE',  ( 0.000000000000000000, 1.000000000000000000, 0.000000000000000000 ) ) ;
#10128 = ORIENTED_EDGE ( 'NONE', *, *, #10138, .T. ) ;
#10129 = DIRECTION ( 'NONE',  ( 1.000000000000000000, 0.000000000000000000, 0.000000000000000000 ) ) ;
#10130 = CARTESIAN_POINT ( 'NONE',  ( 475.4999999999999432, 285.7438236647383292, 16.59122402630373116 ) ) ;
#10131 = VERTEX_POINT ( 'NONE', #2600 ) ;
#10132 = AXIS2_PLACEMENT_3D ( 'NONE', #1572, #3175, #7881 ) ;
#10133 = CONICAL_SURFACE ( 'NONE', #5347, 67.00318916304803452, 0.8507533688201530664 ) ;
#10134 = DIRECTION ( 'NONE',  ( 0.000000000000000000, 0.000000000000000000, 1.000000000000000000 ) ) ;
#10135 = CARTESIAN_POINT ( 'NONE',  ( 447.8680024664454891, 419.2819918842909033, 19.21818835872506526 ) ) ;
#10136 = CARTESIAN_POINT ( 'NONE',  ( 448.9999999999999432, 536.0886861333490288, 0.1778581151391607218 ) ) ;
#10137 = CARTESIAN_POINT ( 'NONE',  ( 445.4000000000000341, 294.0373824387597779, 21.80897644336522845 ) ) ;
#10138 = EDGE_CURVE ( 'NONE', #6756, #8281, #5258, .T. ) ;
#10139 = LINE ( 'NONE', #106, #8209 ) ;
#10140 = LINE ( 'NONE', #1513, #9383 ) ;
#10141 = ADVANCED_FACE ( 'NONE', ( #3163 ), #4968, .T. ) ;
#10142 = ORIENTED_EDGE ( 'NONE', *, *, #4775, .T. ) ;
#10143 = AXIS2_PLACEMENT_3D ( 'NONE', #7391, #140, #303 ) ;
#10144 = EDGE_CURVE ( 'NONE', #3408, #2075, #9003, .T. ) ;
#10145 = CARTESIAN_POINT ( 'NONE',  ( 442.5999999999997385, 298.7871973463141444, -24.91932423238092653 ) ) ;
#10146 = DIRECTION ( 'NONE',  ( -0.000000000000000000, -0.000000000000000000, 1.000000000000000000 ) ) ;
#10147 = CARTESIAN_POINT ( 'NONE',  ( 439.9999999999997726, 543.5560464687318927, 14.24495971846034870 ) ) ;
#10148 = ORIENTED_EDGE ( 'NONE', *, *, #4980, .T. ) ;
#10149 = EDGE_CURVE ( 'NONE', #9868, #5211, #7896, .T. ) ;
#10150 = LINE ( 'NONE', #3080, #8441 ) ;
#10151 = DIRECTION ( 'NONE',  ( 0.000000000000000000, -1.000000000000000000, 0.000000000000000000 ) ) ;
#10152 = CARTESIAN_POINT ( 'NONE',  ( 447.9999999999999432, 471.7837417176215808, -36.81036225997797118 ) ) ;
#10153 = DIRECTION ( 'NONE',  ( 0.000000000000000000, 0.9725907656757107889, 0.2325235526185136237 ) ) ;
#10154 = ORIENTED_EDGE ( 'NONE', *, *, #6083, .F. ) ;
#10155 = EDGE_CURVE ( 'NONE', #9190, #7961, #6631, .T. ) ;
#10156 = CARTESIAN_POINT ( 'NONE',  ( 426.9658691031849003, 537.4095900171280391, -19.68028653021538332 ) ) ;
#10157 = VERTEX_POINT ( 'NONE', #1206 ) ;
#10158 = CARTESIAN_POINT ( 'NONE',  ( 461.9999999999998863, 433.1000000000000227, -36.41514919502149183 ) ) ;
#10159 = ORIENTED_EDGE ( 'NONE', *, *, #1000, .T. ) ;
#10160 = CARTESIAN_POINT ( 'NONE',  ( 480.9999999999999432, 413.6000000000000227, 40.03443545679897397 ) ) ;
#10161 = DIRECTION ( 'NONE',  ( 1.000000000000000000, 0.000000000000000000, 0.000000000000000000 ) ) ;
#10162 = ORIENTED_EDGE ( 'NONE', *, *, #4924, .F. ) ;
#10163 = FACE_OUTER_BOUND ( 'NONE', #6439, .T. ) ;
#10164 = DIRECTION ( 'NONE',  ( 1.000000000000000000, 2.478716320810480276E-16, 0.000000000000000000 ) ) ;
#10165 = ORIENTED_EDGE ( 'NONE', *, *, #1487, .F. ) ;
#10166 = CIRCLE ( 'NONE', #759, 4.000000000000000000 ) ;
#10167 = DIRECTION ( 'NONE',  ( 0.000000000000000000, -1.000000000000000000, 0.000000000000000000 ) ) ;
#10168 = CARTESIAN_POINT ( 'NONE',  ( 442.5999999999999659, 296.1228751062957372, 16.27387480217103288 ) ) ;
#10169 = VECTOR ( 'NONE', #590, 1000.000000000000000 ) ;
#10170 = LINE ( 'NONE', #9389, #3199 ) ;
#10171 = PERSON_AND_ORGANIZATION ( #4277, #4175 ) ;
#10172 = ORIENTED_EDGE ( 'NONE', *, *, #4376, .F. ) ;
#10173 = CARTESIAN_POINT ( 'NONE',  ( 450.6427183301253763, 293.8440109278839714, 14.35633308015283482 ) ) ;
#10174 = CARTESIAN_POINT ( 'NONE',  ( 480.9999999999999432, 429.2186253693425897, 56.58485080497850817 ) ) ;
#10175 = ORIENTED_EDGE ( 'NONE', *, *, #5372, .T. ) ;
#10176 = DIRECTION ( 'NONE',  ( 0.000000000000000000, 1.000000000000000000, 0.000000000000000000 ) ) ;
#10177 = CARTESIAN_POINT ( 'NONE',  ( 442.5999999999998522, 295.3658684309371552, -20.34371669457662435 ) ) ;
#10178 = EDGE_LOOP ( 'NONE', ( #6761, #7889, #5314, #3626 ) ) ;
#10179 = CIRCLE ( 'NONE', #5738, 4.000000000000009770 ) ;
#10180 = DIRECTION ( 'NONE',  ( -1.000000000000000000, 0.000000000000000000, 0.000000000000000000 ) ) ;
#10181 = LINE ( 'NONE', #1328, #9538 ) ;
#10182 = LINE ( 'NONE', #3164, #2681 ) ;
#10183 = CARTESIAN_POINT ( 'NONE',  ( 443.9999999999999432, 538.8899563225709244, 34.01692291315411154 ) ) ;
#10184 = VECTOR ( 'NONE', #158, 1000.000000000000000 ) ;
#10185 = CARTESIAN_POINT ( 'NONE',  ( 445.3999999999999773, 295.4319010663257927, 25.56363644561018944 ) ) ;
#10186 = AXIS2_PLACEMENT_3D ( 'NONE', #2108, #7477, #2780 ) ;
#10187 = CARTESIAN_POINT ( 'NONE',  ( 451.3999999999999204, 297.9994680710518651, -30.87230968554186461 ) ) ;
#10188 = DIRECTION ( 'NONE',  ( 1.000000000000000000, 2.478716320810480276E-16, 0.000000000000000000 ) ) ;
#10189 = EDGE_LOOP ( 'NONE', ( #7813, #207, #8381, #3574 ) ) ;
#10190 = CARTESIAN_POINT ( 'NONE',  ( 442.5999999999998522, 296.3595393787189209, -23.29923538073115097 ) ) ;
#10191 = DIRECTION ( 'NONE',  ( 0.000000000000000000, 0.000000000000000000, 1.000000000000000000 ) ) ;
#10192 = EDGE_CURVE ( 'NONE', #7717, #9600, #7408, .T. ) ;
#10193 = CARTESIAN_POINT ( 'NONE',  ( 449.5000000000000000, 453.1000000000000796, -28.41514919502096603 ) ) ;
#10194 = ORIENTED_EDGE ( 'NONE', *, *, #3793, .T. ) ;
#10195 = LINE ( 'NONE', #900, #835 ) ;
#10196 = DIRECTION ( 'NONE',  ( 1.000000000000000000, 2.478716320810477810E-16, 0.000000000000000000 ) ) ;
#10197 = ADVANCED_FACE ( 'NONE', ( #1929 ), #1156, .F. ) ;
#10198 = VECTOR ( 'NONE', #7188, 1000.000000000000000 ) ;
#10199 = CARTESIAN_POINT ( 'NONE',  ( 451.3875031645239346, 421.6000000000001364, -2.904177466506512317 ) ) ;
#10200 = CYLINDRICAL_SURFACE ( 'NONE', #481, 8.000000000000035527 ) ;
#10201 = EDGE_LOOP ( 'NONE', ( #6257, #5070, #1190, #523 ) ) ;
#10202 = DIRECTION ( 'NONE',  ( 0.000000000000000000, 0.000000000000000000, -1.000000000000000000 ) ) ;
#10203 = EDGE_CURVE ( 'NONE', #4792, #5669, #8097, .T. ) ;
#10204 = EDGE_CURVE ( 'NONE', #85, #2739, #4363, .T. ) ;
#10205 = ORIENTED_EDGE ( 'NONE', *, *, #5251, .F. ) ;
#10206 = CARTESIAN_POINT ( 'NONE',  ( 447.4999999999999432, 368.9938854097437115, -0.2091084966484926810 ) ) ;
#10207 = ORIENTED_EDGE ( 'NONE', *, *, #8687, .T. ) ;
#10208 = FACE_OUTER_BOUND ( 'NONE', #3483, .T. ) ;
#10209 = CARTESIAN_POINT ( 'NONE',  ( 336.0902124738105385, 351.9938854097436547, -19.94615330014154253 ) ) ;
#10210 = VERTEX_POINT ( 'NONE', #7556 ) ;
#10211 = DIRECTION ( 'NONE',  ( 0.000000000000000000, 0.000000000000000000, -1.000000000000000000 ) ) ;
#10212 = EDGE_CURVE ( 'NONE', #965, #9181, #190, .T. ) ;
#10213 = AXIS2_PLACEMENT_3D ( 'NONE', #2461, #4012, #3033 ) ;
#10214 = CARTESIAN_POINT ( 'NONE',  ( 442.3730669589463673, 491.5668708588108871, 46.58485080497850106 ) ) ;
#10215 = EDGE_LOOP ( 'NONE', ( #9651, #5166, #10205 ) ) ;
#10216 = DIRECTION ( 'NONE',  ( 0.000000000000000000, 1.000000000000000000, -1.374084517793742623E-16 ) ) ;
#10217 = DIRECTION ( 'NONE',  ( 1.000000000000000000, 0.000000000000000000, 0.000000000000000000 ) ) ;
#10218 = FACE_OUTER_BOUND ( 'NONE', #10178, .T. ) ;
#10219 = AXIS2_PLACEMENT_3D ( 'NONE', #413, #7447, #6674 ) ;
#10220 = ORIENTED_EDGE ( 'NONE', *, *, #2767, .T. ) ;
#10221 = DIRECTION ( 'NONE',  ( 0.000000000000000000, 1.387778780781445922E-16, 1.000000000000000000 ) ) ;
#10222 = ORIENTED_EDGE ( 'NONE', *, *, #5176, .F. ) ;
#10223 = CARTESIAN_POINT ( 'NONE',  ( 450.1980010543890671, 294.3532754689913418, 14.78485181960586736 ) ) ;
#10224 = CARTESIAN_POINT ( 'NONE',  ( 413.9999999999999432, 536.0886861333490288, 36.95392536011551954 ) ) ;
#10225 = ORIENTED_EDGE ( 'NONE', *, *, #10037, .T. ) ;
#10226 = CARTESIAN_POINT ( 'NONE',  ( 441.0000000000000000, 361.9938854097435410, 56.58485080497861475 ) ) ;
#10227 = CARTESIAN_POINT ( 'NONE',  ( 442.5999999999999659, 296.8269637158967384, -15.06444091540881125 ) ) ;
#10228 = VERTEX_POINT ( 'NONE', #9931 ) ;
#10229 = EDGE_CURVE ( 'NONE', #1833, #6399, #4807, .T. ) ;
#10230 = FACE_OUTER_BOUND ( 'NONE', #2938, .T. ) ;
#10231 = CARTESIAN_POINT ( 'NONE',  ( 440.9999999999999432, 296.2496866996417566, 19.05852305657823464 ) ) ;
#10232 = AXIS2_PLACEMENT_3D ( 'NONE', #1318, #5920, #9840 ) ;
#10233 = DIRECTION ( 'NONE',  ( 1.000000000000000000, 0.000000000000000000, 0.000000000000000000 ) ) ;
#10234 = DIRECTION ( 'NONE',  ( -0.000000000000000000, 0.9725907656757096786, 0.2325235526185188695 ) ) ;
#10235 = CARTESIAN_POINT ( 'NONE',  ( 445.3999999999855959, 295.3591939224734233, 25.48801290320272628 ) ) ;
#10236 = FACE_OUTER_BOUND ( 'NONE', #5838, .T. ) ;
#10237 = CARTESIAN_POINT ( 'NONE',  ( 445.3999999999999204, 299.0895955159289201, -24.97181545781527845 ) ) ;
#10238 = CIRCLE ( 'NONE', #4031, 2.000000000000001776 ) ;
#10239 = B_SPLINE_CURVE_WITH_KNOTS ( 'NONE', 3,
 ( #2184, #5472, #6064, #5427 ),
 .UNSPECIFIED., .F., .F.,
 ( 4, 4 ),
 ( 0.5769230769230625500, 0.8461538461538374856 ),
 .UNSPECIFIED. ) ;
#10240 = VECTOR ( 'NONE', #1655, 1000.000000000000000 ) ;
#10241 = CARTESIAN_POINT ( 'NONE',  ( 413.9999999999998863, 549.4848054753457518, 13.05031138137574054 ) ) ;
#10242 = VERTEX_POINT ( 'NONE', #2085 ) ;
#10243 = CARTESIAN_POINT ( 'NONE',  ( 442.5999999999999091, 295.8177985692867082, -22.32185803305583960 ) ) ;
ENDSEC;
END-ISO-10303-21;
